{
"type": "FeatureCollection",
"name": "soi_boundaries",
"crs": { "type": "name", "properties": { "name": "urn:ogc:def:crs:OGC:1.3:CRS84" } },
"features": [
{ "type": "Feature", "properties": { "NAME": "Hupacasath First Nation", "SCALE": "1:250000" }, "geometry": { "type": "Polygon", "coordinates": [ [ [ -124.936789952775399, 48.979884979830871 ], [ -124.918526001826592, 48.978427975074759 ], [ -124.905159013710104, 48.981956972876503 ], [ -124.887580919656259, 48.997742003981983 ], [ -124.864838907458065, 49.008430949659257 ], [ -124.856291925689916, 49.005421049211741 ], [ -124.85596503648955, 49.001426982609182 ], [ -124.833220942871804, 48.993691006419468 ], [ -124.778548996338984, 48.984774951271255 ], [ -124.768104961728937, 48.979454001288907 ], [ -124.744612918254774, 48.973118058036967 ], [ -124.714439997157399, 49.002094008544439 ], [ -124.698838010710929, 48.994804056724824 ], [ -124.633895973057648, 49.003104967166585 ], [ -124.641693076914123, 49.022349943369704 ], [ -124.63973990585248, 49.09698901285774 ], [ -124.61710294674144, 49.110911966296669 ], [ -124.578606058869113, 49.106068052622661 ], [ -124.575470012561169, 49.109897936430528 ], [ -124.577285058145648, 49.131832012710177 ], [ -124.587020986446547, 49.149123976292458 ], [ -124.581680081605214, 49.152934990101429 ], [ -124.554466926920441, 49.142623940413237 ], [ -124.549759019212814, 49.131503986658402 ], [ -124.529130047781706, 49.121139980193213 ], [ -124.51386899743558, 49.124748043380436 ], [ -124.493209981409422, 49.118572004112131 ], [ -124.484221956940885, 49.11917501021076 ], [ -124.466887998583047, 49.114098059269317 ], [ -124.450828057425227, 49.117184051245538 ], [ -124.433685009631603, 49.1144180155895 ], [ -124.4290389255317, 49.120682010664225 ], [ -124.442259924909493, 49.134776982173442 ], [ -124.478034919380306, 49.145523042921084 ], [ -124.506819933590634, 49.158671950831668 ], [ -124.517181033011468, 49.168018025477558 ], [ -124.536347052271111, 49.173523035200802 ], [ -124.553719089664298, 49.195716986879383 ], [ -124.590629071677768, 49.221882037724633 ], [ -124.592337977686896, 49.225231006018873 ], [ -124.585670965467997, 49.239716048562137 ], [ -124.620461063706486, 49.251633018674546 ], [ -124.856888062853997, 49.35945897772222 ], [ -124.883041906951462, 49.378723043171419 ], [ -124.917075038229029, 49.416027017866568 ], [ -125.017104900974914, 49.493778037763803 ], [ -125.049286954927581, 49.51552204208437 ], [ -125.061165008563634, 49.50757599834003 ], [ -125.105796030232312, 49.487708936189037 ], [ -125.146873951795598, 49.500649033942253 ], [ -125.129851958597811, 49.484145985911084 ], [ -125.136749005308829, 49.4805829778958 ], [ -125.157973904907323, 49.485573052667249 ], [ -125.164665054259274, 49.489689047946015 ], [ -125.17534602396654, 49.491599987735704 ], [ -125.186995906494829, 49.490410042416379 ], [ -125.195283089750134, 49.494480051654783 ], [ -125.217924997111766, 49.490924943184176 ], [ -125.233855090355277, 49.492851015426965 ], [ -125.291787095179231, 49.48139995156523 ], [ -125.301810903630269, 49.481467985223475 ], [ -125.313034072071602, 49.471501004497178 ], [ -125.323142011005558, 49.469767941478494 ], [ -125.325737034029402, 49.479851037185419 ], [ -125.356567918552358, 49.475655004329639 ], [ -125.367026954452456, 49.482101942466592 ], [ -125.377151927067331, 49.502841942384009 ], [ -125.384956949959872, 49.505001035920856 ], [ -125.389220948910221, 49.526283047140616 ], [ -125.386184966592921, 49.540355974620553 ], [ -125.398581966443544, 49.549126049562759 ], [ -125.418868992558743, 49.551395059452872 ], [ -125.427520959827888, 49.555637047872608 ], [ -125.442687949343892, 49.543640009451657 ], [ -125.445366072157583, 49.535300996468862 ], [ -125.483536076113054, 49.520255939879988 ], [ -125.490296062302434, 49.507000060449514 ], [ -125.48319993143194, 49.497798992057653 ], [ -125.491248933482908, 49.491553940416935 ], [ -125.491088966892121, 49.485306058435292 ], [ -125.495231064810184, 49.47933201132701 ], [ -125.489242084145502, 49.473441982629822 ], [ -125.513457966919347, 49.481814961205316 ], [ -125.572563072464007, 49.46112397453242 ], [ -125.572173976676936, 49.450508051906894 ], [ -125.556495943669816, 49.438610015655613 ], [ -125.59419997445184, 49.423729039489558 ], [ -125.595703075473807, 49.418239949178975 ], [ -125.588722078256765, 49.409096041330507 ], [ -125.579146947468573, 49.405884039406203 ], [ -125.575569959935336, 49.392796038797904 ], [ -125.577041012446173, 49.383975945945522 ], [ -125.571114093489399, 49.380481939667419 ], [ -125.560539998651947, 49.37949404830448 ], [ -125.549376977337232, 49.371861034682027 ], [ -125.543801083995419, 49.371521059642909 ], [ -125.539970976219905, 49.364128027883531 ], [ -125.542504077407358, 49.358501059534532 ], [ -125.55053692724978, 49.353743960616789 ], [ -125.547112083997874, 49.346957992904208 ], [ -125.553038961977819, 49.339191031305226 ], [ -125.552124066167963, 49.332207058932248 ], [ -125.498839978550976, 49.311954013787691 ], [ -125.463546950155077, 49.304416944109512 ], [ -125.429535089301481, 49.308631938358779 ], [ -125.391846038340177, 49.303355996470707 ], [ -125.386711050921477, 49.296814039695434 ], [ -125.36984195219641, 49.291739981697035 ], [ -125.320999908953141, 49.260223020558328 ], [ -125.317231014481223, 49.248867016237689 ], [ -125.297324034364053, 49.248412949686134 ], [ -125.293701038904544, 49.234547002490828 ], [ -125.288474989898731, 49.230944960914918 ], [ -125.291023045033896, 49.227218940686861 ], [ -125.278092041203351, 49.219723001256455 ], [ -125.284781967836935, 49.20997594719482 ], [ -125.274551004396031, 49.203880053494856 ], [ -125.274475021006907, 49.200619017248457 ], [ -125.283507909475787, 49.198916953731882 ], [ -125.27951806098001, 49.192642003647187 ], [ -125.246390962233178, 49.193901005613093 ], [ -125.235900061254881, 49.197407002635543 ], [ -125.225600984695589, 49.193779029767278 ], [ -125.215469991495681, 49.194313054310662 ], [ -125.201248919842413, 49.182778018740336 ], [ -125.188927013452002, 49.187996029027261 ], [ -125.172522992074207, 49.183425946898005 ], [ -125.156906084823035, 49.196259045482385 ], [ -125.115715908501457, 49.181277963753018 ], [ -125.101324963188873, 49.169417953556255 ], [ -125.079962942979023, 49.165577034784839 ], [ -125.073524079588367, 49.158221984894944 ], [ -125.070083942871676, 49.146164021048705 ], [ -125.041008044954921, 49.142951967194143 ], [ -125.036163049660729, 49.13757302118541 ], [ -125.018874976610959, 49.12879597512935 ], [ -125.014136941651529, 49.117275047185345 ], [ -125.006911907518841, 49.113212949320932 ], [ -124.998604073868776, 49.101849012160329 ], [ -124.997261014568508, 49.092625025416176 ], [ -124.988259057048481, 49.085941028588046 ], [ -124.989402994980153, 49.077575943030482 ], [ -124.980225069954557, 49.074607936983305 ], [ -124.967286016711185, 49.07444799763423 ], [ -124.959769056158379, 49.06977802611204 ], [ -124.969809990670541, 49.067791044885539 ], [ -124.973837993573795, 49.05921898558492 ], [ -124.960311996105474, 49.045624024672044 ], [ -124.954482925774229, 49.043594060337227 ], [ -124.953492030704439, 49.040283022530367 ], [ -124.926605041334568, 49.024223000636042 ], [ -124.925614035680454, 49.016559974844093 ], [ -124.92935905049724, 49.013724984149889 ], [ -124.931052912700451, 48.996692948016971 ], [ -124.946366080549396, 48.989452054673244 ], [ -124.948777088979824, 48.984108013333888 ], [ -124.946312052609031, 48.981071010402502 ], [ -124.936789952775399, 48.979884979830871 ] ] ] } },
{ "type": "Feature", "properties": { "NAME": "Westbank First Nation", "SCALE": "1:250000" }, "geometry": { "type": "Polygon", "coordinates": [ [ [ -120.389236058576941, 50.117099035230559 ], [ -120.385442902691224, 50.07588999027233 ], [ -120.3592350429997, 49.988173952728005 ], [ -120.329784915345201, 49.841546940580372 ], [ -120.332627036505514, 49.655574062390777 ], [ -117.399019001719012, 49.650455007227805 ], [ -117.403305032008461, 49.700282966931027 ], [ -117.397445058276617, 49.839813016700788 ], [ -117.385652044008424, 49.888347009042718 ], [ -117.351171047932795, 49.943611954631393 ], [ -117.374653907278514, 50.110550977240329 ], [ -120.389236058576941, 50.117099035230559 ] ] ] } },
{ "type": "Feature", "properties": { "NAME": "Ktunaxa Kinbasket Treaty Council", "SCALE": "1:250000" }, "geometry": { "type": "Polygon", "coordinates": [ [ [ -116.201051928445438, 49.000600044429085 ], [ -115.170949091630462, 48.999599025350044 ], [ -114.068153931181527, 48.999036967993618 ], [ -114.072470079011026, 49.004724978989941 ], [ -114.058547943964015, 49.018173001124168 ], [ -114.054135950655137, 49.02617599922808 ], [ -114.061612926891129, 49.035814026108532 ], [ -114.062462982540779, 49.046227044554165 ], [ -114.077104040904828, 49.054003972710326 ], [ -114.080388005465693, 49.060330994290496 ], [ -114.088660960238315, 49.058390042055208 ], [ -114.099040073336127, 49.060486999970294 ], [ -114.115832050357767, 49.073836974263003 ], [ -114.131343045365554, 49.079162954190714 ], [ -114.132250915167148, 49.082649976525566 ], [ -114.147764024569298, 49.093263960637678 ], [ -114.153850904115131, 49.102771036683976 ], [ -114.150337024788101, 49.106471970925689 ], [ -114.149956912260691, 49.1183660198745 ], [ -114.157838016530775, 49.123876984947152 ], [ -114.166768972877932, 49.13554097089574 ], [ -114.14945702338099, 49.143806051172959 ], [ -114.17525904272371, 49.164180045397728 ], [ -114.196919037919983, 49.169583992624233 ], [ -114.204157016048185, 49.169463029716752 ], [ -114.211828990779793, 49.173076950325715 ], [ -114.223004928047843, 49.188893008474473 ], [ -114.229493967749988, 49.188716016184941 ], [ -114.239299095397996, 49.184451990863771 ], [ -114.246707006118143, 49.186492052945781 ], [ -114.256276061667478, 49.17703004779937 ], [ -114.270762905300089, 49.181592994061774 ], [ -114.281086909169915, 49.178778048775676 ], [ -114.288510913683226, 49.181048995482385 ], [ -114.294556052907424, 49.188225955019576 ], [ -114.311493945023713, 49.192516977968509 ], [ -114.317979944331256, 49.200019008318556 ], [ -114.334989057177935, 49.199522023914369 ], [ -114.347959046360771, 49.193442012763541 ], [ -114.356332031555311, 49.196558027556357 ], [ -114.360637085985303, 49.201811972409601 ], [ -114.380889007592657, 49.203622046577784 ], [ -114.402170977020646, 49.213298051612377 ], [ -114.396511017775538, 49.217002954900167 ], [ -114.396598896174837, 49.220820034565492 ], [ -114.405720061674884, 49.224209971939821 ], [ -114.401096000584744, 49.228559044020201 ], [ -114.403217912970945, 49.240212951568672 ], [ -114.380664041923254, 49.247340989456049 ], [ -114.38021805499784, 49.249543975306842 ], [ -114.387419929299583, 49.251093000334578 ], [ -114.393257959164998, 49.257135978267144 ], [ -114.411801913519952, 49.261574005168896 ], [ -114.431211074031069, 49.261324001125502 ], [ -114.439947918169338, 49.264874012309981 ], [ -114.44737601257772, 49.263715938559663 ], [ -114.450990951267485, 49.279989006443529 ], [ -114.446200053166294, 49.289149947707244 ], [ -114.453140042526499, 49.297535043139611 ], [ -114.47746891901312, 49.312193026227746 ], [ -114.485251982344181, 49.310663052183045 ], [ -114.491661078850072, 49.314527038628249 ], [ -114.492329051483068, 49.322493972074852 ], [ -114.478952986428553, 49.32624198324342 ], [ -114.484492923231173, 49.342294994283627 ], [ -114.492601030812963, 49.35154902865515 ], [ -114.501234074472023, 49.352942001011641 ], [ -114.50709902148769, 49.356513949011486 ], [ -114.517089080883892, 49.354210030322257 ], [ -114.524392010049667, 49.357165032303712 ], [ -114.524565061397027, 49.362755036390723 ], [ -114.531575943040579, 49.371837930441394 ], [ -114.525859969455922, 49.377581933284333 ], [ -114.53899907403337, 49.379617027525001 ], [ -114.545707067881295, 49.377456043785692 ], [ -114.567298092430974, 49.376895955392506 ], [ -114.575963951074129, 49.386407053216224 ], [ -114.573513998829611, 49.3894239694541 ], [ -114.584671064120414, 49.390952953239633 ], [ -114.591398055215066, 49.396571993081444 ], [ -114.592220051485342, 49.4042809646782 ], [ -114.598292955884475, 49.412035950271495 ], [ -114.597456910960929, 49.42068199620649 ], [ -114.601447102746846, 49.424542958587743 ], [ -114.598784076758236, 49.433898009055888 ], [ -114.605608903369031, 49.439060026170843 ], [ -114.598467903159985, 49.445452028861467 ], [ -114.598869016458934, 49.448815024454198 ], [ -114.603688982772283, 49.451848035788764 ], [ -114.597715912058703, 49.45883998290612 ], [ -114.59969397166897, 49.466951014244543 ], [ -114.593747942744073, 49.469687993586795 ], [ -114.596377079955786, 49.479152042797189 ], [ -114.594191037068143, 49.485457970081555 ], [ -114.598015995067357, 49.491097011044801 ], [ -114.59317197608614, 49.493560953193665 ], [ -114.596246953218923, 49.501540962398686 ], [ -114.585018976159191, 49.511876954990946 ], [ -114.583187092826407, 49.52017898659139 ], [ -114.572560050331049, 49.524940013537488 ], [ -114.573228071264722, 49.532645058539714 ], [ -114.569635084905528, 49.53764402177061 ], [ -114.573773918888165, 49.545619950750222 ], [ -114.573724927971028, 49.556107928508716 ], [ -114.588055916175605, 49.565269054934433 ], [ -114.592515030698635, 49.561502995005291 ], [ -114.60785897114225, 49.559680012225463 ], [ -114.618181052896418, 49.547055973976029 ], [ -114.630860058746464, 49.549053055551724 ], [ -114.639192023591733, 49.543132946559354 ], [ -114.65249506900453, 49.544212982106956 ], [ -114.663446056022877, 49.552000057408669 ], [ -114.685064087361837, 49.556563945799049 ], [ -114.695380979629334, 49.547719959283327 ], [ -114.696999908388733, 49.551234037116558 ], [ -114.708837084885005, 49.55710999689596 ], [ -114.714565983319162, 49.565904006432753 ], [ -114.725533092216907, 49.571580977173618 ], [ -114.72374797041914, 49.575764041597473 ], [ -114.732758983738393, 49.57655301805903 ], [ -114.737496996234995, 49.596428036705809 ], [ -114.747279031440868, 49.601908017579191 ], [ -114.746663038879277, 49.60714995707697 ], [ -114.753458079816653, 49.609593993704571 ], [ -114.747915030616369, 49.613920946379267 ], [ -114.74741200643895, 49.619425982529634 ], [ -114.722292092204526, 49.624241009437291 ], [ -114.716765006169027, 49.630798059703466 ], [ -114.70613791895309, 49.633557002510116 ], [ -114.705800071469582, 49.637201948274836 ], [ -114.702398902486237, 49.638232049543262 ], [ -114.699874965217077, 49.636535987113092 ], [ -114.697921077618602, 49.631279994289322 ], [ -114.690748928188981, 49.632693036134576 ], [ -114.6870850918108, 49.638115987044728 ], [ -114.680148010447368, 49.639505996698247 ], [ -114.680079059015412, 49.641555988799922 ], [ -114.674309105851535, 49.643445957227044 ], [ -114.667492096032831, 49.637399009348663 ], [ -114.661768959127571, 49.643211936766448 ], [ -114.65610702628048, 49.65957703774523 ], [ -114.657143914100843, 49.663080009002876 ], [ -114.670088957543783, 49.672337005076123 ], [ -114.664965935327203, 49.676857948138903 ], [ -114.670134966180669, 49.684148975011297 ], [ -114.670980956688297, 49.693135019407038 ], [ -114.647296044919827, 49.709496054575446 ], [ -114.646231069070396, 49.715457039109779 ], [ -114.638403080465068, 49.717797991065851 ], [ -114.632625046504486, 49.733890067010115 ], [ -114.64630398349837, 49.743200976909272 ], [ -114.641790036350102, 49.746977004583812 ], [ -114.659363902631412, 49.764579049437245 ], [ -114.649334916097587, 49.76807297653346 ], [ -114.641795026419913, 49.781485003958593 ], [ -114.636176085296668, 49.784753028391755 ], [ -114.642317066676426, 49.79448500980623 ], [ -114.641407017266459, 49.807203937810613 ], [ -114.647583009107279, 49.816846979718008 ], [ -114.640792959118173, 49.822106955586243 ], [ -114.639989995003887, 49.826902938931596 ], [ -114.662649007739034, 49.853574955873086 ], [ -114.661111891042509, 49.861209048864495 ], [ -114.663972965978985, 49.86363201123271 ], [ -114.671653976882169, 49.863643030497123 ], [ -114.673089980912138, 49.879215934214209 ], [ -114.692106979744651, 49.896400030964429 ], [ -114.687516046912606, 49.901561976515417 ], [ -114.689955050144178, 49.907646031156162 ], [ -114.686881927561288, 49.917425936053299 ], [ -114.691446957369237, 49.92510004176858 ], [ -114.689225090217207, 49.93660599894983 ], [ -114.694044004118894, 49.941937022129189 ], [ -114.684263909153643, 49.954030040567673 ], [ -114.682900034096349, 49.966172994708259 ], [ -114.65515602664567, 49.968017024561448 ], [ -114.651151006977287, 49.977516061598138 ], [ -114.654546894826012, 49.98685903075031 ], [ -114.652249992056937, 49.993343047448853 ], [ -114.668509034050587, 50.002217013223188 ], [ -114.659685069511852, 50.018374976094066 ], [ -114.661729967409329, 50.026871971165932 ], [ -114.658811982490079, 50.029726963675188 ], [ -114.66799097001774, 50.035103018053896 ], [ -114.666393969672583, 50.04069202029568 ], [ -114.677334019621412, 50.047253966504869 ], [ -114.66803806548252, 50.051142039015531 ], [ -114.665340105534412, 50.063545960451968 ], [ -114.679919905008902, 50.063443019702518 ], [ -114.69299996003447, 50.070710990382516 ], [ -114.69876290031705, 50.086387036169 ], [ -114.706056011924915, 50.089409973082759 ], [ -114.705105941097557, 50.094068934250572 ], [ -114.71074390760802, 50.100458976666509 ], [ -114.721040042855279, 50.105690061935128 ], [ -114.722408042893562, 50.111050957538751 ], [ -114.731966993596586, 50.114791001825154 ], [ -114.737175965816306, 50.120325942717152 ], [ -114.726743021490051, 50.141485032287243 ], [ -114.729383083791319, 50.151943961023868 ], [ -114.727406054725989, 50.161169997670328 ], [ -114.734399092846672, 50.169330994728483 ], [ -114.726537013889285, 50.182723038506857 ], [ -114.726441938521859, 50.189738029789865 ], [ -114.738460005118156, 50.199884966912443 ], [ -114.740670086630388, 50.211550053147121 ], [ -114.749988996314244, 50.214573027716476 ], [ -114.745842918165081, 50.221050036166979 ], [ -114.763567959556397, 50.233831941519654 ], [ -114.762928057792351, 50.23912705030218 ], [ -114.769129077821717, 50.242987960253735 ], [ -114.767933985182268, 50.246356013900254 ], [ -114.771124940968988, 50.249206021957868 ], [ -114.764665058471124, 50.265255063443774 ], [ -114.759293034909021, 50.271475049097063 ], [ -114.752928984869001, 50.273087965456902 ], [ -114.755559966980869, 50.298018009915417 ], [ -114.77023301826604, 50.302241059749868 ], [ -114.778110067256108, 50.299567017428757 ], [ -114.782086036319839, 50.300426056322799 ], [ -114.782502989999614, 50.31593199883369 ], [ -114.800298039186416, 50.32786402565786 ], [ -114.793405972921519, 50.335603985173293 ], [ -114.767082949363925, 50.349996962638848 ], [ -114.77047295046431, 50.359245019828933 ], [ -114.775726044835721, 50.362385988222485 ], [ -114.785402975977348, 50.362615950954847 ], [ -114.790720897013728, 50.358031043054538 ], [ -114.805792908202434, 50.365350029328603 ], [ -114.809899002841505, 50.37024002930054 ], [ -114.81781000340591, 50.370073938123838 ], [ -114.81921406166262, 50.372896951984643 ], [ -114.813727897279193, 50.378416020408082 ], [ -114.822333914737854, 50.385521048114825 ], [ -114.826638056322992, 50.393543970315271 ], [ -114.832922029143731, 50.390594008784255 ], [ -114.839587992260846, 50.393750035125073 ], [ -114.85660093093739, 50.392453941744272 ], [ -114.864525067457265, 50.395227053278035 ], [ -114.867064998749512, 50.401965010350992 ], [ -114.862457919897281, 50.408635931635978 ], [ -114.865229083518898, 50.414631954514498 ], [ -114.861025922515338, 50.423567043845409 ], [ -114.873667951503791, 50.429554947767222 ], [ -114.875676973637738, 50.439423020552297 ], [ -114.88882711297228, 50.435722948557952 ], [ -114.911435942455654, 50.450288949898095 ], [ -114.917870001298425, 50.460971982103601 ], [ -114.933275940697499, 50.474415044600555 ], [ -114.937328021707742, 50.486233989731197 ], [ -114.945099088554713, 50.488772003705698 ], [ -114.962241991729883, 50.503861059726411 ], [ -114.980543967913704, 50.534678953507367 ], [ -114.999309080509391, 50.550464986185389 ], [ -115.012838008272539, 50.567119978820941 ], [ -115.020348019836533, 50.58304196263564 ], [ -115.028831071684877, 50.583195042975504 ], [ -115.054469013112922, 50.571582973338046 ], [ -115.067304997287209, 50.584063944607749 ], [ -115.074170910086764, 50.585436992246727 ], [ -115.119622057288169, 50.569738942229087 ], [ -115.141520901721805, 50.573444993846422 ], [ -115.150045085881302, 50.57038794625857 ], [ -115.159578066568756, 50.57181605023186 ], [ -115.175216032756808, 50.567709017311778 ], [ -115.179162090274815, 50.559137031447221 ], [ -115.192152018850805, 50.554680038248648 ], [ -115.186229049864338, 50.543121012675343 ], [ -115.18809407599592, 50.539380967750091 ], [ -115.192383930694589, 50.53497795820082 ], [ -115.203840082676436, 50.532438993269061 ], [ -115.208488065407252, 50.528211017452271 ], [ -115.211636093565602, 50.528915985426899 ], [ -115.234219041250668, 50.549524963051525 ], [ -115.230030042674116, 50.555450975060516 ], [ -115.235190910147551, 50.565810032545684 ], [ -115.242576909520977, 50.571884971976992 ], [ -115.233276019849598, 50.57851600232496 ], [ -115.237276084473393, 50.585259028784272 ], [ -115.242808013201525, 50.589588018578347 ], [ -115.250865088151642, 50.589079985706199 ], [ -115.262101073498542, 50.596640963233895 ], [ -115.27300297116193, 50.598386037300003 ], [ -115.283445004425673, 50.606949939458794 ], [ -115.293105074086455, 50.609879973631408 ], [ -115.298621926962909, 50.615618043413022 ], [ -115.299498958186604, 50.625406988964357 ], [ -115.311186029304622, 50.62793296909858 ], [ -115.31234700672745, 50.637770941660548 ], [ -115.288686065307957, 50.638164056311858 ], [ -115.282536018079909, 50.64663504171731 ], [ -115.276468985652883, 50.648156044391278 ], [ -115.29765699331503, 50.681869971202552 ], [ -115.298849915556076, 50.689199028200989 ], [ -115.294704964892659, 50.697682942488989 ], [ -115.303519938415945, 50.701013043204483 ], [ -115.310255959493773, 50.70863894824236 ], [ -115.314200915758022, 50.715154040565771 ], [ -115.312462907143853, 50.720542996365275 ], [ -115.316435909660427, 50.725133006496876 ], [ -115.321249030290645, 50.726434943004101 ], [ -115.327363086092788, 50.722258999453693 ], [ -115.337273095217569, 50.723678015615803 ], [ -115.34271096607543, 50.721732035844425 ], [ -115.354590081519476, 50.72197194848237 ], [ -115.371720979704719, 50.717014040774977 ], [ -115.371178052243792, 50.714273046851915 ], [ -115.378489943741087, 50.710508016338466 ], [ -115.376580066589455, 50.707981027761832 ], [ -115.379640956405026, 50.705072990685714 ], [ -115.387307927180075, 50.707806037870405 ], [ -115.39244195895931, 50.705952037433953 ], [ -115.406045933197348, 50.712408008994139 ], [ -115.412267042669328, 50.710649015776646 ], [ -115.416359930049992, 50.711945989926441 ], [ -115.41792309197352, 50.720636957245027 ], [ -115.412986924129669, 50.723725978377651 ], [ -115.411917957631957, 50.728523041546033 ], [ -115.413871026313572, 50.73406300577691 ], [ -115.420837066755595, 50.736334047132551 ], [ -115.436912927057293, 50.756201999450049 ], [ -115.449542938087092, 50.754140050610971 ], [ -115.460977039816186, 50.75697094051926 ], [ -115.469247105540163, 50.752475968726088 ], [ -115.482177934176235, 50.755496056805512 ], [ -115.485345023424841, 50.763685027096706 ], [ -115.483269024460284, 50.769575962044392 ], [ -115.504030984713779, 50.785564058037998 ], [ -115.515203087905732, 50.786696049776126 ], [ -115.517491101875478, 50.780753989201969 ], [ -115.521590998528922, 50.782092026513297 ], [ -115.532492906783915, 50.788669010625753 ], [ -115.536841007143693, 50.795719964809045 ], [ -115.549159015996537, 50.797034005455963 ], [ -115.553803084033348, 50.802901953966376 ], [ -115.56013809764886, 50.804113006394942 ], [ -115.562377976210442, 50.812531962270555 ], [ -115.566549967834902, 50.814876010240745 ], [ -115.562131054373097, 50.826109016729689 ], [ -115.567552070837081, 50.843820033175454 ], [ -115.58200497443778, 50.841254030491619 ], [ -115.607035075338686, 50.845935066092224 ], [ -115.624885917889245, 50.834491987897103 ], [ -115.643110048784862, 50.8407569530819 ], [ -115.644728068309178, 50.85795298849353 ], [ -115.651390948038582, 50.866331025454841 ], [ -115.649186040384038, 50.874282995864753 ], [ -115.632235006946445, 50.879922063524944 ], [ -115.617414071471686, 50.880205984825423 ], [ -115.612975045420271, 50.885594027177198 ], [ -115.600026051188237, 50.88693197095651 ], [ -115.596144038069212, 50.892138006360796 ], [ -115.592025053718629, 50.892951994167632 ], [ -115.579758957428197, 50.8894929551236 ], [ -115.56323909311709, 50.894524962852103 ], [ -115.578920044748074, 50.913314981492761 ], [ -115.584908934566428, 50.916113013572193 ], [ -115.598279070744312, 50.917659041523862 ], [ -115.609645906387783, 50.926240027442489 ], [ -115.605967029955238, 50.934136998212196 ], [ -115.597745940669128, 50.940566961930074 ], [ -115.61231995010462, 50.947323995677721 ], [ -115.615039087166906, 50.952132016100457 ], [ -115.612241935843798, 50.958528979075247 ], [ -115.624700935660613, 50.96820001370007 ], [ -115.629169933173856, 50.980879029468994 ], [ -115.637268016012612, 50.982636980916276 ], [ -115.652448960553642, 51.00006201965094 ], [ -115.66118106438725, 51.002699021591944 ], [ -115.664918915508963, 50.999558007769835 ], [ -115.67121190672411, 50.99929696847196 ], [ -115.680312931115765, 51.009057995628964 ], [ -115.691106970750354, 51.015511004854574 ], [ -115.694256056387914, 51.029800026890605 ], [ -115.707527952890416, 51.021754966841911 ], [ -115.714451932482447, 51.021471990338483 ], [ -115.718764099017392, 51.018649952875428 ], [ -115.724816091352622, 51.019463009136636 ], [ -115.741093016031797, 51.024927046649474 ], [ -115.737271072056046, 51.031225946870229 ], [ -115.743857989424313, 51.035011031666698 ], [ -115.750628929033724, 51.031953958566959 ], [ -115.76972501824693, 51.041130963201773 ], [ -115.775465998395205, 51.059284997575411 ], [ -115.763379917681277, 51.062458996303697 ], [ -115.761033952802677, 51.072828944754107 ], [ -115.755123077693113, 51.076039957624971 ], [ -115.759194030135447, 51.076487981815617 ], [ -115.778048025021818, 51.067991001354194 ], [ -115.791332967989348, 51.074090947835273 ], [ -115.804571966685629, 51.071106969559459 ], [ -115.814277967952208, 51.087832978445583 ], [ -115.827198106164204, 51.084545976104685 ], [ -115.835089927100924, 51.077305053631946 ], [ -115.844100074444981, 51.077781022963791 ], [ -115.849037904083559, 51.083602985853076 ], [ -115.860067976112589, 51.080969010399869 ], [ -115.870012971867581, 51.091182043884224 ], [ -115.884736086980709, 51.087573015980752 ], [ -115.896372021633667, 51.087630028453241 ], [ -115.901843966822796, 51.095316049963039 ], [ -115.907020010096289, 51.090212038372655 ], [ -115.90574589554393, 51.083680018835835 ], [ -115.925105912334658, 51.083725034582649 ], [ -115.934484967962675, 51.098037053683747 ], [ -115.949438016675018, 51.099332956176951 ], [ -115.95858599943935, 51.115537947293205 ], [ -115.969635925483374, 51.116552942014415 ], [ -115.968779035535718, 51.1223189947412 ], [ -115.991148094357186, 51.12726194697747 ], [ -116.001750091891608, 51.125347947021197 ], [ -116.013822919894054, 51.13081902417963 ], [ -116.01624299998025, 51.140002936281832 ], [ -116.011953008582125, 51.144795976621317 ], [ -116.009068067937093, 51.158008060969806 ], [ -116.02105090495489, 51.158730013674571 ], [ -116.038314947502315, 51.171605931764603 ], [ -116.025656988062366, 51.177642976699516 ], [ -116.022906019747992, 51.188689966800894 ], [ -116.007185060511247, 51.191776943119969 ], [ -116.000909072243644, 51.19611197047147 ], [ -116.008170097679667, 51.211173003854633 ], [ -116.003654977361407, 51.217411983679327 ], [ -116.009434094023234, 51.223701031732986 ], [ -116.01859102494474, 51.225432943116004 ], [ -116.028165031017053, 51.221664065107277 ], [ -116.050797017108948, 51.229008058118509 ], [ -116.06712101177024, 51.249714025169062 ], [ -116.077303959425421, 51.250657988647731 ], [ -116.080556058647559, 51.252878022538191 ], [ -116.102375944772788, 51.253083035814512 ], [ -116.143980909632674, 51.265848950156716 ], [ -116.155005947191569, 51.264921939176425 ], [ -116.159828076338911, 51.277158991123756 ], [ -116.153339940593938, 51.2885059305314 ], [ -116.15920997863978, 51.291399024466436 ], [ -116.163321919288833, 51.298711988099498 ], [ -116.175265914096414, 51.298994042988241 ], [ -116.182492002360135, 51.296751940043535 ], [ -116.18949499912371, 51.303076962946413 ], [ -116.220997006677024, 51.292869000959762 ], [ -116.228557004599907, 51.303044015257598 ], [ -116.246084013105474, 51.303229970475648 ], [ -116.269061014806823, 51.31337500083287 ], [ -116.276038973446418, 51.321286953716182 ], [ -116.276260966841789, 51.329056981737523 ], [ -116.28795907446893, 51.33553995043841 ], [ -116.291546034506041, 51.344042051244003 ], [ -116.279560963173822, 51.355693932239426 ], [ -116.279776899163295, 51.36302401778488 ], [ -116.296675086128857, 51.367281036106554 ], [ -116.304003072229264, 51.372872983861065 ], [ -116.312642921779229, 51.385882022475464 ], [ -116.294606068289468, 51.398183980095318 ], [ -116.294942992013446, 51.404300059529085 ], [ -116.283691925137134, 51.408475991188709 ], [ -116.295860974209248, 51.431560058505909 ], [ -116.286844979288574, 51.436901023863875 ], [ -116.289127989253572, 51.450169031682499 ], [ -116.285831898459946, 51.451110992877936 ], [ -116.285684958450048, 51.457782026820752 ], [ -116.295293060216451, 51.463810948147959 ], [ -116.30871400457626, 51.464439995676209 ], [ -116.316333086283819, 51.467073990512503 ], [ -116.322419923411189, 51.464366985887388 ], [ -116.336898985141488, 51.465547044912157 ], [ -116.347545066436567, 51.471082026941303 ], [ -116.362402018433087, 51.47326796193456 ], [ -116.370126900464825, 51.484243995726359 ], [ -116.382720090981252, 51.491307012384013 ], [ -116.396605979965074, 51.507563970331987 ], [ -116.398254061016317, 51.512671031241794 ], [ -116.394927958388962, 51.523336051262788 ], [ -116.384566046027871, 51.53064698035773 ], [ -116.395140099472442, 51.545412006750801 ], [ -116.403332043442674, 51.546434061760927 ], [ -116.417259017090004, 51.553508997651335 ], [ -116.430249936774473, 51.55390500674676 ], [ -116.443111081321746, 51.557887027479204 ], [ -116.446141012737016, 51.561390010233083 ], [ -116.452029928347358, 51.559908007172041 ], [ -116.465961013995781, 51.565151036000067 ], [ -116.474793048773478, 51.586258025332945 ], [ -116.46618204799843, 51.589429998739341 ], [ -116.467714980213117, 51.592871001349394 ], [ -116.478545014187802, 51.606488030491697 ], [ -116.486347981711646, 51.611180041079443 ], [ -116.491847944103114, 51.61133905737735 ], [ -116.490078027231178, 51.61593496186768 ], [ -116.504257988494686, 51.62951001660219 ], [ -116.519917076365331, 51.631139962649698 ], [ -116.533576935105813, 51.640286029750229 ], [ -116.543857964938397, 51.638293992143048 ], [ -116.559935912681865, 51.641781036149709 ], [ -116.570660928643846, 51.646227017396825 ], [ -116.571502038225319, 51.652083027309942 ], [ -116.584350081576119, 51.653873950499261 ], [ -116.595935039783939, 51.66135005121388 ], [ -116.597719961802568, 51.665429058960989 ], [ -116.588879919205894, 51.67083903714552 ], [ -116.592405052655039, 51.677702980889443 ], [ -116.586401907644401, 51.685746999603559 ], [ -116.582120930369655, 51.687206012158327 ], [ -116.591156960001896, 51.694188949395361 ], [ -116.582024068516489, 51.697752960634446 ], [ -116.586079993374526, 51.70197494714045 ], [ -116.58646398249526, 51.713809037812844 ], [ -116.596658958874784, 51.718152046105644 ], [ -116.600011955208799, 51.723666042723636 ], [ -116.615991042122317, 51.724169053353855 ], [ -116.627380010705338, 51.728351000135625 ], [ -116.629590903213057, 51.744767034928856 ], [ -116.640790981540334, 51.751625965383816 ], [ -116.649124011913656, 51.75128301341114 ], [ -116.651802975023543, 51.75322401139973 ], [ -116.652844091081661, 51.766758959321535 ], [ -116.644877913163526, 51.786525012269365 ], [ -116.656033064122155, 51.793328965080725 ], [ -116.655435920300249, 51.801310978658933 ], [ -116.659893070913938, 51.804542976620759 ], [ -116.668502932013922, 51.80514298892605 ], [ -116.681119085226825, 51.813665953271745 ], [ -116.698394982617742, 51.803030027526482 ], [ -116.710422938716732, 51.802260044065044 ], [ -116.715825009648071, 51.798873963765359 ], [ -116.729474081744584, 51.80560495387693 ], [ -116.749653103341174, 51.804956959392307 ], [ -116.755700967649517, 51.799466978851591 ], [ -116.761485991818532, 51.785956008385028 ], [ -116.766500072451478, 51.78351203977541 ], [ -116.773334029975402, 51.773813995138902 ], [ -116.78259693934379, 51.770378957038645 ], [ -116.786440958814907, 51.763499011964122 ], [ -116.793366091076848, 51.763799056145224 ], [ -116.807770973476821, 51.749895960034834 ], [ -116.812793023453139, 51.740436038625198 ], [ -116.821291087038091, 51.737679992035879 ], [ -116.801221067151261, 51.723963030272316 ], [ -116.80125990894706, 51.718279947829892 ], [ -116.810585916355834, 51.710535946329351 ], [ -116.810824963673014, 51.705286035672962 ], [ -116.821166088232289, 51.7068300381762 ], [ -116.822417956318802, 51.70502505516437 ], [ -116.83657497734616, 51.70387701447315 ], [ -116.850071020448382, 51.705648010513684 ], [ -116.856284037135183, 51.709026969476312 ], [ -116.868380062282398, 51.705103059932718 ], [ -116.88330108896956, 51.704580013154931 ], [ -116.885680894029008, 51.702127034486871 ], [ -116.902407064085736, 51.702970061201192 ], [ -116.918389079042811, 51.707620944816298 ], [ -116.922033003881424, 51.709557036577934 ], [ -116.918842065042526, 51.713574065309579 ], [ -116.928026997700314, 51.716924998449223 ], [ -116.931018062392212, 51.720801991945343 ], [ -116.927886988719436, 51.723658941803635 ], [ -116.928921970158328, 51.728371054650921 ], [ -116.945174909389891, 51.733892000494549 ], [ -116.947553972842115, 51.743054964244863 ], [ -116.956214961679052, 51.742797992168164 ], [ -116.963765102496197, 51.755621963662449 ], [ -116.969488088374192, 51.75556101524694 ], [ -116.977019970680828, 51.759932026409345 ], [ -116.973367043419159, 51.762036059003286 ], [ -116.974609029536211, 51.769929958005221 ], [ -116.964430975315452, 51.774738010289383 ], [ -116.968223039999927, 51.782777052700915 ], [ -116.965344083550789, 51.794573070008667 ], [ -116.976184944226489, 51.804043031727289 ], [ -116.985002036479798, 51.806122057019941 ], [ -116.991556911687596, 51.811723938636156 ], [ -116.98659492364294, 51.815355949188479 ], [ -116.985911919900758, 51.819825029687685 ], [ -116.989682962243961, 51.822945029246547 ], [ -116.987853918010245, 51.826721007908759 ], [ -116.982062951028638, 51.829066942491963 ], [ -116.981073969064823, 51.835127027160766 ], [ -117.008258026887162, 51.836468056245735 ], [ -117.021032040528056, 51.842616014985836 ], [ -117.035093903768711, 51.855623036394121 ], [ -117.039534997899324, 51.869584954529849 ], [ -117.019601970213273, 51.891249956901397 ], [ -117.087379026235666, 51.937279938074077 ], [ -117.09745105427676, 51.940168068678361 ], [ -117.103992041606389, 51.957092007441723 ], [ -117.122822907453497, 51.956993039897995 ], [ -117.133158972564175, 51.967978044264342 ], [ -117.14862096221367, 51.973227969271456 ], [ -117.164615025851944, 51.972118961822922 ], [ -117.170377894306796, 51.975276055217385 ], [ -117.181587047513673, 51.974988939837623 ], [ -117.196816900225684, 51.978902975859377 ], [ -117.197668035235921, 51.986912048765483 ], [ -117.202192004452982, 51.992235981151964 ], [ -117.21689407409788, 51.996777055409687 ], [ -117.22413506812336, 52.005881041890554 ], [ -117.236313052890367, 52.011090011026305 ], [ -117.235686065018854, 52.016610993881486 ], [ -117.225532061233267, 52.01711703784818 ], [ -117.221260056693268, 52.0197319560843 ], [ -117.216564998861813, 52.025136002484842 ], [ -117.216967086713396, 52.02984604545896 ], [ -117.234008068872171, 52.041339979808846 ], [ -117.245058012492976, 52.035707010803101 ], [ -117.257325932360914, 52.039700014023666 ], [ -117.270328011718647, 52.048867983856312 ], [ -117.268751944771964, 52.055948031144204 ], [ -117.295300972180598, 52.065487029163144 ], [ -117.305895911183526, 52.07463001967151 ], [ -117.293324007625188, 52.082160999210984 ], [ -117.291960908037112, 52.085633935345506 ], [ -117.296201958245774, 52.091386955731103 ], [ -117.323852035607572, 52.103657984870459 ], [ -117.350353012055365, 52.112185953244435 ], [ -117.383070056469151, 52.118775974682137 ], [ -117.404881037805708, 52.122526977108933 ], [ -117.429779101964584, 52.123395006250178 ], [ -117.502879982872543, 52.12214993653636 ], [ -117.943145093799401, 52.123275013474824 ], [ -118.245058987976719, 52.127166009910326 ], [ -118.424284943379291, 52.136609977656725 ], [ -118.466255048309435, 52.135139003485783 ], [ -118.499257004170545, 52.131103025208944 ], [ -118.505854980123033, 52.126171962636263 ], [ -118.514783954399874, 52.127532003643879 ], [ -118.519933961655468, 52.118321955285545 ], [ -118.53440196366202, 52.107893028565648 ], [ -118.56309402734631, 52.096133029627666 ], [ -118.578068928787658, 52.086941031920404 ], [ -118.575906914468192, 52.078176035582381 ], [ -118.567343942293732, 52.074954951967428 ], [ -118.568093938451995, 52.069288977980889 ], [ -118.57284606301036, 52.064577017550704 ], [ -118.59164908060346, 52.055495068248561 ], [ -118.597500003196188, 52.048194941207768 ], [ -118.596427998139305, 52.040216063699432 ], [ -118.569410057979951, 51.99443299536815 ], [ -118.56919293178639, 51.970725040993329 ], [ -118.579529965093215, 51.948790060877478 ], [ -118.57520901470059, 51.940089981549903 ], [ -118.574149047164568, 51.911052051948168 ], [ -118.582196992029495, 51.888949009153237 ], [ -118.608141039945991, 51.869507960097756 ], [ -118.622355014519769, 51.85037496702639 ], [ -118.653314023714927, 51.828659972065637 ], [ -118.649213064265282, 51.824850964770214 ], [ -118.663202993218846, 51.81700198065446 ], [ -118.678136922373099, 51.790163932160951 ], [ -118.686500938376554, 51.781536937178153 ], [ -118.683486024279119, 51.778459985715408 ], [ -118.68557790271349, 51.775076018829182 ], [ -118.682427952432874, 51.759753951788397 ], [ -118.675078093922053, 51.757699946181958 ], [ -118.668691940049314, 51.749958989188535 ], [ -118.671463005333294, 51.745737962726238 ], [ -118.669269054388735, 51.730635026739094 ], [ -118.658255079285595, 51.708248019518528 ], [ -118.662929977215015, 51.705087955519566 ], [ -118.671522042389554, 51.706125978894889 ], [ -118.677748976818847, 51.703078969491841 ], [ -118.661997057543388, 51.700543038633718 ], [ -118.655998107947667, 51.670997951950497 ], [ -118.640542090186386, 51.65789706182067 ], [ -118.636573985596144, 51.657736031368422 ], [ -118.640058942890349, 51.653739966476877 ], [ -118.627314024856815, 51.650679993690296 ], [ -118.631964946430742, 51.645328032939801 ], [ -118.623131998121551, 51.633554016090834 ], [ -118.628173899870518, 51.629887052814183 ], [ -118.628206040425084, 51.626344065379556 ], [ -118.616718944026573, 51.603572011753421 ], [ -118.601383082309596, 51.588774004711482 ], [ -118.586538919458818, 51.58037899714185 ], [ -118.586521027175436, 51.576557022969737 ], [ -118.581887950108992, 51.576134054474501 ], [ -118.551898923468997, 51.552840049688214 ], [ -118.533080092233561, 51.541819953823932 ], [ -118.527188990068481, 51.535143008631252 ], [ -118.530247929803195, 51.532216978906419 ], [ -118.52429205108325, 51.531718962568355 ], [ -118.518698032368178, 51.527402942836936 ], [ -118.522110043585059, 51.525542964846423 ], [ -118.520289035043078, 51.52105199517505 ], [ -118.512885972137369, 51.51516801220113 ], [ -118.500924966599896, 51.495457035871716 ], [ -118.485131895161587, 51.480704053787179 ], [ -118.483940969978505, 51.475539036265452 ], [ -118.492561046038233, 51.472713969746273 ], [ -118.487880990168804, 51.471820056024164 ], [ -118.47890491878988, 51.474756986970711 ], [ -118.473738922048057, 51.466388028037962 ], [ -118.475345063786989, 51.46082794979381 ], [ -118.484427075354958, 51.459014030428051 ], [ -118.475134053210454, 51.450714035639535 ], [ -118.469441904316028, 51.433907018664904 ], [ -118.477375085421087, 51.418007027569551 ], [ -118.464287913571653, 51.397344945448225 ], [ -118.457458081394577, 51.3968450275934 ], [ -118.439467044462461, 51.383767957154006 ], [ -118.417610009902418, 51.359628954972351 ], [ -118.380235940253357, 51.337621034159845 ], [ -118.380873966683211, 51.33402502101135 ], [ -118.391364986837885, 51.331544980236153 ], [ -118.369931005701403, 51.333406952147158 ], [ -118.367692007913192, 51.330033979035036 ], [ -118.326160001296159, 51.311941981282551 ], [ -118.322758919442052, 51.308402027185487 ], [ -118.306891968178974, 51.303903970941903 ], [ -118.261946937270565, 51.275171050451526 ], [ -118.225694900404079, 51.224173050102742 ], [ -118.218527897408066, 51.195732007214971 ], [ -118.21246691360966, 51.187296939418658 ], [ -118.215476096584283, 51.168416985250559 ], [ -118.213662911111385, 51.1450999679737 ], [ -118.209290904608565, 51.143014005086556 ], [ -118.190828950941167, 51.103878038466412 ], [ -118.184849030143255, 51.080045061016307 ], [ -118.185950937779367, 51.070664041241329 ], [ -118.1958920392415, 51.058196961245052 ], [ -118.194757912429978, 51.049630040370744 ], [ -118.210471935295104, 51.046553975742256 ], [ -118.215160910898064, 51.043645950201253 ], [ -118.217073916459, 51.039345039748419 ], [ -118.214081001019338, 51.026354989722847 ], [ -118.219793976607178, 51.020180014664007 ], [ -118.23682909432506, 51.012554997787554 ], [ -118.238182983301769, 51.005589060736611 ], [ -118.236147991797665, 51.004073057064808 ], [ -118.234183060567915, 51.006314963138038 ], [ -118.222160028874114, 51.006027939315508 ], [ -118.217177009380151, 51.003543956591571 ], [ -118.213664064729997, 50.994560023967637 ], [ -118.219510938805385, 50.986559037631601 ], [ -118.213699050093751, 50.982761033734825 ], [ -118.210107103063621, 50.974497944434468 ], [ -118.212465092909909, 50.960542986566843 ], [ -118.210336032429751, 50.955898020934306 ], [ -118.189706080705392, 50.940336046838105 ], [ -118.181481064056754, 50.926381946547302 ], [ -118.169586934083938, 50.919612970003932 ], [ -118.16776202547706, 50.912103965834156 ], [ -118.157633053644972, 50.903454958455804 ], [ -118.156694933141225, 50.896018004310328 ], [ -118.136248968435041, 50.881514935858917 ], [ -118.12399899420835, 50.856236996661949 ], [ -118.113613043875233, 50.853872950452327 ], [ -118.1140580093289, 50.849894006093002 ], [ -118.094396053179622, 50.838317015422447 ], [ -118.079235040790067, 50.836146984356276 ], [ -118.075706933070578, 50.827257958374936 ], [ -118.062638940692139, 50.8157860166123 ], [ -118.058147928201535, 50.813012046581029 ], [ -118.042979056044359, 50.810720046614421 ], [ -118.033004012479083, 50.803803004294004 ], [ -118.031294035920823, 50.798323993537437 ], [ -118.018109978076581, 50.791739987002593 ], [ -118.017280946177507, 50.786216044879261 ], [ -118.01964008276795, 50.79098006278933 ], [ -118.020812995361197, 50.788802057890365 ], [ -118.020595075542346, 50.77553905224628 ], [ -118.00395400143492, 50.76141200048832 ], [ -117.999969944319702, 50.753468964766057 ], [ -117.992262006039269, 50.746961043427618 ], [ -117.986139949668683, 50.730825055217231 ], [ -117.984076087641526, 50.721562054991438 ], [ -117.990939932664801, 50.716538944925929 ], [ -117.987780069495869, 50.7009989988642 ], [ -117.943469995177495, 50.663512990477891 ], [ -117.926023917502775, 50.639803014374586 ], [ -117.926115043865749, 50.635809011212153 ], [ -117.920467897352921, 50.63337202187914 ], [ -117.922959984212838, 50.63065395124837 ], [ -117.929473060041133, 50.633948066510371 ], [ -117.940255037233641, 50.631487034244465 ], [ -117.94171508066394, 50.626727047646568 ], [ -117.94575607485794, 50.625182953234066 ], [ -117.93951799427785, 50.610124979000034 ], [ -117.949232019444977, 50.595585036026812 ], [ -117.946367921071484, 50.588053999321751 ], [ -117.954626940610609, 50.577301974820962 ], [ -117.945976943602645, 50.526217954969653 ], [ -117.956001014203878, 50.502825063104069 ], [ -117.953292052650326, 50.494322059457126 ], [ -117.957452018257882, 50.482524024018431 ], [ -117.954061003082487, 50.465284061234733 ], [ -117.958317989199273, 50.450031966379115 ], [ -117.953903916816031, 50.440678973828305 ], [ -117.957537946274201, 50.437932956248503 ], [ -117.95417907291376, 50.437546990075575 ], [ -117.952723002831959, 50.432379014961995 ], [ -117.939371008154069, 50.423636966322206 ], [ -117.925897100341928, 50.391043985185192 ], [ -117.931589011403318, 50.379990937748964 ], [ -117.94174992186997, 50.37321804475468 ], [ -117.942519970137397, 50.360286961016911 ], [ -117.936591102875781, 50.359768973654155 ], [ -117.938821066938544, 50.353059058999847 ], [ -117.930325066490568, 50.349890004018057 ], [ -117.934651972625929, 50.346940943800362 ], [ -117.927924022501614, 50.339224983866899 ], [ -117.932820079824111, 50.330875025339459 ], [ -117.929980954800044, 50.323666973031351 ], [ -117.911216089573045, 50.312052054635437 ], [ -117.904910977236355, 50.299581990002075 ], [ -117.871989019023559, 50.268318956104324 ], [ -117.858469065849619, 50.237445038789623 ], [ -117.846637984234206, 50.225012009022933 ], [ -117.84070889847861, 50.22268101070761 ], [ -117.826355978809019, 50.209833055091885 ], [ -117.832161913705363, 50.19554494156688 ], [ -117.826692034522011, 50.180582035884768 ], [ -117.827205010108756, 50.171403962499369 ], [ -117.815960048125632, 50.142559025621644 ], [ -117.819495059189123, 50.143073952459851 ], [ -117.817274958085818, 50.140931006295553 ], [ -117.826083954401412, 50.135580057019915 ], [ -117.832798039450168, 50.135423962921635 ], [ -117.830749083816229, 50.133496067839502 ], [ -117.833859024546982, 50.128833005815395 ], [ -117.845202911042946, 50.1247580304018 ], [ -117.852598020455787, 50.115745983432085 ], [ -117.865805909636251, 50.112841954058609 ], [ -117.889297949659323, 50.112555975135642 ], [ -117.914243923178589, 50.109340960722044 ], [ -117.931295023688293, 50.09722506444583 ], [ -117.932386067272589, 50.092899052043244 ], [ -117.938506053858717, 50.088425057785528 ], [ -117.937555927166841, 50.082711970755661 ], [ -117.940238963484944, 50.082689966566868 ], [ -117.937478043097016, 50.078718969638246 ], [ -117.939989022845666, 50.078482953513102 ], [ -117.928869092055535, 50.058498025907241 ], [ -117.927897950916048, 50.042962996849397 ], [ -117.924677016752128, 50.032303953950922 ], [ -117.919405053672349, 50.028245009085467 ], [ -117.915479079723539, 50.006797058857664 ], [ -117.907009090622097, 49.992725043466955 ], [ -117.908114912950708, 49.989263007779847 ], [ -117.923985047936171, 49.978775996480245 ], [ -117.948311975463483, 49.973182968878447 ], [ -117.997556078580814, 49.967157068044791 ], [ -118.007963028066925, 49.963362024288365 ], [ -118.014416069129865, 49.957944947097587 ], [ -118.021959904730281, 49.956700026539828 ], [ -118.031525020913278, 49.941082053343173 ], [ -118.0676049610978, 49.913233046755984 ], [ -118.078842012900409, 49.899322988195756 ], [ -118.08749209990205, 49.895724956034201 ], [ -118.096651012152279, 49.880887998480723 ], [ -118.096577915337718, 49.872118973951054 ], [ -118.105317043003808, 49.870874950249167 ], [ -118.111984021351077, 49.857581013412684 ], [ -118.112635096534632, 49.797426943350104 ], [ -118.125082034596346, 49.782294997199386 ], [ -118.129868937495047, 49.779090942708862 ], [ -118.136972015536159, 49.779301005540695 ], [ -118.137502090971424, 49.773457950081202 ], [ -118.142028959835812, 49.772837943667255 ], [ -118.139310066434987, 49.754021010826385 ], [ -118.143192065222195, 49.746085057854884 ], [ -118.145549107262667, 49.719463947711453 ], [ -118.159165898407679, 49.68770302876672 ], [ -118.154644071681503, 49.682360037909753 ], [ -118.159513938012807, 49.676123045449877 ], [ -118.158812014618192, 49.658797029967999 ], [ -118.171717972944577, 49.649843061792218 ], [ -118.174270931936178, 49.639643951000942 ], [ -118.170756939008911, 49.624189939313617 ], [ -118.157901964953368, 49.608174051271298 ], [ -118.162149029851975, 49.59934300877611 ], [ -118.163436940547783, 49.584857041906439 ], [ -118.16031105222973, 49.579644982325711 ], [ -118.156558068039246, 49.543152968127018 ], [ -118.146375911500485, 49.525705018338577 ], [ -118.147380948497059, 49.514918958217294 ], [ -118.121810086043027, 49.487150049639062 ], [ -118.120424928913692, 49.48151495425148 ], [ -118.125125985816709, 49.469200022497567 ], [ -118.117309978501723, 49.459317942964852 ], [ -118.113426928318404, 49.445655966441812 ], [ -118.107020086854291, 49.435004034810923 ], [ -118.104449005922518, 49.434740979125543 ], [ -118.103097051434361, 49.42797094711608 ], [ -118.097223948985203, 49.428683966404158 ], [ -118.059452003881987, 49.401862028474284 ], [ -118.053908008764282, 49.403019027944623 ], [ -118.031285015573573, 49.398886952466441 ], [ -118.017352015424336, 49.392957024944742 ], [ -118.006508043481844, 49.38223004730191 ], [ -117.992189907669939, 49.377972982518472 ], [ -117.974476086790901, 49.368409043479161 ], [ -117.938758018758492, 49.358882063095777 ], [ -117.923706944679992, 49.349395985930101 ], [ -117.897648990448118, 49.342909058813682 ], [ -117.863002929341675, 49.336157024184907 ], [ -117.797126979173086, 49.338033061816496 ], [ -117.779428071270658, 49.336534956575939 ], [ -117.758507005280691, 49.340236014010316 ], [ -117.737360953587952, 49.340157036121013 ], [ -117.680560943358756, 49.33014296936318 ], [ -117.656945987641066, 49.330278979278567 ], [ -117.64764895951879, 49.326661969340741 ], [ -117.649710995028499, 49.320174004238119 ], [ -117.65495305430909, 49.317013952318199 ], [ -117.654562046085744, 49.312483061168081 ], [ -117.642140054669198, 49.296685013699687 ], [ -117.639174957634864, 49.271657978198625 ], [ -117.640252905730208, 49.265715987377945 ], [ -117.651853105760097, 49.257230958064788 ], [ -117.64951190620657, 49.242240037969111 ], [ -117.661086904773086, 49.232458985548625 ], [ -117.668473068007842, 49.230150036307634 ], [ -117.683197022232036, 49.210201937759393 ], [ -117.691378946223963, 49.206159040795463 ], [ -117.701899993271439, 49.204585045722666 ], [ -117.70824907918292, 49.199256967743764 ], [ -117.719428027211009, 49.163673982404156 ], [ -117.734426034429816, 49.142637939947313 ], [ -117.734453068782273, 49.133354011353944 ], [ -117.731800038834493, 49.120740961765378 ], [ -117.711248926713367, 49.109751050031058 ], [ -117.701678933040625, 49.0956689785558 ], [ -117.696725968499493, 49.094187972234877 ], [ -117.650549974211145, 49.095212955222578 ], [ -117.640279984244472, 49.089117059896651 ], [ -117.622127990582527, 49.08327904670162 ], [ -117.612496944058023, 49.075235032535815 ], [ -117.610305996517695, 49.070713034216489 ], [ -117.61457799918746, 49.057413019033191 ], [ -117.611654040306973, 49.046633031055087 ], [ -117.613982032155562, 49.035718053264787 ], [ -117.604696085445255, 49.02810303895486 ], [ -117.6019940885121, 49.021855964138567 ], [ -117.60779493072657, 49.012974047405287 ], [ -117.631601093492179, 49.000863981271202 ], [ -117.134897010841485, 48.998807941574746 ], [ -116.201051928445438, 49.000600044429085 ] ] ] } },
{ "type": "Feature", "properties": { "NAME": "Lheidli T'enneh First Nation", "SCALE": "1:1000000" }, "geometry": { "type": "Polygon", "coordinates": [ [ [ -119.993338999427365, 54.088937974370104 ], [ -119.990206012889843, 54.729129989037567 ], [ -120.007572899182975, 54.743584997691066 ], [ -120.069720923552694, 54.864933007922907 ], [ -120.108984900886938, 54.915798945163644 ], [ -120.157386009153001, 54.951743937149999 ], [ -120.2335620592781, 54.948044992503775 ], [ -120.327008945004266, 54.936384049021314 ], [ -120.425507927811523, 54.918101038423728 ], [ -120.497056986765102, 54.892242046282597 ], [ -120.705597071979483, 54.834499053934238 ], [ -120.817853100850598, 54.823996991855488 ], [ -120.861418020229493, 54.824572010481525 ], [ -121.032364011049111, 54.842797999106679 ], [ -121.087734890795801, 54.851441990619918 ], [ -121.140743040946745, 54.850777020430648 ], [ -121.162759060032215, 54.833231026257756 ], [ -121.176905057622747, 54.806517024048674 ], [ -121.219651941570191, 54.746510954320904 ], [ -121.259455023367579, 54.702955052433609 ], [ -121.296376926683806, 54.648397006545565 ], [ -121.342428929508529, 54.60846495493788 ], [ -121.408581097291204, 54.563730011537544 ], [ -121.46873389689128, 54.536172946723894 ], [ -121.549021975679949, 54.506701992248153 ], [ -121.6271679423687, 54.473155029916519 ], [ -121.766245905846645, 54.430513052423812 ], [ -121.954015069402161, 54.441989962595436 ], [ -122.037863940537079, 54.433775960798201 ], [ -122.109820898145401, 54.429246016292389 ], [ -122.184732093378685, 54.406689004725685 ], [ -122.273786109859174, 54.363820963841917 ], [ -122.37653104273258, 54.320736984644824 ], [ -122.454160101844181, 54.271962977238495 ], [ -122.549432001673694, 54.237960998092625 ], [ -122.632383934821036, 54.21134894872101 ], [ -122.70020210309724, 54.207597964075504 ], [ -122.812049070703893, 54.254557058730541 ], [ -122.856680004378291, 54.292451058832057 ], [ -122.887560909801138, 54.341890005402711 ], [ -122.916579079943745, 54.40050906429299 ], [ -122.942724015704727, 54.433143002087029 ], [ -122.97377302478921, 54.452492044348602 ], [ -123.027822991766683, 54.46453893712534 ], [ -123.082609043929708, 54.487175997885338 ], [ -123.170118918018872, 54.531647038566028 ], [ -123.219379086961084, 54.563493063673555 ], [ -123.263219057294279, 54.598343945538659 ], [ -123.394377963205329, 54.649640054434165 ], [ -123.472904076739368, 54.684537940250621 ], [ -123.613650920505293, 54.736911954132665 ], [ -123.740782940214586, 54.75968796367561 ], [ -123.813409059199685, 54.749370051705725 ], [ -123.811975019043203, 54.732524962472631 ], [ -123.781274986365275, 54.694639937121607 ], [ -123.742241069659059, 54.602241968677752 ], [ -123.70784994060692, 54.548649045628089 ], [ -123.705129000657422, 54.492928981961448 ], [ -123.697466943800151, 54.438782056479752 ], [ -123.698095056573379, 54.407940972911362 ], [ -123.672007100400279, 54.337291985533092 ], [ -123.651813102453076, 54.314589064821632 ], [ -123.636522060361841, 54.266459975831204 ], [ -123.595117930534201, 54.207121055488813 ], [ -123.613533083379437, 54.075760944389366 ], [ -123.634505993024177, 54.024338009368918 ], [ -123.634644006127203, 53.964160034064783 ], [ -123.61593410821817, 53.910974973265063 ], [ -123.609049013539874, 53.872216035082211 ], [ -123.625575945207018, 53.798130993177104 ], [ -123.614863056469261, 53.74257596817791 ], [ -123.590017925589009, 53.681438968453932 ], [ -123.584527108491883, 53.597161960261353 ], [ -123.558013014493454, 53.466338035743611 ], [ -123.516376952984842, 53.353808944881386 ], [ -123.483422955561906, 53.319243059297406 ], [ -123.447262058527855, 53.306380998758357 ], [ -123.410757046370676, 53.305255988412071 ], [ -123.322089087342519, 53.307662048207298 ], [ -123.252097998395087, 53.321043032749436 ], [ -123.157557039925479, 53.328192000733452 ], [ -123.117677950865442, 53.322634030050992 ], [ -123.088851945316861, 53.316144996365168 ], [ -123.023752032424383, 53.311332063886404 ], [ -122.979981977438328, 53.32119705773286 ], [ -122.920187901257435, 53.341176025262556 ], [ -122.865137008256795, 53.368763018457152 ], [ -122.846847061014429, 53.382593019862739 ], [ -122.805031033106232, 53.405922011397308 ], [ -122.735878020779182, 53.406875048449784 ], [ -122.678420926720648, 53.386004958174212 ], [ -122.600959078915835, 53.348857953313207 ], [ -122.547691012154161, 53.334118061338195 ], [ -122.438045901805864, 53.325113059871349 ], [ -122.173666083510483, 53.287792053277087 ], [ -122.048036942147917, 53.273816035676006 ], [ -121.906310952629596, 53.270076024804013 ], [ -121.579928994823774, 53.281670035124016 ], [ -121.514401904053756, 53.272018966986465 ], [ -121.441911992385243, 53.25466004931917 ], [ -121.40003191474203, 53.23096603376419 ], [ -121.336060030037132, 53.205829063221877 ], [ -121.265592031178485, 53.163838038998513 ], [ -121.218290004722746, 53.111175977036488 ], [ -121.146537937836641, 53.054474055543508 ], [ -121.097170995462633, 53.006532041686377 ], [ -121.033975973943626, 52.964421038672235 ], [ -120.953447068870531, 52.934703984992126 ], [ -120.878711921259352, 52.916660032766579 ], [ -120.797551916434145, 52.912100976171807 ], [ -120.701843919740853, 52.911827942964642 ], [ -120.620206926302941, 52.915560059178496 ], [ -120.567003928399018, 52.897774969936705 ], [ -120.528421028630518, 52.87527102747012 ], [ -120.481975029856031, 52.85272700225952 ], [ -120.430160917178526, 52.841116941838678 ], [ -120.335186949161141, 52.827020023445989 ], [ -120.243351088170257, 52.819453051118863 ], [ -120.043402065205626, 52.791162949582521 ], [ -120.010055977630458, 52.771121030687446 ], [ -119.929433997719329, 52.742200938694474 ], [ -119.803743948072537, 52.676560991838684 ], [ -119.733692974451245, 52.652390989818016 ], [ -119.6861079178599, 52.629177028906938 ], [ -119.540891932727135, 52.59445394906966 ], [ -119.311891067163671, 52.552201044591499 ], [ -119.223578943936147, 52.531126008302735 ], [ -119.135738100753414, 52.520217949021074 ], [ -118.974130910576704, 52.518939969232754 ], [ -118.895937971841818, 52.533606960438661 ], [ -118.845730072939119, 52.559346955388499 ], [ -118.831261060248579, 52.620099015061953 ], [ -118.831909069205892, 52.659572995634377 ], [ -118.838737089070094, 52.694420051394268 ], [ -118.838408997029418, 52.76639503932693 ], [ -118.820714006999978, 52.829637015639257 ], [ -118.79249793233906, 52.838230941313256 ], [ -118.756585031696773, 52.840451038800886 ], [ -118.627821004679006, 52.840392059908105 ], [ -118.397873963301848, 52.846704016861352 ], [ -118.418330025831523, 52.862923944456426 ], [ -118.468968980022183, 52.888553958891407 ], [ -118.500837108672698, 52.898562964292793 ], [ -118.524870042680377, 52.9020679933206 ], [ -118.557863961167371, 52.893810007495553 ], [ -118.579306081774078, 52.885583969222139 ], [ -118.591142986437163, 52.884439001389389 ], [ -118.596458965104546, 52.886106046971427 ], [ -118.601176106765621, 52.890002947184925 ], [ -118.607275940796413, 52.910098005848148 ], [ -118.608135021653979, 52.935410950925309 ], [ -118.638918990149335, 52.956740943972093 ], [ -118.646558932459882, 52.971244937571441 ], [ -118.647905078802935, 52.980551049018388 ], [ -118.643135022914095, 53.005319043118725 ], [ -118.647633015807259, 53.017220053143603 ], [ -118.65738589417856, 53.0239000282644 ], [ -118.681586063273556, 53.034263045553537 ], [ -118.702401099632581, 53.050022967695639 ], [ -118.724365991094828, 53.054423957373714 ], [ -118.734660091778281, 53.05196507009375 ], [ -118.739842088111999, 53.039856996435397 ], [ -118.74419406951256, 53.037976988177569 ], [ -118.752991975728108, 53.041108964121953 ], [ -118.765939966017527, 53.050383982112763 ], [ -118.766023923753778, 53.057269028459068 ], [ -118.752420974464854, 53.072018999945556 ], [ -118.730622099129064, 53.110069010355694 ], [ -118.73416002042589, 53.118435022613376 ], [ -118.762570003073719, 53.134919044610648 ], [ -118.787621085842943, 53.156802000968874 ], [ -118.818250071435372, 53.172325004531295 ], [ -118.85624908822372, 53.196572031121576 ], [ -118.870152936837215, 53.202477006562233 ], [ -118.899156907695954, 53.209806049145591 ], [ -118.914361005115708, 53.218107002290246 ], [ -118.933945945312971, 53.224539002948383 ], [ -118.98504095016861, 53.236211047885654 ], [ -118.997258080887462, 53.233916951094152 ], [ -119.006582021181188, 53.227905064275987 ], [ -119.005172095567019, 53.218599036025658 ], [ -118.996614922767534, 53.214361020527058 ], [ -118.981870961315778, 53.196932007906348 ], [ -118.994722004224613, 53.177499985745719 ], [ -118.998952931312246, 53.132030998741428 ], [ -119.005961996709033, 53.120085981741418 ], [ -119.015380962964258, 53.12095806068622 ], [ -119.036938061389748, 53.134434033979012 ], [ -119.056760046510021, 53.154627007155291 ], [ -119.069078912100991, 53.159210954486703 ], [ -119.097955920158242, 53.159595982915029 ], [ -119.108983958496253, 53.161767052061933 ], [ -119.120425989676804, 53.169702041196615 ], [ -119.129127061247161, 53.18081899383278 ], [ -119.136101978938626, 53.183760964640911 ], [ -119.162812926131238, 53.18507800011394 ], [ -119.184729952327118, 53.182503035169454 ], [ -119.223764004795271, 53.173480970598334 ], [ -119.245480963949134, 53.216730043647431 ], [ -119.266453946007758, 53.240423941670109 ], [ -119.295717052753687, 53.254541037839076 ], [ -119.303725059633933, 53.260994941714635 ], [ -119.310771995203041, 53.278826965130563 ], [ -119.330478986746343, 53.300105935662614 ], [ -119.332028026058907, 53.324310996146231 ], [ -119.350736902626323, 53.342048942384139 ], [ -119.374403947228402, 53.355644957190158 ], [ -119.383592907316967, 53.357623038258133 ], [ -119.429759924868975, 53.351448984479475 ], [ -119.445219925565667, 53.351696932684568 ], [ -119.505323081311516, 53.35934896132629 ], [ -119.530733968484896, 53.366195002635365 ], [ -119.545829938262912, 53.375547985727138 ], [ -119.55439294007688, 53.387773033173204 ], [ -119.567110976121057, 53.391188042191132 ], [ -119.581524948600162, 53.387879053790847 ], [ -119.589263093322927, 53.372524042738583 ], [ -119.595793985197986, 53.369666061985995 ], [ -119.609641016061545, 53.368591953593331 ], [ -119.632396922240886, 53.370598006585794 ], [ -119.656226938646768, 53.376120976027721 ], [ -119.688941081910983, 53.392740969889694 ], [ -119.703803017294064, 53.403198964327707 ], [ -119.727016959861984, 53.426985977882701 ], [ -119.740777077025683, 53.441935009751511 ], [ -119.753164958230869, 53.462494028924318 ], [ -119.763893937298306, 53.48976904539019 ], [ -119.77336901301841, 53.498610004623202 ], [ -119.783690909951602, 53.504079028297561 ], [ -119.800538031636748, 53.506684990067328 ], [ -119.839995937111695, 53.504360971675951 ], [ -119.850874907549496, 53.507585024224092 ], [ -119.854931101104313, 53.514803948258141 ], [ -119.857591998136158, 53.535660004933789 ], [ -119.848817961083355, 53.555515042536129 ], [ -119.848228052870738, 53.565778950159739 ], [ -119.881116091451588, 53.598378975504197 ], [ -119.887096100477152, 53.605769976113741 ], [ -119.88570995144525, 53.611381946484585 ], [ -119.848621070295522, 53.611634051197832 ], [ -119.76306807773706, 53.595096942581094 ], [ -119.743706069496852, 53.594555958048808 ], [ -119.709045083598838, 53.600714972152822 ], [ -119.703266991437445, 53.608231055642854 ], [ -119.700180098122303, 53.620574020610235 ], [ -119.706343930212356, 53.634853053592941 ], [ -119.746987932334818, 53.683068000495823 ], [ -119.763040074431586, 53.697061951357426 ], [ -119.777488087478716, 53.701747964489819 ], [ -119.791165061414716, 53.701773054939039 ], [ -119.81605990633345, 53.695902936549771 ], [ -119.833245111256318, 53.70540095088397 ], [ -119.844432978911797, 53.707510952168718 ], [ -119.873965004891389, 53.706600045783063 ], [ -119.881332925140811, 53.708378941525055 ], [ -119.874970909031447, 53.734175988969874 ], [ -119.856008958545175, 53.755467022112185 ], [ -119.86309608786479, 53.766388987698193 ], [ -119.875673097390987, 53.77090099288273 ], [ -119.936165942235149, 53.779489026236568 ], [ -119.957225004335854, 53.789297048792257 ], [ -119.968269889498998, 53.789764045639799 ], [ -119.988171954301194, 53.820573029968543 ], [ -120.012232913724219, 53.830325939978394 ], [ -119.993639890114238, 54.045729055166383 ], [ -119.993338999427365, 54.088937974370104 ] ] ] } },
{ "type": "Feature", "properties": { "NAME": "Tsleil-Waututh Nation", "SCALE": "1:250000" }, "geometry": { "type": "Polygon", "coordinates": [ [ [ -122.802625083013282, 49.231903024545034 ], [ -122.799786073783338, 49.235568026277704 ], [ -122.805952012788524, 49.237051941820681 ], [ -122.806707023626288, 49.241774988993136 ], [ -122.795895056519342, 49.249447956654642 ], [ -122.798347092196693, 49.254226008945487 ], [ -122.796510037476978, 49.260410955197337 ], [ -122.780562981979799, 49.267950944596635 ], [ -122.777507917997383, 49.282443010471532 ], [ -122.772164932307888, 49.287033994518744 ], [ -122.776304096729916, 49.296107973110487 ], [ -122.769207934139487, 49.300181023778876 ], [ -122.772935956165043, 49.307278981716784 ], [ -122.769422044507849, 49.316542046530394 ], [ -122.773189959642238, 49.329098981566801 ], [ -122.767379906718162, 49.335482981480766 ], [ -122.77383700332318, 49.344114947022042 ], [ -122.770811998090068, 49.346346040446036 ], [ -122.774188064293512, 49.354182044606432 ], [ -122.790049024744576, 49.359881937161674 ], [ -122.79682901748339, 49.378775973138602 ], [ -122.79599202177647, 49.394782963905875 ], [ -122.775617052289476, 49.415867972407803 ], [ -122.769232024359454, 49.428533006808941 ], [ -122.773484065191298, 49.438198016345254 ], [ -122.770149962460607, 49.447913055082914 ], [ -122.791260066261046, 49.537742977050421 ], [ -122.793475056946534, 49.630154056165793 ], [ -122.800951063024897, 49.673619026082399 ], [ -122.806483041692701, 49.807253958720587 ], [ -122.798793928120801, 49.856440007899145 ], [ -122.806041993856965, 49.879616016885173 ], [ -122.811296966713925, 49.882968050921797 ], [ -122.833191027298824, 49.882833028955943 ], [ -122.85199303954046, 49.885645048510256 ], [ -122.917678979563334, 49.885889013147946 ], [ -122.953519017360904, 49.888787967641782 ], [ -122.961459979538716, 49.886024967829584 ], [ -122.9835699169344, 49.856785045883228 ], [ -123.022700982523304, 49.770814946480186 ], [ -123.039397019828144, 49.715906998668721 ], [ -123.066826046459781, 49.662927057896844 ], [ -123.070725931781496, 49.648922030814511 ], [ -123.106929096241672, 49.571519025275151 ], [ -123.172226967240263, 49.488874030860572 ], [ -123.204978945907811, 49.456325020565444 ], [ -123.287627076590454, 49.394419968617562 ], [ -123.300092034659087, 49.382569975654377 ], [ -123.316795908492765, 49.346766061235783 ], [ -123.315929050555596, 49.324462032612388 ], [ -123.304765953296155, 49.302026987732141 ], [ -123.265924028210023, 49.25395602612776 ], [ -123.215968024314961, 49.227610993049559 ], [ -123.160843062497435, 49.214278020202634 ], [ -123.150556027169273, 49.20679700077681 ], [ -123.135393923654931, 49.200948003268437 ], [ -123.112811959810813, 49.206106037471748 ], [ -123.092822076793823, 49.206198053724151 ], [ -123.075910043134058, 49.209506043272434 ], [ -123.063909091860538, 49.206800050251722 ], [ -123.041611065953745, 49.206206006169992 ], [ -123.006555958052729, 49.19694101637004 ], [ -122.983181081462291, 49.182891967524725 ], [ -122.975738036760248, 49.181980998288445 ], [ -122.958523952788767, 49.19279994054336 ], [ -122.93781592455791, 49.201353058729012 ], [ -122.912459010053084, 49.198403017068777 ], [ -122.898136995401941, 49.207341028189745 ], [ -122.891550990862967, 49.220261975262268 ], [ -122.878651001077444, 49.226185003041863 ], [ -122.823918048777841, 49.222711942893589 ], [ -122.806305924824983, 49.225690939476323 ], [ -122.806534974986619, 49.229232989077545 ], [ -122.802625083013282, 49.231903024545034 ] ] ] } },
{ "type": "Feature", "properties": { "NAME": "Squamish Nation", "SCALE": "1:250000" }, "geometry": { "type": "Polygon", "coordinates": [ [ [ -122.929797912376074, 49.922168058858595 ], [ -122.902779935739304, 49.914557002705912 ], [ -122.885216945717659, 49.914137041980645 ], [ -122.869586910397885, 49.915269977664806 ], [ -122.851452947963409, 49.923966048268596 ], [ -122.83000799722393, 49.922455032844681 ], [ -122.818726947511507, 49.924117965706536 ], [ -122.810670919832134, 49.928541964840875 ], [ -122.809360053035604, 49.938978961328431 ], [ -122.804842064379955, 49.942459973029607 ], [ -122.773829971470761, 49.954356006357209 ], [ -122.769053922249384, 49.961311956793658 ], [ -122.753464934630117, 49.969649012330663 ], [ -122.735246980277537, 49.974175954580474 ], [ -122.733536933191886, 49.986016058410243 ], [ -122.723047938157762, 49.990635998748161 ], [ -122.702474901424978, 49.991969045180248 ], [ -122.69360090888712, 49.996464980178658 ], [ -122.692655014647514, 50.004591976787843 ], [ -122.701329039703992, 50.011634046514402 ], [ -122.741742005526646, 50.017579030388944 ], [ -122.762359086998032, 50.028211030407157 ], [ -122.780757045425972, 50.034070995655334 ], [ -122.800093078235648, 50.045490048580483 ], [ -122.805495992126311, 50.096897971873929 ], [ -122.800059015911913, 50.098729944775549 ], [ -122.790522018251451, 50.108439007250531 ], [ -122.783812026758085, 50.121399022399103 ], [ -122.783108044232634, 50.124438020721065 ], [ -122.794624973256234, 50.129861014887169 ], [ -122.794780922143758, 50.135669000883794 ], [ -122.781726060820858, 50.146175996111431 ], [ -122.777773936717111, 50.159860998375066 ], [ -122.785031032420321, 50.167102013579651 ], [ -122.787736038538071, 50.180204998566843 ], [ -122.776069955084765, 50.18438105862225 ], [ -122.770342959410755, 50.190509008525204 ], [ -122.77414297411562, 50.200568019817588 ], [ -122.757419015154454, 50.206821031722264 ], [ -122.761072096863629, 50.211325948581326 ], [ -122.760578091511903, 50.222444953939267 ], [ -122.750568901284652, 50.230388034601283 ], [ -122.748427984970775, 50.23874694344093 ], [ -122.758278002767426, 50.239646007148394 ], [ -122.765842950692956, 50.243348949826512 ], [ -122.770544944102809, 50.24278996803438 ], [ -122.788145977557036, 50.254205951032297 ], [ -122.792814959861687, 50.252383972226646 ], [ -122.806597979177624, 50.253234062221985 ], [ -122.80706001936754, 50.255754041347501 ], [ -122.81339702284518, 50.2574479718742 ], [ -122.817142066686941, 50.26498105782305 ], [ -122.82698490334549, 50.265368963989495 ], [ -122.830740001939006, 50.273153945196846 ], [ -122.839916999971067, 50.277843946915993 ], [ -122.863840039340602, 50.275281036979379 ], [ -122.866506028803812, 50.272217057620743 ], [ -122.882524092814151, 50.268484026260559 ], [ -122.884249927928764, 50.260127043485063 ], [ -122.900211984825305, 50.254624033330472 ], [ -122.908621037369997, 50.259821965872753 ], [ -122.933233959099468, 50.254458023822139 ], [ -122.943196059291083, 50.258876038562207 ], [ -122.947451906579289, 50.256547972077442 ], [ -122.952607043288566, 50.257997036738587 ], [ -122.974419013314744, 50.256242029269728 ], [ -123.046954928079103, 50.258364029552112 ], [ -123.060048992802933, 50.260846007235997 ], [ -123.061939910656449, 50.25854702570345 ], [ -123.078415023881433, 50.257306001026343 ], [ -123.081091053445348, 50.254994051182983 ], [ -123.082102013059014, 50.261800028430997 ], [ -123.086852058503482, 50.262743995300013 ], [ -123.088617078563601, 50.268529053300789 ], [ -123.092974981823033, 50.269476992223169 ], [ -123.092020985043717, 50.276311021039689 ], [ -123.098781055267807, 50.278488050406544 ], [ -123.101034086438332, 50.287044951117444 ], [ -123.108540005710779, 50.287947944673604 ], [ -123.1171060868936, 50.296918044829624 ], [ -123.125802035978609, 50.298056009354688 ], [ -123.133586009617957, 50.307037028249027 ], [ -123.145004946677147, 50.307122980128909 ], [ -123.162454906426774, 50.299541035720218 ], [ -123.169955909553238, 50.300186955285788 ], [ -123.171417974917006, 50.308248990953196 ], [ -123.180198084609188, 50.311654955672154 ], [ -123.183164052157849, 50.317673048601101 ], [ -123.176678054050669, 50.323579973374798 ], [ -123.187553045493729, 50.3304899478495 ], [ -123.189841962496359, 50.339549061063408 ], [ -123.200186058932928, 50.342425007092096 ], [ -123.214484941072456, 50.3677209495591 ], [ -123.223160930092803, 50.367841953500886 ], [ -123.226816041289752, 50.370816945758314 ], [ -123.246064075127521, 50.369004968619784 ], [ -123.25610706665276, 50.374154055145098 ], [ -123.262290018371431, 50.370774051824938 ], [ -123.282653010699377, 50.367170002578774 ], [ -123.298655978771521, 50.373483968192083 ], [ -123.302500918507064, 50.370897020038157 ], [ -123.303079030660115, 50.365329988471863 ], [ -123.31090905693469, 50.363941996309535 ], [ -123.320958916673831, 50.369084994228494 ], [ -123.327569907482598, 50.377061953315255 ], [ -123.327839931741863, 50.384130001230695 ], [ -123.332262049650666, 50.386332030251019 ], [ -123.365875955842995, 50.388813939090397 ], [ -123.366466966306149, 50.39385600379795 ], [ -123.360425992501547, 50.40077696013217 ], [ -123.36312605030615, 50.409320965653002 ], [ -123.371188908930549, 50.413735028649327 ], [ -123.394471998591968, 50.413853050614854 ], [ -123.410303959258584, 50.405250017515094 ], [ -123.419401924938441, 50.405854034070806 ], [ -123.424943924493874, 50.416117031134533 ], [ -123.418372002120705, 50.419512974210782 ], [ -123.419080959893037, 50.42733198507522 ], [ -123.429043004779984, 50.429688981520265 ], [ -123.430168072145932, 50.438005977692264 ], [ -123.42523592858565, 50.452742030961709 ], [ -123.429587035760122, 50.452919997122549 ], [ -123.433302068555264, 50.456899011066547 ], [ -123.449307052263904, 50.452330056354789 ], [ -123.449834977795447, 50.455605030409622 ], [ -123.457520062791147, 50.460020006465818 ], [ -123.458931997821637, 50.465552974273493 ], [ -123.462941029792688, 50.466999040268171 ], [ -123.473951039290213, 50.46579803796326 ], [ -123.488144946911547, 50.474644007140697 ], [ -123.494355071671023, 50.472009040808771 ], [ -123.504788902860327, 50.475866993211653 ], [ -123.514221041727708, 50.47468898112303 ], [ -123.524423058144066, 50.482338957300072 ], [ -123.531113063243041, 50.481713947104417 ], [ -123.541161965137249, 50.494923022002197 ], [ -123.537096075418404, 50.520005976252101 ], [ -123.543473079888074, 50.5211540445856 ], [ -123.549205037940311, 50.516503982187643 ], [ -123.552419922906665, 50.517708997324554 ], [ -123.55186900155195, 50.523276973474488 ], [ -123.568640911158482, 50.527014035434931 ], [ -123.56757604904945, 50.52981300033607 ], [ -123.572483963731543, 50.533513005178349 ], [ -123.581585985072749, 50.533599016550134 ], [ -123.586560901738409, 50.538813056357085 ], [ -123.599583968545062, 50.538068047173823 ], [ -123.601810929377322, 50.534742997099649 ], [ -123.610756020744631, 50.531293058288966 ], [ -123.636590956852032, 50.525253046118955 ], [ -123.648416031259544, 50.533114015498782 ], [ -123.66059999082654, 50.531367012739459 ], [ -123.669036941580444, 50.534237986921198 ], [ -123.682417932957023, 50.53271900900171 ], [ -123.69309990464815, 50.54135595030386 ], [ -123.70850498624803, 50.540805939963349 ], [ -123.719284057032496, 50.542870052349393 ], [ -123.72503699097166, 50.538967998978002 ], [ -123.730174904035891, 50.538867966684236 ], [ -123.73765796513905, 50.546551983956761 ], [ -123.755974995329751, 50.532296023185616 ], [ -123.774727961967571, 50.527376017533321 ], [ -123.785914005801899, 50.529678000666692 ], [ -123.790266929606844, 50.537928042364271 ], [ -123.795034070888903, 50.538337034096855 ], [ -123.799613012621009, 50.543044985351052 ], [ -123.814254024959681, 50.534917051005174 ], [ -123.832507930211378, 50.536060036995558 ], [ -123.835805096865357, 50.530687044050524 ], [ -123.858166909239372, 50.526941972657546 ], [ -123.873842065078449, 50.531923036313785 ], [ -123.894378947985274, 50.531239996604704 ], [ -123.900153059521031, 50.528086980958058 ], [ -123.901899088108067, 50.523502964731307 ], [ -123.913000980312759, 50.524026061896954 ], [ -123.917337029792904, 50.531514039880413 ], [ -123.932139019222745, 50.534736039847942 ], [ -123.940664022783139, 50.531270046945828 ], [ -123.942088915627991, 50.528207032533992 ], [ -123.950321946756546, 50.526767032273305 ], [ -123.952736979490012, 50.519893990097813 ], [ -123.97219906705628, 50.521495055364511 ], [ -123.973649028154242, 50.51893699952457 ], [ -123.981931029073223, 50.518503966238697 ], [ -123.98564501254053, 50.513876010182862 ], [ -123.99421590994298, 50.511415059827726 ], [ -123.994741029188148, 50.506349958269581 ], [ -124.001454903178413, 50.506203060367504 ], [ -124.004699962872607, 50.492741017807681 ], [ -123.997696922548201, 50.48733602986389 ], [ -124.000338084252135, 50.477423958335258 ], [ -123.996193099137486, 50.473724948006463 ], [ -123.966208045911557, 50.482209936815124 ], [ -123.962722907626599, 50.475968960917271 ], [ -123.95367600734302, 50.46909002833722 ], [ -123.952036929179627, 50.460282003101817 ], [ -123.94245095035869, 50.458213955810528 ], [ -123.935228026567316, 50.448261978950434 ], [ -123.945761094824121, 50.43035104732455 ], [ -123.951519925006394, 50.427194993754689 ], [ -123.949038072796398, 50.424974019534545 ], [ -123.958296087228959, 50.4131519900385 ], [ -123.925931022805187, 50.40525599567286 ], [ -123.921199082906057, 50.397525049586143 ], [ -123.924182000461869, 50.386344033213327 ], [ -123.918067954694322, 50.382431945472867 ], [ -123.918292901233244, 50.371309984467622 ], [ -123.913425936553466, 50.368633986463927 ], [ -123.906083019343484, 50.348071940546617 ], [ -123.89813400402771, 50.34672395594621 ], [ -123.893081972349705, 50.340261023458865 ], [ -123.874701040712338, 50.335088012710628 ], [ -123.876672903457859, 50.327214935183633 ], [ -123.885459081556732, 50.321725003729135 ], [ -123.874066949233011, 50.314384060983336 ], [ -123.864270956014934, 50.299428959139952 ], [ -123.847225015587497, 50.297002964986035 ], [ -123.838560091576142, 50.288843969754012 ], [ -123.827525960394993, 50.288565941097673 ], [ -123.818608000581861, 50.283189996298375 ], [ -123.809172065800865, 50.283382063672249 ], [ -123.80665491109005, 50.280149032737327 ], [ -123.794681006406833, 50.276601996966768 ], [ -123.78767300674582, 50.269921967917661 ], [ -123.774631039954187, 50.268668030248399 ], [ -123.772842913617637, 50.264156010802715 ], [ -123.767675005536688, 50.262996937458055 ], [ -123.75642297360686, 50.249577994417571 ], [ -123.756673100407241, 50.24654099031207 ], [ -123.744591935349433, 50.240464937338118 ], [ -123.728868098909615, 50.24052301883281 ], [ -123.721781040796984, 50.231818975568196 ], [ -123.714378042560199, 50.233227051941554 ], [ -123.710983052782893, 50.236326052713451 ], [ -123.69701590096966, 50.231797011316146 ], [ -123.703251964691106, 50.222074965335899 ], [ -123.716562924284972, 50.21246803286278 ], [ -123.729271901638612, 50.206913009676839 ], [ -123.730595007034879, 50.201581040888293 ], [ -123.724069911932574, 50.196402995542115 ], [ -123.706593951348211, 50.192198040596786 ], [ -123.70073093611019, 50.19281699317596 ], [ -123.689465057203819, 50.204152005696663 ], [ -123.663080923258107, 50.211480981329089 ], [ -123.638069053754833, 50.214482977015791 ], [ -123.630912999631633, 50.203754030241051 ], [ -123.637955039071031, 50.20311598059088 ], [ -123.645557079151516, 50.197414027881031 ], [ -123.646732029204131, 50.188549021993943 ], [ -123.643917937797937, 50.187086973929205 ], [ -123.641034048832822, 50.175266975263753 ], [ -123.628806012761004, 50.18282501608607 ], [ -123.62166591788295, 50.181189974791884 ], [ -123.61516599652316, 50.176258999319366 ], [ -123.609650914851471, 50.175857048477553 ], [ -123.598429941743888, 50.179603009627769 ], [ -123.587782058685789, 50.178536993139872 ], [ -123.58131889734787, 50.174361055588065 ], [ -123.582689073879877, 50.160694001537628 ], [ -123.57934409640788, 50.155955045205644 ], [ -123.584714032782315, 50.153077061998509 ], [ -123.5856490819275, 50.147500954833347 ], [ -123.595982019535512, 50.141498950244497 ], [ -123.594542019807776, 50.135462953837099 ], [ -123.597523026356029, 50.131870022775409 ], [ -123.589465087294826, 50.126967031967027 ], [ -123.590061928587986, 50.122660943641542 ], [ -123.603281039881352, 50.111047034491889 ], [ -123.595591082862683, 50.096536040551584 ], [ -123.606458004619086, 50.094059981506661 ], [ -123.622725994855699, 50.09855595246681 ], [ -123.645304066527515, 50.086254976995804 ], [ -123.649241996428287, 50.08668499463154 ], [ -123.638110032555247, 50.074263990081811 ], [ -123.630179925791083, 50.072139976599566 ], [ -123.622409086076402, 50.064707054479307 ], [ -123.619267064382342, 50.064513037671766 ], [ -123.614618053591286, 50.056769023166495 ], [ -123.617582038823258, 50.052923018498831 ], [ -123.63619597204503, 50.04878305191783 ], [ -123.631355913588436, 50.045589936157185 ], [ -123.629936955263815, 50.040057998970461 ], [ -123.64225203290907, 50.035277024587749 ], [ -123.630865976434293, 50.016797031890668 ], [ -123.634977022027073, 50.003581029530118 ], [ -123.618671066513826, 50.006415037089944 ], [ -123.617630996806994, 50.009466972241412 ], [ -123.60456992191466, 50.015016982722884 ], [ -123.601613087844854, 50.010019004955161 ], [ -123.605720977051789, 49.996552038675283 ], [ -123.600580032731145, 49.986289021471883 ], [ -123.600998920898647, 49.977944051082709 ], [ -123.59102404502859, 49.973330055455449 ], [ -123.586335999515086, 49.973415963742475 ], [ -123.59510891063529, 49.959357997851228 ], [ -123.606638060553649, 49.95484803220149 ], [ -123.609167031441928, 49.941157031480202 ], [ -123.61812690497446, 49.931641023534425 ], [ -123.589978090478851, 49.922061017102067 ], [ -123.579647947182295, 49.92705297727845 ], [ -123.571170927253618, 49.920640030422511 ], [ -123.548624094391315, 49.923074950564327 ], [ -123.551771065803337, 49.91442694262814 ], [ -123.565050031817847, 49.905340977610138 ], [ -123.567046944405234, 49.888124004459968 ], [ -123.570850083575237, 49.885780975394518 ], [ -123.567481926974807, 49.880031953844622 ], [ -123.574705952159448, 49.875602953767654 ], [ -123.577141995200023, 49.868736941722887 ], [ -123.585457042114058, 49.862519056494563 ], [ -123.578938922801044, 49.856070956000892 ], [ -123.57701190310398, 49.847516029563238 ], [ -123.564511991893553, 49.846989006526833 ], [ -123.554092045922758, 49.840358052181855 ], [ -123.548616963354846, 49.83995297161124 ], [ -123.546240931954699, 49.848334026970043 ], [ -123.54977492375663, 49.858123004638593 ], [ -123.548152033481742, 49.87507995238095 ], [ -123.539387946769139, 49.880039948807976 ], [ -123.525867946731196, 49.883315940742499 ], [ -123.527543953884205, 49.886064972503746 ], [ -123.524898967802386, 49.888133968402833 ], [ -123.506124931155824, 49.896554967861853 ], [ -123.485621944753944, 49.910561939263879 ], [ -123.473558996559717, 49.911533010798685 ], [ -123.462038932457006, 49.906682017388839 ], [ -123.457398004520869, 49.907773939338561 ], [ -123.441488061142081, 49.900470951672453 ], [ -123.420364066811103, 49.89931896855532 ], [ -123.425353964021141, 49.897211979674907 ], [ -123.425233909125083, 49.894181944437861 ], [ -123.412783933649862, 49.875446949421281 ], [ -123.403995048857624, 49.880143970003452 ], [ -123.398516907217243, 49.879732051603675 ], [ -123.390323962416019, 49.869765025491752 ], [ -123.38330695284597, 49.86988294909208 ], [ -123.375684031674936, 49.864452945673165 ], [ -123.355395097328255, 49.864285979990207 ], [ -123.353994092105665, 49.858245995150497 ], [ -123.338260060705721, 49.854716017216646 ], [ -123.333400977041464, 49.849995008061725 ], [ -123.325541077428994, 49.848354951364016 ], [ -123.327593013805711, 49.840742996057415 ], [ -123.33107105552368, 49.839928027831071 ], [ -123.329965988105158, 49.820998964889093 ], [ -123.318312035785624, 49.811589043266459 ], [ -123.309179955639124, 49.796578984069058 ], [ -123.302478054225119, 49.794412980980567 ], [ -123.302806066808074, 49.782280948332378 ], [ -123.2831989233961, 49.767943939502189 ], [ -123.266506921030583, 49.769219957828575 ], [ -123.278214982159383, 49.759433983840772 ], [ -123.272150035202699, 49.75321394926867 ], [ -123.273790078668284, 49.744850967168134 ], [ -123.295632008936892, 49.746270002341653 ], [ -123.305269066068178, 49.743840988082574 ], [ -123.315463913957799, 49.745948960739945 ], [ -123.335694095177757, 49.745871002829588 ], [ -123.330494951107639, 49.731808996149645 ], [ -123.322197960220805, 49.728408029658652 ], [ -123.317658058299912, 49.721408031980445 ], [ -123.324199067396876, 49.709173971852252 ], [ -123.331145003228499, 49.707796939399181 ], [ -123.33711399420892, 49.70113093839818 ], [ -123.336022096401379, 49.692810954955299 ], [ -123.345210022175294, 49.68912299956434 ], [ -123.34621199652014, 49.684811032109494 ], [ -123.355048904669204, 49.682137991690801 ], [ -123.370222951140263, 49.682643019871762 ], [ -123.371435981152757, 49.673780013414891 ], [ -123.358080982218397, 49.669961044761905 ], [ -123.351657075570358, 49.664510035781433 ], [ -123.364661989025933, 49.659240000977931 ], [ -123.374782914724761, 49.649723031612275 ], [ -123.396244979285726, 49.652392041469511 ], [ -123.406247093043262, 49.649947994436033 ], [ -123.416634936946281, 49.657349028283846 ], [ -123.43318509545395, 49.653527016800417 ], [ -123.44111799083629, 49.657685053487704 ], [ -123.458769032848664, 49.652324064216685 ], [ -123.462915948062673, 49.649219037545613 ], [ -123.457944078437336, 49.641473956671923 ], [ -123.45871208917238, 49.631606984066828 ], [ -123.467022045024763, 49.625903051776355 ], [ -123.463205013493749, 49.617885004377413 ], [ -123.469890067801458, 49.610439945885851 ], [ -123.473227013306897, 49.616191978184531 ], [ -123.480800918181387, 49.621111016200672 ], [ -123.496640044564401, 49.619314022236935 ], [ -123.515988018057811, 49.627304012991097 ], [ -123.521786051988528, 49.636042955836544 ], [ -123.550105926625633, 49.635526968053725 ], [ -123.560323932913079, 49.629275997652542 ], [ -123.551050991277194, 49.621107979998328 ], [ -123.550572934426143, 49.609746939050979 ], [ -123.558975001774314, 49.606561000625348 ], [ -123.56216200854314, 49.608522994470107 ], [ -123.570627914987298, 49.606850946684112 ], [ -123.575238096074727, 49.596658984296432 ], [ -123.563352007055585, 49.590814949718478 ], [ -123.561943974728052, 49.585030004816893 ], [ -123.576325941685496, 49.576677980320405 ], [ -123.587660045331432, 49.578741970190826 ], [ -123.602659052623196, 49.566837944394443 ], [ -123.59980608298379, 49.563607045146654 ], [ -123.584891953258392, 49.559337979001121 ], [ -123.580265019155718, 49.550834061367674 ], [ -123.591404057244162, 49.530411973964789 ], [ -123.598111988683897, 49.524223045099106 ], [ -123.596381095250379, 49.492923952131001 ], [ -123.598896982653628, 49.470389055724397 ], [ -123.629401966005076, 49.442269968574038 ], [ -123.633929911361307, 49.430812960194537 ], [ -123.642748025885282, 49.42028501217154 ], [ -123.64433607677239, 49.412421054489613 ], [ -123.617567072971795, 49.392213033725696 ], [ -123.522408068660752, 49.342434959328912 ], [ -123.434517033028129, 49.305847027395778 ], [ -123.328760054303743, 49.272268003200402 ], [ -123.235728072947879, 49.267702959272306 ], [ -123.222843076464599, 49.262851994456597 ], [ -123.200159036625422, 49.264214996836799 ], [ -123.193482035444376, 49.260527047787875 ], [ -123.174695036635143, 49.240601964375493 ], [ -123.152764071236831, 49.241185990054198 ], [ -123.142646915856062, 49.238052961751144 ], [ -123.119234912479286, 49.240420953997265 ], [ -123.111619955279082, 49.243058945605362 ], [ -123.104411027300344, 49.234574044345379 ], [ -123.08703492231804, 49.23305800490175 ], [ -123.077126030761136, 49.236232033777917 ], [ -123.061176972786157, 49.231153988257887 ], [ -123.052719065658778, 49.231527025884986 ], [ -123.050415995662917, 49.243939010146114 ], [ -123.039477941677106, 49.263546043580412 ], [ -123.040526092063672, 49.272374011678785 ], [ -123.034239010689106, 49.280798941306067 ], [ -123.017894035394491, 49.288099994525538 ], [ -122.99797403823338, 49.279530992828334 ], [ -122.983981087053408, 49.288311044007543 ], [ -122.97292597329826, 49.27961697040741 ], [ -122.965523981513087, 49.276937956903566 ], [ -122.957805027117487, 49.276534941515607 ], [ -122.932906920968279, 49.281663976427694 ], [ -122.895516921806347, 49.281388991868255 ], [ -122.87313308862872, 49.266515049305248 ], [ -122.857754918269336, 49.267717975099771 ], [ -122.820610946880095, 49.261858030171496 ], [ -122.814537062988592, 49.265215979534155 ], [ -122.811986029675651, 49.313750063784887 ], [ -122.805220056125563, 49.334798057463303 ], [ -122.806505903424821, 49.339583001606961 ], [ -122.822194087139962, 49.348994063801712 ], [ -122.821978908935023, 49.355312043166286 ], [ -122.82848797246298, 49.367611045833314 ], [ -122.823972971664901, 49.371959970594183 ], [ -122.824530907847375, 49.378269005876909 ], [ -122.829251918736261, 49.381496056202195 ], [ -122.830630091972822, 49.389563001394094 ], [ -122.821629979708135, 49.39952396061873 ], [ -122.820248996110877, 49.40560395388443 ], [ -122.82615903591757, 49.409826977098881 ], [ -122.831304042775344, 49.428458041919384 ], [ -122.807148962827725, 49.450221002938761 ], [ -122.814264026263118, 49.455945983649414 ], [ -122.807086916059873, 49.462347970725531 ], [ -122.809698962658018, 49.47317894617202 ], [ -122.815981984379306, 49.476639945892344 ], [ -122.816912929393922, 49.482438980603305 ], [ -122.805034947097226, 49.501274971585659 ], [ -122.806656955869741, 49.504034032513943 ], [ -122.81329003711059, 49.505976011773441 ], [ -122.819019983931284, 49.503128055242435 ], [ -122.824853085820834, 49.504067944301603 ], [ -122.831756967887742, 49.501710971514946 ], [ -122.837561072661828, 49.501639999248226 ], [ -122.838016982739703, 49.504161031283779 ], [ -122.834341088836339, 49.511279025734147 ], [ -122.835964979014364, 49.514037987320663 ], [ -122.831832012209375, 49.518634937235319 ], [ -122.819375920001278, 49.516260059874114 ], [ -122.786097992717842, 49.531812030795408 ], [ -122.786284946525114, 49.538883028968925 ], [ -122.790632005421443, 49.542115940673746 ], [ -122.797229964440589, 49.542542962876283 ], [ -122.781401986496604, 49.559401001268739 ], [ -122.774376949369639, 49.572365962509508 ], [ -122.78151308355126, 49.578346017029205 ], [ -122.792685965771511, 49.57568805262985 ], [ -122.800308929209933, 49.570799057358485 ], [ -122.8104659193977, 49.573709055924766 ], [ -122.812200079989637, 49.580509048371567 ], [ -122.828824056917171, 49.59293895681342 ], [ -122.823533979784926, 49.598055055968096 ], [ -122.835740899046286, 49.604728039368872 ], [ -122.84587904399784, 49.606624968950271 ], [ -122.846102984834502, 49.614705957123832 ], [ -122.820850028029056, 49.613496945312825 ], [ -122.818237958265598, 49.617317016703808 ], [ -122.802122082019466, 49.624077063005494 ], [ -122.804939046840218, 49.627833024978941 ], [ -122.81820601659463, 49.63045306295944 ], [ -122.816035010337245, 49.636288963037138 ], [ -122.822748057242478, 49.640503003866257 ], [ -122.820230948379916, 49.64785897051047 ], [ -122.829481928322281, 49.659619970658376 ], [ -122.841558939921427, 49.660989015630093 ], [ -122.851821902171167, 49.666925989444657 ], [ -122.847296059407682, 49.67178099427327 ], [ -122.848156091640263, 49.674801958767574 ], [ -122.840923971861315, 49.680194994517969 ], [ -122.823195938306711, 49.685462027896762 ], [ -122.818699063141452, 49.691577943072986 ], [ -122.809382087515573, 49.691942060865912 ], [ -122.814200964388917, 49.69769400345217 ], [ -122.808529089459981, 49.703572046566528 ], [ -122.806422059057098, 49.711932999773744 ], [ -122.818941086813709, 49.714814993503424 ], [ -122.833058062760202, 49.733338065185812 ], [ -122.850015060830046, 49.741720063985959 ], [ -122.850947969858822, 49.74726602897767 ], [ -122.847580918688777, 49.752105960968379 ], [ -122.858690962476103, 49.759801008981107 ], [ -122.858436936492964, 49.764602936144648 ], [ -122.865935069451808, 49.768299940418011 ], [ -122.866184050538877, 49.77713795370213 ], [ -122.878535928185499, 49.787088957445256 ], [ -122.886242096940833, 49.797853944800003 ], [ -122.888448937128388, 49.806919982118778 ], [ -122.867140964666845, 49.82486796891245 ], [ -122.873791949599351, 49.825796018630101 ], [ -122.874685053459189, 49.829827054432926 ], [ -122.88059409291715, 49.832026047644199 ], [ -122.901882935217401, 49.826959003034879 ], [ -122.917349066640398, 49.836108944235939 ], [ -122.935256996508784, 49.835372994381785 ], [ -122.943468926040666, 49.83627701124162 ], [ -122.949411997493414, 49.839483034035879 ], [ -122.955195960609387, 49.837385996943432 ], [ -122.965012904768557, 49.839782957263452 ], [ -122.974947013730358, 49.845966965513618 ], [ -122.984780053558438, 49.861497954754242 ], [ -122.997114001862982, 49.856784983296222 ], [ -122.998727983648806, 49.858531965911673 ], [ -122.999998918176246, 49.861798029501664 ], [ -122.984052008328888, 49.875905946655209 ], [ -122.981935924064004, 49.883260055034683 ], [ -122.974946964809703, 49.884363027993338 ], [ -122.966955947053137, 49.891036974535652 ], [ -122.964982013510067, 49.903188025903958 ], [ -122.955197936580234, 49.902306043437093 ], [ -122.948093952008534, 49.912756057682948 ], [ -122.943816975888609, 49.913317036462459 ], [ -122.938201938337869, 49.920600040011777 ], [ -122.929797912376074, 49.922168058858595 ] ] ] } },
{ "type": "Feature", "properties": { "NAME": "Sechelt Indian Band", "SCALE": "1:250000" }, "geometry": { "type": "Polygon", "coordinates": [ [ [ -124.155293028314262, 50.32341803840832 ], [ -124.157279039332352, 50.317972970964512 ], [ -124.152562959233407, 50.309035011788538 ], [ -124.15146603409687, 50.296501946201516 ], [ -124.154761046111389, 50.290534965427156 ], [ -124.167016014878811, 50.283123949392944 ], [ -124.166982916318688, 50.270917986062145 ], [ -124.150457060063701, 50.265657942853757 ], [ -124.143843972807673, 50.254535013154765 ], [ -124.164441950496496, 50.242633039587403 ], [ -124.166993087680922, 50.228028006421219 ], [ -124.174546081019685, 50.223544019371509 ], [ -124.165188024980267, 50.219061054931764 ], [ -124.131485997906623, 50.223971062046132 ], [ -124.126459072046615, 50.223681010026972 ], [ -124.118407079070067, 50.21833394478147 ], [ -124.095360050438089, 50.215672013586001 ], [ -124.067385095289097, 50.216948959170729 ], [ -124.061683996705767, 50.210051029934263 ], [ -124.103999914465092, 50.200840937958212 ], [ -124.095550901672425, 50.177865026239587 ], [ -124.090995082625852, 50.174856961720216 ], [ -124.090907017671611, 50.170957953246784 ], [ -124.077759018848084, 50.161417939127688 ], [ -124.069281913812361, 50.148103983282411 ], [ -124.080123081846324, 50.137493028226544 ], [ -124.096048976845267, 50.141921001335191 ], [ -124.113859970856211, 50.136495996254908 ], [ -124.136313906436186, 50.137973938883569 ], [ -124.136240907681383, 50.12373400916929 ], [ -124.131112029801145, 50.118698050031924 ], [ -124.14604808730148, 50.114822008428071 ], [ -124.148902001551903, 50.101908967810402 ], [ -124.153304930568623, 50.098644971160255 ], [ -124.131511059759802, 50.079701960017182 ], [ -124.15137703314187, 50.062214937174119 ], [ -124.129705043675443, 50.047678976878629 ], [ -124.110090937214423, 50.041933951408922 ], [ -124.107389013246774, 50.038907986424505 ], [ -124.111144967732528, 50.030565058545342 ], [ -124.125320006854636, 50.02885495375218 ], [ -124.130258920806781, 50.026264004981009 ], [ -124.137263926151547, 50.033147041252867 ], [ -124.182001943740403, 50.033038984066721 ], [ -124.183259903007539, 50.030653023074656 ], [ -124.17656207563698, 50.025804063636919 ], [ -124.17773407218732, 50.009177989173111 ], [ -124.196077915485134, 49.9957669675387 ], [ -124.209074919374359, 49.98969806236564 ], [ -124.231834903701497, 49.964536959251234 ], [ -124.240944062305914, 49.961048963961034 ], [ -124.251665095084718, 49.938725039955479 ], [ -124.29812393886337, 49.927703031156092 ], [ -124.323111954946725, 49.929115971443217 ], [ -124.326201001647291, 49.926876960982462 ], [ -124.381963098145022, 49.9208009572015 ], [ -124.369694944013276, 49.904840030653197 ], [ -124.350443036564258, 49.892181020674514 ], [ -124.346513987220106, 49.873577058706772 ], [ -124.334868079473779, 49.869813058651488 ], [ -124.316869994853036, 49.844586955116689 ], [ -124.318267002807985, 49.838128963104886 ], [ -124.346042992973935, 49.800002022137726 ], [ -124.350629069833474, 49.776552056086501 ], [ -124.349135052173523, 49.745650971105093 ], [ -124.317525085350965, 49.722289949437872 ], [ -124.279231918703388, 49.700454942965585 ], [ -124.274541092479282, 49.693206999696599 ], [ -124.274099053170815, 49.668588012226621 ], [ -124.281111077020128, 49.604389946079387 ], [ -124.287112924046028, 49.596661000014166 ], [ -124.286493924360698, 49.587798055317563 ], [ -124.292416070622039, 49.580681034402758 ], [ -124.286725049941069, 49.56753605534329 ], [ -124.305868033081921, 49.558265018655767 ], [ -124.300500025179915, 49.549269010249503 ], [ -124.240572068841374, 49.526093020130951 ], [ -124.216638051697188, 49.520627022590439 ], [ -124.194086093898889, 49.511566948071405 ], [ -124.158366038349484, 49.486903995784424 ], [ -124.134002903674755, 49.461643027943005 ], [ -124.089771076625667, 49.429178000210221 ], [ -123.997667086015738, 49.387238040161023 ], [ -123.88653800654582, 49.344158947297714 ], [ -123.769151995434697, 49.301858956485241 ], [ -123.737672093410893, 49.317079938483261 ], [ -123.683206920528292, 49.359362948824561 ], [ -123.650459983891665, 49.390276982437811 ], [ -123.642748025885282, 49.42028501217154 ], [ -123.633929911361307, 49.430812960194537 ], [ -123.629401966005076, 49.442269968574038 ], [ -123.598896982653628, 49.470389055724397 ], [ -123.596381095250379, 49.492923952131001 ], [ -123.598111988683897, 49.524223045099106 ], [ -123.591404057244162, 49.530411973964789 ], [ -123.580265019155718, 49.550834061367674 ], [ -123.584891953258392, 49.559337979001121 ], [ -123.59980608298379, 49.563607045146654 ], [ -123.602659052623196, 49.566837944394443 ], [ -123.587660045331432, 49.578741970190826 ], [ -123.576325941685496, 49.576677980320405 ], [ -123.561943974728052, 49.585030004816893 ], [ -123.563352007055585, 49.590814949718478 ], [ -123.575238096074727, 49.596658984296432 ], [ -123.570627914987298, 49.606850946684112 ], [ -123.56216200854314, 49.608522994470107 ], [ -123.558975001774314, 49.606561000625348 ], [ -123.550572934426143, 49.609746939050979 ], [ -123.551050991277194, 49.621107979998328 ], [ -123.560323932913079, 49.629275997652542 ], [ -123.550105926625633, 49.635526968053725 ], [ -123.521786051988528, 49.636042955836544 ], [ -123.515988018057811, 49.627304012991097 ], [ -123.496640044564401, 49.619314022236935 ], [ -123.480800918181387, 49.621111016200672 ], [ -123.473227013306897, 49.616191978184531 ], [ -123.469890067801458, 49.610439945885851 ], [ -123.463205013493749, 49.617885004377413 ], [ -123.467022045024763, 49.625903051776355 ], [ -123.45871208917238, 49.631606984066828 ], [ -123.457944078437336, 49.641473956671923 ], [ -123.462915948062673, 49.649219037545613 ], [ -123.458769032848664, 49.652324064216685 ], [ -123.44111799083629, 49.657685053487704 ], [ -123.43318509545395, 49.653527016800417 ], [ -123.416634936946281, 49.657349028283846 ], [ -123.406247093043262, 49.649947994436033 ], [ -123.396244979285726, 49.652392041469511 ], [ -123.374782914724761, 49.649723031612275 ], [ -123.364661989025933, 49.659240000977931 ], [ -123.351657075570358, 49.664510035781433 ], [ -123.358080982218397, 49.669961044761905 ], [ -123.371435981152757, 49.673780013414891 ], [ -123.370222951140263, 49.682643019871762 ], [ -123.355048904669204, 49.682137991690801 ], [ -123.34621199652014, 49.684811032109494 ], [ -123.345210022175294, 49.68912299956434 ], [ -123.336022096401379, 49.692810954955299 ], [ -123.33711399420892, 49.70113093839818 ], [ -123.331145003228499, 49.707796939399181 ], [ -123.324199067396876, 49.709173971852252 ], [ -123.317658058299912, 49.721408031980445 ], [ -123.322197960220805, 49.728408029658652 ], [ -123.330494951107639, 49.731808996149645 ], [ -123.335694095177757, 49.745871002829588 ], [ -123.315463913957799, 49.745948960739945 ], [ -123.305269066068178, 49.743840988082574 ], [ -123.295632008936892, 49.746270002341653 ], [ -123.273790078668284, 49.744850967168134 ], [ -123.272150035202699, 49.75321394926867 ], [ -123.278214982159383, 49.759433983840772 ], [ -123.266506921030583, 49.769219957828575 ], [ -123.2831989233961, 49.767943939502189 ], [ -123.302806066808074, 49.782280948332378 ], [ -123.302478054225119, 49.794412980980567 ], [ -123.309179955639124, 49.796578984069058 ], [ -123.318312035785624, 49.811589043266459 ], [ -123.329965988105158, 49.820998964889093 ], [ -123.33107105552368, 49.839928027831071 ], [ -123.327593013805711, 49.840742996057415 ], [ -123.325541077428994, 49.848354951364016 ], [ -123.333400977041464, 49.849995008061725 ], [ -123.338260060705721, 49.854716017216646 ], [ -123.353994092105665, 49.858245995150497 ], [ -123.355395097328255, 49.864285979990207 ], [ -123.375684031674936, 49.864452945673165 ], [ -123.38330695284597, 49.86988294909208 ], [ -123.390323962416019, 49.869765025491752 ], [ -123.398516907217243, 49.879732051603675 ], [ -123.403995048857624, 49.880143970003452 ], [ -123.412783933649862, 49.875446949421281 ], [ -123.425233909125083, 49.894181944437861 ], [ -123.425353964021141, 49.897211979674907 ], [ -123.420364066811103, 49.89931896855532 ], [ -123.441488061142081, 49.900470951672453 ], [ -123.457398004520869, 49.907773939338561 ], [ -123.462038932457006, 49.906682017388839 ], [ -123.473558996559717, 49.911533010798685 ], [ -123.485621944753944, 49.910561939263879 ], [ -123.506124931155824, 49.896554967861853 ], [ -123.524898967802386, 49.888133968402833 ], [ -123.527543953884205, 49.886064972503746 ], [ -123.525867946731196, 49.883315940742499 ], [ -123.539387946769139, 49.880039948807976 ], [ -123.548152033481742, 49.87507995238095 ], [ -123.54977492375663, 49.858123004638593 ], [ -123.546240931954699, 49.848334026970043 ], [ -123.548616963354846, 49.83995297161124 ], [ -123.554092045922758, 49.840358052181855 ], [ -123.564511991893553, 49.846989006526833 ], [ -123.57701190310398, 49.847516029563238 ], [ -123.578938922801044, 49.856070956000892 ], [ -123.585457042114058, 49.862519056494563 ], [ -123.577141995200023, 49.868736941722887 ], [ -123.574705952159448, 49.875602953767654 ], [ -123.567481926974807, 49.880031953844622 ], [ -123.570850083575237, 49.885780975394518 ], [ -123.567046944405234, 49.888124004459968 ], [ -123.565050031817847, 49.905340977610138 ], [ -123.551771065803337, 49.91442694262814 ], [ -123.548624094391315, 49.923074950564327 ], [ -123.571170927253618, 49.920640030422511 ], [ -123.579647947182295, 49.92705297727845 ], [ -123.589978090478851, 49.922061017102067 ], [ -123.61812690497446, 49.931641023534425 ], [ -123.609167031441928, 49.941157031480202 ], [ -123.606638060553649, 49.95484803220149 ], [ -123.59510891063529, 49.959357997851228 ], [ -123.586335999515086, 49.973415963742475 ], [ -123.59102404502859, 49.973330055455449 ], [ -123.600998920898647, 49.977944051082709 ], [ -123.600580032731145, 49.986289021471883 ], [ -123.605720977051789, 49.996552038675283 ], [ -123.601613087844854, 50.010019004955161 ], [ -123.60456992191466, 50.015016982722884 ], [ -123.617630996806994, 50.009466972241412 ], [ -123.618671066513826, 50.006415037089944 ], [ -123.634977022027073, 50.003581029530118 ], [ -123.630865976434293, 50.016797031890668 ], [ -123.64225203290907, 50.035277024587749 ], [ -123.629936955263815, 50.040057998970461 ], [ -123.631355913588436, 50.045589936157185 ], [ -123.63619597204503, 50.04878305191783 ], [ -123.617582038823258, 50.052923018498831 ], [ -123.614618053591286, 50.056769023166495 ], [ -123.619267064382342, 50.064513037671766 ], [ -123.622409086076402, 50.064707054479307 ], [ -123.630179925791083, 50.072139976599566 ], [ -123.638110032555247, 50.074263990081811 ], [ -123.649241996428287, 50.08668499463154 ], [ -123.645304066527515, 50.086254976995804 ], [ -123.622725994855699, 50.09855595246681 ], [ -123.606458004619086, 50.094059981506661 ], [ -123.595591082862683, 50.096536040551584 ], [ -123.603281039881352, 50.111047034491889 ], [ -123.590061928587986, 50.122660943641542 ], [ -123.589465087294826, 50.126967031967027 ], [ -123.597523026356029, 50.131870022775409 ], [ -123.594542019807776, 50.135462953837099 ], [ -123.595982019535512, 50.141498950244497 ], [ -123.5856490819275, 50.147500954833347 ], [ -123.584714032782315, 50.153077061998509 ], [ -123.57934409640788, 50.155955045205644 ], [ -123.582689073879877, 50.160694001537628 ], [ -123.58131889734787, 50.174361055588065 ], [ -123.587782058685789, 50.178536993139872 ], [ -123.598429941743888, 50.179603009627769 ], [ -123.609650914851471, 50.175857048477553 ], [ -123.61516599652316, 50.176258999319366 ], [ -123.62166591788295, 50.181189974791884 ], [ -123.628806012761004, 50.18282501608607 ], [ -123.641034048832822, 50.175266975263753 ], [ -123.643917937797937, 50.187086973929205 ], [ -123.646732029204131, 50.188549021993943 ], [ -123.645557079151516, 50.197414027881031 ], [ -123.637955039071031, 50.20311598059088 ], [ -123.630912999631633, 50.203754030241051 ], [ -123.638069053754833, 50.214482977015791 ], [ -123.663080923258107, 50.211480981329089 ], [ -123.689465057203819, 50.204152005696663 ], [ -123.70073093611019, 50.19281699317596 ], [ -123.706593951348211, 50.192198040596786 ], [ -123.724069911932574, 50.196402995542115 ], [ -123.730595007034879, 50.201581040888293 ], [ -123.729271901638612, 50.206913009676839 ], [ -123.716562924284972, 50.21246803286278 ], [ -123.703251964691106, 50.222074965335899 ], [ -123.69701590096966, 50.231797011316146 ], [ -123.710983052782893, 50.236326052713451 ], [ -123.714378042560199, 50.233227051941554 ], [ -123.721781040796984, 50.231818975568196 ], [ -123.728868098909615, 50.24052301883281 ], [ -123.744591935349433, 50.240464937338118 ], [ -123.756673100407241, 50.24654099031207 ], [ -123.75642297360686, 50.249577994417571 ], [ -123.767675005536688, 50.262996937458055 ], [ -123.772842913617637, 50.264156010802715 ], [ -123.774631039954187, 50.268668030248399 ], [ -123.78767300674582, 50.269921967917661 ], [ -123.794681006406833, 50.276601996966768 ], [ -123.80665491109005, 50.280149032737327 ], [ -123.809172065800865, 50.283382063672249 ], [ -123.818608000581861, 50.283189996298375 ], [ -123.827525960394993, 50.288565941097673 ], [ -123.838560091576142, 50.288843969754012 ], [ -123.847225015587497, 50.297002964986035 ], [ -123.864270956014934, 50.299428959139952 ], [ -123.874066949233011, 50.314384060983336 ], [ -123.885459081556732, 50.321725003729135 ], [ -123.876672903457859, 50.327214935183633 ], [ -123.874701040712338, 50.335088012710628 ], [ -123.893081972349705, 50.340261023458865 ], [ -123.89813400402771, 50.34672395594621 ], [ -123.905245016524049, 50.347078947602519 ], [ -123.909616916489483, 50.356822035052339 ], [ -123.932443071418248, 50.348768944712432 ], [ -123.952787008919216, 50.344982058010821 ], [ -123.971908015381231, 50.355026027608382 ], [ -123.98049794573636, 50.352266989996238 ], [ -124.001855084305973, 50.35793898413506 ], [ -124.009432079686974, 50.353589939438812 ], [ -124.030900029319511, 50.35162300519174 ], [ -124.043998050338431, 50.347285989971375 ], [ -124.05051403363403, 50.352614020470128 ], [ -124.062683024752957, 50.35619802878562 ], [ -124.067424005476312, 50.361822972340171 ], [ -124.079797911535479, 50.361385041432477 ], [ -124.089676053634534, 50.363688046231658 ], [ -124.102208907141289, 50.361132038323326 ], [ -124.112367910011514, 50.355998963010343 ], [ -124.12237601820982, 50.342171063164884 ], [ -124.13140003520391, 50.342931033273679 ], [ -124.139028031819549, 50.346442040756997 ], [ -124.140987927651878, 50.345258047689086 ], [ -124.155862014333323, 50.335957044494975 ], [ -124.152181908607488, 50.326161002945341 ], [ -124.155293028314262, 50.32341803840832 ] ] ] } },
{ "type": "Feature", "properties": { "NAME": "Musqueam Nation", "SCALE": "1:250000" }, "geometry": { "type": "Polygon", "coordinates": [ [ [ -122.806476936727066, 49.320575967207986 ], [ -122.80090304829001, 49.331544050641689 ], [ -122.801944052601684, 49.339823945259646 ], [ -122.817658089794563, 49.349543004528968 ], [ -122.823788038300052, 49.367831998560568 ], [ -122.819284941194951, 49.371378950595265 ], [ -122.826341949675751, 49.389339975176142 ], [ -122.817996946396363, 49.3979459983032 ], [ -122.815947016412352, 49.406518026986404 ], [ -122.822129916831898, 49.411222036316602 ], [ -122.826885901954313, 49.428766022123533 ], [ -122.81488702933386, 49.436544950215676 ], [ -122.802702031522244, 49.449731049230785 ], [ -122.809831988105046, 49.456628045572501 ], [ -122.80277905157736, 49.462224963752 ], [ -122.805777990833278, 49.474974048682796 ], [ -122.812574033178834, 49.478853025286881 ], [ -122.812655998989968, 49.481909989705585 ], [ -122.803287985775711, 49.493578994752475 ], [ -122.804355018600731, 49.498352037708905 ], [ -122.80044302581409, 49.499873042940713 ], [ -122.801473048839043, 49.504582018659974 ], [ -122.809416973652674, 49.508334058215929 ], [ -122.832511029365094, 49.504425014711749 ], [ -122.8315140164393, 49.513702954649304 ], [ -122.817536979754394, 49.51373996615456 ], [ -122.791162036613926, 49.524684981499931 ], [ -122.782040018726519, 49.530998980681318 ], [ -122.782278995529822, 49.539980029421734 ], [ -122.791684903131468, 49.544796033722115 ], [ -122.777696982993135, 49.55798400563345 ], [ -122.770280097848627, 49.571631993948706 ], [ -122.771803910975748, 49.575646004196912 ], [ -122.781197078643231, 49.581096944447772 ], [ -122.794921961271044, 49.577948056073552 ], [ -122.800754904646467, 49.574313987688349 ], [ -122.808071966899007, 49.576261056036294 ], [ -122.807986915509886, 49.581924059369321 ], [ -122.823803917184733, 49.593395040059129 ], [ -122.818162051596161, 49.598966944765458 ], [ -122.841334973897119, 49.610097061165305 ], [ -122.851047975199549, 49.619150982616659 ], [ -122.893956962151336, 49.630539012542116 ], [ -122.928936960376205, 49.637026055358355 ], [ -123.003772025684185, 49.64513897017175 ], [ -123.010729073224837, 49.647516959966026 ], [ -123.027753996275138, 49.646562979186392 ], [ -123.031597030222045, 49.643706971870408 ], [ -123.028285010867421, 49.614326961289109 ], [ -123.030472940246582, 49.602549936508353 ], [ -123.072349042666744, 49.596226983454976 ], [ -123.081666909645733, 49.59134401231929 ], [ -123.084950062346053, 49.586702062019661 ], [ -123.088736081002921, 49.556367007476346 ], [ -123.092384941255446, 49.55338999481674 ], [ -123.146483015947211, 49.557853941458802 ], [ -123.152892921990471, 49.562366001222358 ], [ -123.163979906221428, 49.544269941871747 ], [ -123.193354016234551, 49.534707980118462 ], [ -123.199153938562787, 49.523635994242589 ], [ -123.1879369251768, 49.503075992546066 ], [ -123.197368909938774, 49.488429050135444 ], [ -123.184385066215242, 49.480836969064939 ], [ -123.184353918976043, 49.47251004577241 ], [ -123.179963951451441, 49.469542951720705 ], [ -123.177751053370883, 49.462885001515204 ], [ -123.194902996375973, 49.46476102802778 ], [ -123.208917076580207, 49.457717999044547 ], [ -123.219850985403554, 49.456151034595685 ], [ -123.248810973810109, 49.457961010983823 ], [ -123.258992990126245, 49.454984958264781 ], [ -123.283419036383407, 49.442239942569302 ], [ -123.293154005117302, 49.421829061864358 ], [ -123.291063975499085, 49.402521942954664 ], [ -123.298870045976372, 49.375162052424102 ], [ -123.306961934367664, 49.359936958782164 ], [ -123.326205043307112, 49.339909948077121 ], [ -123.354793086649465, 49.317497970955543 ], [ -123.363474015159682, 49.31457297720231 ], [ -123.402422069501725, 49.309393941802377 ], [ -123.421498055653572, 49.309237984504207 ], [ -123.26990106962846, 49.016735966330636 ], [ -123.078549045604646, 49.072852962973172 ], [ -123.03038597334573, 49.097354939949966 ], [ -123.008788914626635, 49.111282985222878 ], [ -122.910436997925075, 49.155965008827572 ], [ -122.857156032670758, 49.186062030569495 ], [ -122.82555508543463, 49.211889033052906 ], [ -122.812932045606644, 49.228910030820913 ], [ -122.803314088495597, 49.270394019510377 ], [ -122.806476936727066, 49.320575967207986 ] ] ] } },
{ "type": "Feature", "properties": { "NAME": "Katzie Indian Band", "SCALE": "1:250000" }, "geometry": { "type": "Polygon", "coordinates": [ [ [ -122.766818955208464, 49.263553034640076 ], [ -122.7702550384478, 49.262454939811015 ], [ -122.772494070560029, 49.248465974184846 ], [ -122.786820080062412, 49.227605998717877 ], [ -122.833204025124076, 49.222445050914949 ], [ -122.871153976335989, 49.226329055009792 ], [ -122.901789046822387, 49.220055011211215 ], [ -122.963935988412501, 49.197524989674868 ], [ -122.995823971481911, 49.180417996211567 ], [ -123.081487099989616, 49.156780956965079 ], [ -123.135630054906571, 49.126798004627261 ], [ -123.143406915049866, 49.113679933695309 ], [ -123.140378054095635, 49.096926960062596 ], [ -123.129808966032172, 49.088645979554109 ], [ -123.109805089937581, 49.078699032293059 ], [ -123.066102916051264, 49.063937057941033 ], [ -123.057632032831677, 49.063723052917972 ], [ -123.035347971632078, 49.056673023325857 ], [ -123.029013934710719, 49.052736957249671 ], [ -123.006631055066919, 49.049310019018769 ], [ -122.954476007811849, 49.031764002685755 ], [ -122.939679057254423, 49.030842026016181 ], [ -122.931818090567972, 49.027025057855141 ], [ -122.877122061688496, 49.021677021794133 ], [ -122.86678199034823, 49.017651965369041 ], [ -122.836673089715703, 49.011601026549641 ], [ -122.806024912526908, 49.0128289524922 ], [ -122.784225921707431, 49.017924960824253 ], [ -122.749588009431747, 49.036396939857696 ], [ -122.672253060604206, 49.084968050549193 ], [ -122.65564302733479, 49.091967033887286 ], [ -122.64649199130271, 49.100589002384709 ], [ -122.638814985895635, 49.101886961320275 ], [ -122.638427967967687, 49.109352999632819 ], [ -122.62362998137489, 49.128319991267638 ], [ -122.61262902894525, 49.158088953674799 ], [ -122.589405003895877, 49.188549002609435 ], [ -122.558934954219851, 49.191009050207363 ], [ -122.548275081953037, 49.18918894669919 ], [ -122.517986927865934, 49.192285958257557 ], [ -122.486402047488866, 49.20100195154658 ], [ -122.447381933471135, 49.219557027124097 ], [ -122.431539927592539, 49.231860055929097 ], [ -122.417173911608558, 49.256238952008232 ], [ -122.419592011441793, 49.305240015079058 ], [ -122.414450910531798, 49.3049470189857 ], [ -122.406469085212834, 49.308731998512989 ], [ -122.398309027275957, 49.309445047375092 ], [ -122.395280045516031, 49.312919050288897 ], [ -122.376139993700875, 49.316360041508297 ], [ -122.345742041220674, 49.330393007521174 ], [ -122.337456091688509, 49.343636990800867 ], [ -122.337663008845141, 49.363920063590328 ], [ -122.334569899092301, 49.368307040606275 ], [ -122.329940091068053, 49.368355033333081 ], [ -122.328165923243972, 49.365014958562369 ], [ -122.316983042120754, 49.366979018432382 ], [ -122.301629974320903, 49.386121962963124 ], [ -122.309122023307907, 49.407436943597027 ], [ -122.33242909385919, 49.415992005855045 ], [ -122.343941035257174, 49.42313294717534 ], [ -122.354183944263013, 49.433610054966152 ], [ -122.355943920326411, 49.440039964416769 ], [ -122.348483024171685, 49.446417977336488 ], [ -122.350284968323407, 49.449638021356371 ], [ -122.358817927875691, 49.455302987331081 ], [ -122.36297709539808, 49.466559956433699 ], [ -122.377045068051373, 49.472655063096198 ], [ -122.386121065488211, 49.484740977904728 ], [ -122.402058016098678, 49.489638984213727 ], [ -122.408216031706402, 49.489268971237344 ], [ -122.419981943306581, 49.482908947065617 ], [ -122.432892017561798, 49.483775958316571 ], [ -122.437234927092049, 49.480586998733834 ], [ -122.447696943605649, 49.480235946510909 ], [ -122.45429506661786, 49.495514004162601 ], [ -122.446222955028858, 49.501895016639828 ], [ -122.446095971309902, 49.513128956573063 ], [ -122.465096090372214, 49.520842066412982 ], [ -122.462475000430118, 49.53527393943007 ], [ -122.454428063749631, 49.538847053857467 ], [ -122.450979937623373, 49.544568041871379 ], [ -122.453386062556902, 49.549794967760825 ], [ -122.461315039104463, 49.557054019519065 ], [ -122.473633962985218, 49.557512005279278 ], [ -122.48475406637327, 49.55475396401863 ], [ -122.488954054542006, 49.565604985741764 ], [ -122.482663972514601, 49.577614016832335 ], [ -122.454864036269711, 49.583102975635192 ], [ -122.462177022885967, 49.590760963526165 ], [ -122.478165036681858, 49.594845956924424 ], [ -122.486676014025107, 49.606519971443717 ], [ -122.502641921651687, 49.61340997691989 ], [ -122.516110029645873, 49.623898941011817 ], [ -122.516560088419311, 49.640751948941855 ], [ -122.512190980539842, 49.645548062906194 ], [ -122.516290944305382, 49.649375991209965 ], [ -122.55139304837725, 49.658744984177979 ], [ -122.540155071991634, 49.67194099044562 ], [ -122.540735049333165, 49.675956012671193 ], [ -122.553613004887268, 49.686037055397357 ], [ -122.543616036618772, 49.698033961531571 ], [ -122.544203935715132, 49.701245992348198 ], [ -122.558316054596048, 49.712534989083863 ], [ -122.551456919511452, 49.718928038798659 ], [ -122.554347995744905, 49.740764032939502 ], [ -122.564819007290751, 49.745618023141873 ], [ -122.580897999056745, 49.746079028069111 ], [ -122.598256050490519, 49.741325938403548 ], [ -122.619256059864384, 49.745007955879856 ], [ -122.623557968639815, 49.748632007324566 ], [ -122.599549013305818, 49.779259967637003 ], [ -122.630216960390342, 49.805311019055097 ], [ -122.652895999550879, 49.820482056824993 ], [ -122.638396067732984, 49.834383952073019 ], [ -122.624438929932637, 49.854410018480301 ], [ -122.624703078017887, 49.868855959300106 ], [ -122.627816936956336, 49.870641968603394 ], [ -122.644267009093412, 49.870266976372996 ], [ -122.692651030428237, 49.87598199430672 ], [ -122.699638038606835, 49.885807995881372 ], [ -122.706548918588453, 49.888298955459419 ], [ -122.73324497241569, 49.885390988771604 ], [ -122.735662071800121, 49.902017994752867 ], [ -122.744153988103335, 49.922538984265834 ], [ -122.753516083734979, 49.927579031964314 ], [ -122.770288991598875, 49.929160016427375 ], [ -122.781863996128209, 49.933374004139168 ], [ -122.792512977288254, 49.916982956210823 ], [ -122.798318002893623, 49.91406598725564 ], [ -122.819116048907418, 49.917121989450287 ], [ -122.844667961255581, 49.926423061890439 ], [ -122.855409029705314, 49.90326805114691 ], [ -122.87566095147713, 49.889493972393012 ], [ -122.890970080054245, 49.893904032133008 ], [ -122.903753003538043, 49.90729801114545 ], [ -122.919364927620109, 49.912108944601052 ], [ -122.922117068670687, 49.919391050742995 ], [ -122.928980970412681, 49.91002403707482 ], [ -122.9502890707261, 49.896358979488959 ], [ -122.959254953338231, 49.8824170450442 ], [ -122.981172910170116, 49.867865026881404 ], [ -123.001087981085945, 49.842804046746977 ], [ -122.999768974761267, 49.838751983691701 ], [ -122.972141068192343, 49.829142974160618 ], [ -122.940923945917973, 49.826252981522892 ], [ -122.891914040920838, 49.827274961302805 ], [ -122.875640935014914, 49.82446603145641 ], [ -122.855274009229774, 49.815685971703935 ], [ -122.848037916298807, 49.798417061560372 ], [ -122.846441086913174, 49.778968976471901 ], [ -122.849786960404046, 49.76426301513996 ], [ -122.844570929987313, 49.751223046608011 ], [ -122.844994047953705, 49.739719941181718 ], [ -122.82826106661355, 49.730970949043005 ], [ -122.813074087883464, 49.711205017906508 ], [ -122.815795965095617, 49.698594042443325 ], [ -122.813312086010484, 49.685085061247612 ], [ -122.835676998863448, 49.674321059578688 ], [ -122.844086946736084, 49.665873032677425 ], [ -122.836763907941133, 49.657633032995172 ], [ -122.821486902006626, 49.653320003463683 ], [ -122.813864989139077, 49.644750043451715 ], [ -122.818906953884124, 49.634292979893559 ], [ -122.813701924406516, 49.627654959031396 ], [ -122.795498005114283, 49.620932952665761 ], [ -122.795805092539098, 49.618064065215613 ], [ -122.809362034435836, 49.610872941016467 ], [ -122.834889062121277, 49.6112990029782 ], [ -122.840996951191073, 49.610196995613101 ], [ -122.842524052600439, 49.606514026561157 ], [ -122.837917908669823, 49.602501050046058 ], [ -122.82663201039864, 49.600814993019654 ], [ -122.817932947832091, 49.593788940879278 ], [ -122.821043004559158, 49.585446041294816 ], [ -122.806713063911261, 49.576407956767007 ], [ -122.804690092004407, 49.569057952376333 ], [ -122.787260095230721, 49.567024003544589 ], [ -122.770321088822044, 49.569997036870859 ], [ -122.766752974886174, 49.565314987731107 ], [ -122.771690903897422, 49.557069004429586 ], [ -122.750382922615771, 49.557840996634788 ], [ -122.718376974904601, 49.566335995892658 ], [ -122.702857984887657, 49.54181605986421 ], [ -122.714898963230382, 49.517771969799121 ], [ -122.697407046028403, 49.511606955712708 ], [ -122.705584031246914, 49.505098987991595 ], [ -122.708144089766719, 49.495721046717321 ], [ -122.702546937337601, 49.489870976150868 ], [ -122.707584069245954, 49.484580017913267 ], [ -122.692591059370898, 49.480868029528672 ], [ -122.679531052255498, 49.46900004128716 ], [ -122.693998091084936, 49.455982007001772 ], [ -122.695976979570048, 49.439256963173783 ], [ -122.690368931774927, 49.436386060245262 ], [ -122.677868033521747, 49.436351998537646 ], [ -122.666086967335659, 49.422445041967137 ], [ -122.686811035240666, 49.406182048673728 ], [ -122.686828944655019, 49.403324979945111 ], [ -122.683756030100227, 49.395564013519525 ], [ -122.6650900763442, 49.38531002142323 ], [ -122.673867990985315, 49.379826025359847 ], [ -122.68960397876063, 49.359467028908909 ], [ -122.704654968193168, 49.347265935178079 ], [ -122.709686943147062, 49.340341015451166 ], [ -122.709118944364448, 49.330955059902188 ], [ -122.713511093645906, 49.326477033789459 ], [ -122.75789406415231, 49.305359965177843 ], [ -122.762406940312033, 49.274358034086802 ], [ -122.766818955208464, 49.263553034640076 ] ] ] } },
{ "type": "Feature", "properties": { "NAME": "Esk'etemc First Nation", "SCALE": "1:250000" }, "geometry": { "type": "Polygon", "coordinates": [ [ [ -123.848638921611638, 50.954256994749365 ], [ -123.842679030349373, 50.943614942249596 ], [ -123.841288049842532, 50.92381799915163 ], [ -123.836887047350942, 50.920074036780314 ], [ -123.840928981656504, 50.912233993049774 ], [ -123.840134063491959, 50.90173603257584 ], [ -123.820994952604238, 50.904173003020183 ], [ -123.807889929505535, 50.911087016748098 ], [ -123.78163506267272, 50.909727946596576 ], [ -123.777802900347652, 50.907406042359206 ], [ -123.762230997250498, 50.906564052554572 ], [ -123.766952959053739, 50.901291989464077 ], [ -123.768012071955056, 50.886275965467625 ], [ -123.76333595649217, 50.87493997613393 ], [ -123.738002915188247, 50.880187988055184 ], [ -123.709523064992794, 50.894575007146663 ], [ -123.703880014008647, 50.89168604241587 ], [ -123.689485087561977, 50.875419989791773 ], [ -123.677825967954377, 50.875634985291605 ], [ -123.669524048918774, 50.87692199731994 ], [ -123.661272071414373, 50.882545042616002 ], [ -123.662092015114752, 50.898751034576307 ], [ -123.659314943675824, 50.901102019171752 ], [ -123.639577005381554, 50.899288005720322 ], [ -123.62793697171108, 50.893504959492013 ], [ -123.611592023279016, 50.895727995902014 ], [ -123.605575913469252, 50.89996996467638 ], [ -123.596313928020251, 50.914210049684669 ], [ -123.596666971635202, 50.922257039020735 ], [ -123.59299901093604, 50.92649101587913 ], [ -123.573863898549192, 50.931685001441117 ], [ -123.543601907328124, 50.928115008820946 ], [ -123.534842943465961, 50.930420038814894 ], [ -123.523867009732797, 50.938038013967486 ], [ -123.500248034811463, 50.938949937263565 ], [ -123.499132913160508, 50.957901001928022 ], [ -123.483002089310503, 50.956395010532283 ], [ -123.468388977046317, 50.96412901180112 ], [ -123.368483065736541, 50.963198997007268 ], [ -123.344901925468946, 50.956374022152573 ], [ -123.332828899770774, 50.949706989640973 ], [ -123.324222035597018, 50.948514937861226 ], [ -123.279227913601545, 50.923199021248699 ], [ -123.259222101131655, 50.920521949970968 ], [ -123.25678595709816, 50.923148032814368 ], [ -123.232544100692365, 50.927200980355998 ], [ -123.205938051352717, 50.927882047259907 ], [ -123.157795079376399, 50.934136962921912 ], [ -123.094342957389273, 50.937043047689222 ], [ -123.072070084268304, 50.942264986680442 ], [ -123.031955044490033, 50.947622989523353 ], [ -122.957346916417066, 50.973720982961048 ], [ -122.82306694262644, 51.005397043942196 ], [ -122.705202097474981, 51.017303979746742 ], [ -122.689523974234234, 51.016318997523172 ], [ -122.599918070175548, 51.026023038130255 ], [ -122.559119063378361, 51.032413945396875 ], [ -122.515833053426675, 51.033810059718128 ], [ -122.484817073159434, 51.041881948485795 ], [ -122.478094939870232, 51.047096995789559 ], [ -122.460815019490042, 51.049951064259915 ], [ -122.452768902465792, 51.054121057623355 ], [ -122.410862019925233, 51.058797966720491 ], [ -122.365072893486456, 51.072734058866537 ], [ -122.334647994613476, 51.078724057374096 ], [ -122.32500796372392, 51.084927057228519 ], [ -122.294094911129818, 51.092102005297988 ], [ -122.266269016716976, 51.093872024641193 ], [ -122.228006966316698, 51.099769055835942 ], [ -122.208454915340255, 51.105476982787543 ], [ -122.189164933634757, 51.120430997114369 ], [ -122.15131805120653, 51.139719047826652 ], [ -122.136071003596854, 51.168228940392552 ], [ -122.135465076854615, 51.179580985706778 ], [ -122.156277943910894, 51.185141020168857 ], [ -122.161604942092481, 51.191582012929153 ], [ -122.16226204534567, 51.203745031132883 ], [ -122.154846015214332, 51.214407022860506 ], [ -122.155794982734577, 51.216926994921209 ], [ -122.165346031816114, 51.217472010535054 ], [ -122.171881003232201, 51.23179995362257 ], [ -122.186595073016434, 51.242948002641739 ], [ -122.192451087568102, 51.250820025196084 ], [ -122.192715907651404, 51.27833201649748 ], [ -122.207711013453562, 51.28091900266687 ], [ -122.219098006931731, 51.290836043088333 ], [ -122.233680904968466, 51.291474949373494 ], [ -122.243691086198425, 51.302289950206045 ], [ -122.253069920403007, 51.332218969438202 ], [ -122.215626017478542, 51.425271014022577 ], [ -122.223549947669056, 51.431732016523704 ], [ -122.238984914365361, 51.437913972713368 ], [ -122.245804103524435, 51.454579967160335 ], [ -122.248505977622742, 51.456884955838468 ], [ -122.25891410179949, 51.458398973908544 ], [ -122.27157998897448, 51.486241054277123 ], [ -122.280438069728632, 51.487740962513556 ], [ -122.289090990544665, 51.500481031463984 ], [ -122.291784908215106, 51.508606972901788 ], [ -122.284362040465552, 51.518534012877829 ], [ -122.285029007618149, 51.522135017064564 ], [ -122.293742947642826, 51.542123981719513 ], [ -122.299974069916047, 51.572934961207849 ], [ -122.296995916713982, 51.581762944233027 ], [ -122.309375065244623, 51.60160204392475 ], [ -122.290597061539856, 51.603962956767596 ], [ -122.276466937721125, 51.603220934557505 ], [ -122.267963917974328, 51.606061943679215 ], [ -122.249111968419328, 51.607274000801645 ], [ -122.233536090937832, 51.614732991287049 ], [ -122.226345906291655, 51.62528594539809 ], [ -122.208782902755942, 51.630499000715275 ], [ -122.200774980854632, 51.635679045675296 ], [ -122.152898932899447, 51.631024013820948 ], [ -122.132932979015138, 51.623646963808937 ], [ -122.103399072998741, 51.61720196136794 ], [ -122.060523018621026, 51.612101002805481 ], [ -122.043116938454205, 51.625564936455447 ], [ -122.019605032053079, 51.632685963882317 ], [ -121.974293998258943, 51.640083963622573 ], [ -121.954557092220597, 51.639071053719263 ], [ -121.942275069079528, 51.641276982916686 ], [ -121.898488947117556, 51.632225001624448 ], [ -121.874530918371406, 51.62447296338258 ], [ -121.818943002777971, 51.589057954321994 ], [ -121.797115903164098, 51.566405940241488 ], [ -121.759714985919146, 51.564699032083261 ], [ -121.740377985111948, 51.55475096112167 ], [ -121.729326084177956, 51.538115022733372 ], [ -121.715701032186715, 51.533829991222916 ], [ -121.708050018871006, 51.535100030622402 ], [ -121.702408079466124, 51.539591948735314 ], [ -121.66857190117932, 51.550846047065058 ], [ -121.655687933832283, 51.560661008613536 ], [ -121.602511911411042, 51.575799972835419 ], [ -121.576130958693795, 51.587700981472388 ], [ -121.560502092113367, 51.590959982091327 ], [ -121.498319027249437, 51.614655965776926 ], [ -121.467793041100933, 51.630467026595504 ], [ -121.448393982331979, 51.64815194948352 ], [ -121.353382999848122, 51.691586013491673 ], [ -121.339612928522769, 51.700097938209716 ], [ -121.320576934383041, 51.725130996524733 ], [ -121.279220988181606, 51.768226974470835 ], [ -121.255453958080295, 51.785693995330163 ], [ -121.22645595188925, 51.797644993066228 ], [ -121.201030095070948, 51.816386060780481 ], [ -121.188522912870539, 51.83260702346027 ], [ -121.184346992284716, 51.846003994083624 ], [ -121.188681992766249, 51.895680018289795 ], [ -121.206409967933766, 51.933142982760856 ], [ -121.245285034581656, 51.988200016088058 ], [ -121.269806908372914, 52.00681797167988 ], [ -121.285050988539552, 52.012493997274291 ], [ -121.322737983615866, 52.015736939451216 ], [ -121.449693040828535, 52.016645004280029 ], [ -121.492748097289891, 52.012838013183114 ], [ -121.526693014270464, 52.007000022406267 ], [ -121.567763973517231, 52.006504009975721 ], [ -121.644939083483465, 52.015560969119043 ], [ -121.675362938039896, 52.014884019406331 ], [ -121.701777025961306, 52.017855944843511 ], [ -121.78286208550125, 52.030982062603272 ], [ -121.802229957393976, 52.037668001597929 ], [ -121.890236959005847, 52.040874031428231 ], [ -121.94120893731963, 52.035166936234162 ], [ -121.987254011662529, 52.040399982569866 ], [ -122.036953049079926, 52.052215035674088 ], [ -122.079163060368359, 52.067988052310753 ], [ -122.152664097103056, 52.084721014162703 ], [ -122.182552923253198, 52.084820994280285 ], [ -122.238104895494985, 52.077999017441229 ], [ -122.319461997725995, 52.06467694801055 ], [ -122.448189086582133, 52.03764396024696 ], [ -122.511581935913412, 52.033256973367195 ], [ -122.653285081718053, 52.003797055438667 ], [ -122.677954992748397, 51.99204595383484 ], [ -122.701646043879407, 51.984566000373171 ], [ -122.723440900421025, 51.970795941137297 ], [ -122.780695090284951, 51.941756033800097 ], [ -122.792700964207455, 51.932215031295605 ], [ -122.882813099346777, 51.888599973000773 ], [ -122.921326963195611, 51.861182049913808 ], [ -122.922823072094531, 51.85713496991972 ], [ -122.953211908623572, 51.831245966947577 ], [ -122.984100964668713, 51.811229037688278 ], [ -123.012923022937329, 51.796221984527683 ], [ -123.029736096715638, 51.782955950482538 ], [ -123.069682929257723, 51.762589037623279 ], [ -123.142752906181741, 51.732937952319062 ], [ -123.191355965490771, 51.715904003920194 ], [ -123.317880026094699, 51.679133003962818 ], [ -123.389087964246485, 51.648987010998354 ], [ -123.418132008305449, 51.633937040562394 ], [ -123.435463939962844, 51.615247957707716 ], [ -123.45018399201706, 51.580012019645146 ], [ -123.463068978870609, 51.560014007253571 ], [ -123.475374912183142, 51.549659962001435 ], [ -123.518262022924702, 51.52359905301396 ], [ -123.5725270401893, 51.494921971661718 ], [ -123.606836941548849, 51.46445802263532 ], [ -123.64647199379192, 51.423578979374732 ], [ -123.66612208828144, 51.398968962323849 ], [ -123.682234902812198, 51.366236040787356 ], [ -123.72643803300268, 51.292696989655134 ], [ -123.7305069499469, 51.248451021209142 ], [ -123.746322086073747, 51.225155037311772 ], [ -123.771986056819131, 51.197760974682694 ], [ -123.825250919369225, 51.150650041728071 ], [ -123.847449951557905, 51.116463971795461 ], [ -123.853863903884417, 51.1025049451979 ], [ -123.853489087595847, 51.084471995278207 ], [ -123.842888960649546, 51.050969008953906 ], [ -123.834009923574413, 51.034064047558388 ], [ -123.833861044703085, 51.012434015437655 ], [ -123.849115032665154, 50.990610056312732 ], [ -123.848638921611638, 50.954256994749365 ] ] ] } },
{ "type": "Feature", "properties": { "NAME": "Tlatlasikwala Nation", "SCALE": "1:250000" }, "geometry": { "type": "Polygon", "coordinates": [ [ [ -128.954265082729506, 50.926410959378146 ], [ -129.007852080996827, 50.922905055289384 ], [ -129.07772706093877, 50.913199054871747 ], [ -129.128272946932469, 50.893114991806932 ], [ -129.151700981800758, 50.876472034390616 ], [ -129.154454056766355, 50.863350034309612 ], [ -129.147568032720898, 50.845060964898124 ], [ -129.134123991948854, 50.830360950475665 ], [ -129.11692593825569, 50.821129001302822 ], [ -129.081831031585153, 50.808088957019073 ], [ -128.504716974299555, 50.661880020369153 ], [ -128.439869051752794, 50.649372981511327 ], [ -128.399062927622083, 50.650669955808652 ], [ -128.36407197114454, 50.656733030495985 ], [ -128.350383967261877, 50.660912030733535 ], [ -128.325022936840156, 50.67721593931244 ], [ -128.279457045659598, 50.686152043775387 ], [ -128.27293099672346, 50.690501973930559 ], [ -128.273336992887636, 50.694132037046167 ], [ -128.286794091588945, 50.706087947528466 ], [ -128.277230074450728, 50.711792014763205 ], [ -128.266440977152513, 50.712280063633131 ], [ -128.213158000297284, 50.697650988828727 ], [ -128.178597984760898, 50.690680000807404 ], [ -128.156305091204672, 50.690859038558528 ], [ -128.101476002404468, 50.70259596986449 ], [ -128.090467958907993, 50.701050036621353 ], [ -128.073515910403756, 50.691655974411994 ], [ -128.056080088461044, 50.689576952995147 ], [ -128.035022990050123, 50.695352940577514 ], [ -128.02860194273066, 50.700899036504268 ], [ -128.020630054110484, 50.715835047621219 ], [ -127.999172969661799, 50.721976966422652 ], [ -127.973606920257481, 50.713827974034402 ], [ -127.944136914856728, 50.709840048001084 ], [ -127.923776928905582, 50.711203047408596 ], [ -127.911556953390246, 50.720961053078959 ], [ -127.905072007302181, 50.720236002425324 ], [ -127.896671975168644, 50.709349947913289 ], [ -127.8958130758338, 50.680661985775522 ], [ -127.88625209628762, 50.670824042794635 ], [ -127.871595909792006, 50.661198057491056 ], [ -127.864565983735915, 50.659245020070252 ], [ -127.851820949009849, 50.659777038845135 ], [ -127.848228096082551, 50.662174990270273 ], [ -127.859840056987863, 50.675427937631888 ], [ -127.853129903145515, 50.680703064685787 ], [ -127.841177093021486, 50.680702008695683 ], [ -127.800041990941736, 50.666671975292324 ], [ -127.7703410669193, 50.6641480167686 ], [ -127.756049964400702, 50.674723001312778 ], [ -127.7449000573841, 50.678425952447625 ], [ -127.687408985135932, 50.679758022591209 ], [ -127.68622705909462, 50.689296966068497 ], [ -127.691175958344857, 50.696089954348381 ], [ -127.71261305421227, 50.705464044101433 ], [ -127.746122022986171, 50.715839981450237 ], [ -127.776160033478135, 50.721353958730205 ], [ -127.778500907816039, 50.731748026343233 ], [ -127.812689919120515, 50.740078990589154 ], [ -127.829940081363887, 50.749854962010524 ], [ -127.832166085717446, 50.759003937438159 ], [ -127.801866025295936, 50.776243061680418 ], [ -127.786435992815981, 50.780125981048776 ], [ -127.771475101090317, 50.780240020477059 ], [ -127.701485082391159, 50.764856945398876 ], [ -127.672150026897441, 50.762291972948532 ], [ -127.649743997427237, 50.769183024529021 ], [ -127.640856028244698, 50.777393048070927 ], [ -127.608279028807161, 50.797598007576603 ], [ -127.592447988184361, 50.801885960803901 ], [ -127.560547077649886, 50.803968976508017 ], [ -127.509763075394119, 50.796887056571691 ], [ -127.476477020499658, 50.795742956510665 ], [ -127.459673080206002, 50.798599949988862 ], [ -127.450699093543605, 50.807347990126949 ], [ -127.454802900901598, 50.816422004571464 ], [ -127.476103930128986, 50.834892028054341 ], [ -127.521425967389689, 50.858749956608371 ], [ -127.588987928232896, 50.886401048496957 ], [ -127.623379997294904, 50.903890035033058 ], [ -127.651187967045772, 50.927532022535956 ], [ -127.68428599800535, 50.973540988275261 ], [ -127.71195901226227, 50.991220955651457 ], [ -127.732734032881382, 50.994331017842434 ], [ -127.783198912938289, 50.99465400455999 ], [ -127.842763946243409, 50.990674977085469 ], [ -127.920086946556395, 50.982823036676869 ], [ -127.955445979553701, 50.976735010860757 ], [ -128.009887100145534, 50.964375993221601 ], [ -128.084378029531109, 50.939480061498564 ], [ -128.335789941121249, 50.864504955063133 ], [ -128.367317082038056, 50.852801980201043 ], [ -128.401076956703463, 50.84597305526222 ], [ -128.455391960368217, 50.845470063319212 ], [ -128.561536922185212, 50.855860048701132 ], [ -128.676579909034672, 50.875854974904236 ], [ -128.845608954673821, 50.916964025959452 ], [ -128.898506955005615, 50.924840999376876 ], [ -128.954265082729506, 50.926410959378146 ] ] ] } },
{ "type": "Feature", "properties": { "NAME": "Pacheedaht Band", "SCALE": "1:250000" }, "geometry": { "type": "Polygon", "coordinates": [ [ [ -123.993906981732422, 48.299129947401042 ], [ -123.940220952489312, 48.384415020816576 ], [ -123.936383054201642, 48.386181035458335 ], [ -123.935768935964816, 48.401049939461302 ], [ -123.923597088581474, 48.409243011105836 ], [ -123.935205922701357, 48.424075938056987 ], [ -123.95544407929215, 48.436003024223908 ], [ -123.956947090038483, 48.446068042481897 ], [ -123.965911919286143, 48.452393026372917 ], [ -123.962223965512351, 48.478667061146552 ], [ -123.958666039141022, 48.483956056570214 ], [ -123.950761047471488, 48.487335003053431 ], [ -123.942170055533126, 48.487405968924108 ], [ -123.913971950440427, 48.480319031325102 ], [ -123.907374015775915, 48.481719017179685 ], [ -123.893141957998139, 48.492779039923555 ], [ -123.854946951193298, 48.494314050138556 ], [ -123.841285053372232, 48.499623019839568 ], [ -123.840601066414905, 48.508736982836737 ], [ -123.852390060849601, 48.530570986211366 ], [ -123.875377077272589, 48.537909000098615 ], [ -123.881200977752755, 48.546531050534732 ], [ -123.879959993632625, 48.552767032021741 ], [ -123.87405894270735, 48.556949935871188 ], [ -123.847290944288162, 48.562565939736615 ], [ -123.846673979180096, 48.569153985698755 ], [ -123.863301043863956, 48.573435998806495 ], [ -123.888481963410626, 48.574036994379156 ], [ -123.890249093841902, 48.578426961374397 ], [ -123.887220031311472, 48.589201951030859 ], [ -123.890861932878821, 48.596383949883958 ], [ -123.909677989295503, 48.602089028111152 ], [ -123.916226028894442, 48.607824017928593 ], [ -123.919193027270524, 48.620286967570536 ], [ -123.953227962714735, 48.630743039182647 ], [ -123.957628000390841, 48.640800938824022 ], [ -123.956332947764736, 48.660950042360916 ], [ -123.966608061444518, 48.681057978121977 ], [ -123.961731914016895, 48.706972994599731 ], [ -123.968529039112767, 48.722509049991089 ], [ -123.979033915344445, 48.724794944986563 ], [ -123.991547050279664, 48.718267040236185 ], [ -123.997148077733613, 48.718708989794933 ], [ -124.01551403959408, 48.732684035574984 ], [ -124.027101000444986, 48.73479697756418 ], [ -124.035755098483108, 48.726664945237154 ], [ -124.034488948932818, 48.700752001128471 ], [ -124.046243914608823, 48.687965997129417 ], [ -124.055625042053592, 48.686011953493654 ], [ -124.070892936651376, 48.692661938328889 ], [ -124.073094920643911, 48.696967966970355 ], [ -124.073141964631461, 48.701767977704186 ], [ -124.066696027210725, 48.70802499812482 ], [ -124.07185307830126, 48.71855195698312 ], [ -124.091595052079583, 48.725184006805073 ], [ -124.107072936257609, 48.735986949161997 ], [ -124.125584932247733, 48.733668966090789 ], [ -124.142994906658501, 48.735980979902102 ], [ -124.153176048041701, 48.739768041018444 ], [ -124.165638988406357, 48.752659028814179 ], [ -124.163429059766528, 48.764733964011015 ], [ -124.166964019392978, 48.768185948453123 ], [ -124.180283974095872, 48.766009030348037 ], [ -124.196942906520633, 48.75993804454594 ], [ -124.216180026020751, 48.761919050050821 ], [ -124.223036929328288, 48.766262994309351 ], [ -124.259247906267305, 48.778274032774213 ], [ -124.272626944771616, 48.785007029645996 ], [ -124.285756020146621, 48.796183965891103 ], [ -124.305348985986541, 48.805031976071675 ], [ -124.309606004433277, 48.809623975337438 ], [ -124.310010903601025, 48.827749014744455 ], [ -124.321743915723019, 48.841077950070407 ], [ -124.322447920872776, 48.851789998474139 ], [ -124.328023994354993, 48.86072799498239 ], [ -124.343928009503998, 48.862929962948058 ], [ -124.37099794764886, 48.871707995008776 ], [ -124.39376005091394, 48.867347988519889 ], [ -124.405284985251186, 48.860834029518301 ], [ -124.409572073809287, 48.851410981084683 ], [ -124.402557074926591, 48.844633057732949 ], [ -124.395650927272143, 48.843663965625751 ], [ -124.385909982145265, 48.846541022252119 ], [ -124.384400939567371, 48.843681058614955 ], [ -124.411141080767649, 48.825339036171883 ], [ -124.413966019842036, 48.808154038659282 ], [ -124.407008965243861, 48.798866971611979 ], [ -124.419553097085014, 48.792473988560772 ], [ -124.411699988086227, 48.784204950155427 ], [ -124.41540703213785, 48.778655973431377 ], [ -124.479830038872294, 48.744307032954865 ], [ -124.526836950832347, 48.728937946963988 ], [ -124.532668926995953, 48.732513005494269 ], [ -124.524348930168514, 48.750340970926096 ], [ -124.528924058451153, 48.757665025207309 ], [ -124.53653093486497, 48.758293008881431 ], [ -124.543150933925759, 48.753329974282607 ], [ -124.558443057086649, 48.73042401861413 ], [ -124.570582927811913, 48.725267943851129 ], [ -124.574988040099129, 48.717094998333586 ], [ -124.583677988816859, 48.712596032411291 ], [ -124.589858037466684, 48.715487980988108 ], [ -124.595655025294164, 48.723846031291991 ], [ -124.598731049566666, 48.743572991141562 ], [ -124.601973054844748, 48.74804403554343 ], [ -124.612356949654455, 48.747424035180124 ], [ -124.61549096803239, 48.744716992863083 ], [ -124.62445404659384, 48.710815966863166 ], [ -124.625740048425939, 48.683937971364145 ], [ -124.641130942330619, 48.66250097989667 ], [ -124.639766091929246, 48.641183983969846 ], [ -124.644963093210009, 48.639508976284851 ], [ -124.652712058779244, 48.640819035946009 ], [ -124.664572967131718, 48.645334965141224 ], [ -124.669851082617001, 48.652202042789476 ], [ -124.67502506631368, 48.652684946620084 ], [ -124.676614930741081, 48.648712986404668 ], [ -124.667718021416121, 48.64113304126699 ], [ -124.673295957297327, 48.618503050129775 ], [ -124.684327993353477, 48.605183986937789 ], [ -124.698356092233794, 48.601400012954613 ], [ -124.697770086526646, 48.594889010989071 ], [ -124.704889067940314, 48.59349900772618 ], [ -124.716671912538231, 48.575462966415564 ], [ -124.783045935813661, 48.51224894043321 ], [ -124.330438027834106, 48.389125050560892 ], [ -123.993906981732422, 48.299129947401042 ] ] ] } },
{ "type": "Feature", "properties": { "NAME": "'Namgis Nation", "SCALE": "1:1000000" }, "geometry": { "type": "Polygon", "coordinates": [ [ [ -126.247548059786169, 50.073347026817771 ], [ -126.240423995505552, 50.082223024732613 ], [ -126.22966808074608, 50.08292505788507 ], [ -126.225600095049899, 50.086162990080723 ], [ -126.238584928217563, 50.093041965243955 ], [ -126.239500957687753, 50.100566051941627 ], [ -126.21729693177663, 50.109802994500008 ], [ -126.224156087543633, 50.119069991439332 ], [ -126.225099979088512, 50.126926027917328 ], [ -126.232896955601717, 50.133778943609641 ], [ -126.229539026958477, 50.144521983998644 ], [ -126.225920016174143, 50.147078053106235 ], [ -126.212635934583986, 50.148069035662978 ], [ -126.202306999520758, 50.143938963734122 ], [ -126.197996914260372, 50.145442002748574 ], [ -126.191952001289067, 50.149284017541397 ], [ -126.18382891226625, 50.16635796815752 ], [ -126.190515029833776, 50.174556941862846 ], [ -126.187560000791592, 50.190406972115817 ], [ -126.199685926231325, 50.190099002104496 ], [ -126.204534041007477, 50.194569970234959 ], [ -126.195330977714647, 50.205816041186814 ], [ -126.201187955154026, 50.21222496726331 ], [ -126.216061087179114, 50.218558021396518 ], [ -126.23767100583936, 50.2193320440958 ], [ -126.260458013051306, 50.227387009306646 ], [ -126.269208949552876, 50.225702030349709 ], [ -126.282317060511616, 50.21535699820577 ], [ -126.296685054216113, 50.214508038675596 ], [ -126.304329016821399, 50.209888062156814 ], [ -126.319460919390991, 50.214125025855459 ], [ -126.318155964126106, 50.221110944586208 ], [ -126.329044069610376, 50.227978956016798 ], [ -126.340763065204186, 50.225314955860249 ], [ -126.359650968149154, 50.229235990848387 ], [ -126.365857957515388, 50.228428010013786 ], [ -126.392327980510984, 50.219421971933016 ], [ -126.440791040524431, 50.241384951672082 ], [ -126.456940985031451, 50.241419010584714 ], [ -126.465624992521853, 50.239055953185613 ], [ -126.482932944702711, 50.224980030589933 ], [ -126.490236937202965, 50.222357993142836 ], [ -126.501146078790129, 50.22874995570276 ], [ -126.50652692621594, 50.237596003240036 ], [ -126.491177022806013, 50.258828047545109 ], [ -126.491449093398586, 50.269577029984816 ], [ -126.485480090158717, 50.277914029623062 ], [ -126.492937064711569, 50.284713998010488 ], [ -126.492097954278293, 50.290098047530748 ], [ -126.497481073627327, 50.295588988095965 ], [ -126.531606000389459, 50.288170002766918 ], [ -126.561322057157824, 50.27152705116179 ], [ -126.567565049974533, 50.250185971378443 ], [ -126.572909999056236, 50.246658023401984 ], [ -126.577494024098129, 50.246743958391079 ], [ -126.585849036047321, 50.251250006196585 ], [ -126.594324938984741, 50.261028975945678 ], [ -126.594672995173255, 50.273953991704822 ], [ -126.598133946816361, 50.280845056666188 ], [ -126.591324024102477, 50.28937298300503 ], [ -126.603888968713719, 50.309913039802112 ], [ -126.619949950726564, 50.317281982451519 ], [ -126.624172905443359, 50.324963960449644 ], [ -126.63555702083795, 50.329277048828452 ], [ -126.645614083842389, 50.337482008133598 ], [ -126.664664034533118, 50.339454973828012 ], [ -126.688171944198274, 50.348531999445186 ], [ -126.691049985745195, 50.353392968023236 ], [ -126.688487967784098, 50.359281038292103 ], [ -126.691248052328177, 50.37452404677687 ], [ -126.679967002573704, 50.381407971552626 ], [ -126.666765949252593, 50.382265034174537 ], [ -126.652952946168412, 50.391420013570539 ], [ -126.649371082312726, 50.396754968200767 ], [ -126.657514983380281, 50.406825042140035 ], [ -126.651446098911137, 50.413253965620747 ], [ -126.65591295372036, 50.423256962150035 ], [ -126.647748965822302, 50.434760010797376 ], [ -126.656808020601019, 50.450764984458992 ], [ -126.654525045796845, 50.456744008356353 ], [ -126.659121929896827, 50.467613961803231 ], [ -126.674227039901538, 50.47198994871443 ], [ -126.680235977320535, 50.478117014007005 ], [ -126.678882046086528, 50.493387052002547 ], [ -126.68461991894705, 50.502779021697386 ], [ -126.67225293900232, 50.51272399413795 ], [ -126.684158009319347, 50.550552985841641 ], [ -126.688977943650428, 50.587879973835683 ], [ -126.69621998732579, 50.60733497312539 ], [ -126.69452399703151, 50.616392030182006 ], [ -126.718985085684565, 50.631915969967551 ], [ -126.74188999750298, 50.652490971961605 ], [ -126.756014926273238, 50.658408996658913 ], [ -126.775071043733362, 50.674821984918616 ], [ -126.814230083198609, 50.698323058123911 ], [ -126.838602015406721, 50.70867796895304 ], [ -126.846745933463566, 50.709719996334591 ], [ -126.854317091215535, 50.707553958254962 ], [ -126.880372095474314, 50.692338991066663 ], [ -126.920944061083091, 50.66260303153458 ], [ -126.928648967443124, 50.654198959857609 ], [ -126.934610960718203, 50.640713046887541 ], [ -126.949785074504675, 50.627500999244305 ], [ -126.981837019060322, 50.614299937910701 ], [ -127.00495108101218, 50.611036950097983 ], [ -127.050939023708139, 50.612759010195646 ], [ -127.088013005132538, 50.619879018453055 ], [ -127.12506193718346, 50.624092046505744 ], [ -127.153353084889673, 50.620122960466787 ], [ -127.158396954427559, 50.616016943778263 ], [ -127.159456982365683, 50.610718024569657 ], [ -127.151120962533057, 50.594762031370294 ], [ -127.09554492759149, 50.551311021514394 ], [ -127.106537986208124, 50.545217959248355 ], [ -127.111868087086989, 50.53864095909254 ], [ -127.10798194086307, 50.534956950256365 ], [ -127.104192951973545, 50.508275941271016 ], [ -127.082703996940779, 50.4869140350783 ], [ -127.091916085589233, 50.476332004262474 ], [ -127.091932045182162, 50.46654003012226 ], [ -127.087372000844709, 50.460627958094705 ], [ -127.10148094172601, 50.450663042196432 ], [ -127.099625917763632, 50.446101053979099 ], [ -127.103583993751158, 50.444270979750165 ], [ -127.115298922757319, 50.447244951321053 ], [ -127.128665018370143, 50.440435055215382 ], [ -127.12979103342488, 50.434286987484121 ], [ -127.139839027554416, 50.420949043279286 ], [ -127.159132956315474, 50.413655978478509 ], [ -127.163362926510729, 50.415068050704484 ], [ -127.165553908118483, 50.409208015427645 ], [ -127.176369027461433, 50.402242050513905 ], [ -127.171411917010715, 50.39675903797179 ], [ -127.174594918200469, 50.387961002251913 ], [ -127.168803986265814, 50.383589991806843 ], [ -127.154884040039491, 50.380432016351278 ], [ -127.145058959360583, 50.371641040994767 ], [ -127.140384950331594, 50.371964012746879 ], [ -127.137090983857391, 50.362284024981037 ], [ -127.121821032423213, 50.353616007265806 ], [ -127.099615953819864, 50.353027015515224 ], [ -127.097091954047386, 50.363589936941075 ], [ -127.089047924592819, 50.360795982736541 ], [ -127.07754303868721, 50.349225029599559 ], [ -127.089565972183266, 50.339806952469914 ], [ -127.072101921721256, 50.332454964294904 ], [ -127.069837939768036, 50.325884043326504 ], [ -127.061985079749121, 50.326259024967271 ], [ -127.050210984113363, 50.321693977893673 ], [ -127.047625979398816, 50.318775007859948 ], [ -127.051318911998692, 50.31159995092095 ], [ -127.046311062082211, 50.303936942870578 ], [ -127.035320098866421, 50.298057054069261 ], [ -127.026930012493381, 50.287404964840412 ], [ -127.014704076707972, 50.281087002053319 ], [ -127.006480943283506, 50.281294002194144 ], [ -127.000831967302844, 50.276858987202488 ], [ -127.005016017492366, 50.259669936614344 ], [ -126.998619098684898, 50.247806993638235 ], [ -127.009244096011045, 50.239198017990127 ], [ -127.01383290384176, 50.216915937388436 ], [ -127.020732964496474, 50.208348025234564 ], [ -127.013707943334623, 50.198037973438126 ], [ -126.976659957302715, 50.186596999334967 ], [ -126.962436932070943, 50.189301030583067 ], [ -126.948797016506461, 50.182061044815519 ], [ -126.938089071443343, 50.180007025537108 ], [ -126.92392998883912, 50.192441963448339 ], [ -126.913926048326331, 50.192946016262809 ], [ -126.903726992853777, 50.187383028454128 ], [ -126.8955339637333, 50.175485013823597 ], [ -126.888483919861272, 50.173023952316818 ], [ -126.885177015307079, 50.162213054901002 ], [ -126.864919016417019, 50.152998019258774 ], [ -126.857438977053917, 50.145170973229916 ], [ -126.837839929543421, 50.13528497691059 ], [ -126.826954920633113, 50.140633993742121 ], [ -126.820256964238482, 50.139975060085597 ], [ -126.816375033147253, 50.141999048404401 ], [ -126.815030057413679, 50.152532035076412 ], [ -126.82179905659946, 50.168876028836017 ], [ -126.809283066969314, 50.172079940943263 ], [ -126.805964070021048, 50.168365993827678 ], [ -126.797087042167547, 50.174812015345367 ], [ -126.782544096991742, 50.177532008706166 ], [ -126.780628065106754, 50.171968976171378 ], [ -126.789262077596433, 50.168198957925888 ], [ -126.78413906707587, 50.154919960806147 ], [ -126.768218917228282, 50.147518039990032 ], [ -126.765490054000409, 50.140961937706791 ], [ -126.770326913850838, 50.135802945783162 ], [ -126.789677005982895, 50.132461034113362 ], [ -126.789478060509012, 50.121525998745099 ], [ -126.753654908263343, 50.109851058272476 ], [ -126.746347077029412, 50.104266028604691 ], [ -126.717609990663846, 50.113600993191511 ], [ -126.710789938122815, 50.11404204015453 ], [ -126.702357014436316, 50.111444039247878 ], [ -126.697397946090405, 50.114222009494668 ], [ -126.682054061921235, 50.105149060496331 ], [ -126.679265030795278, 50.099438964920353 ], [ -126.668494940182399, 50.096824969292499 ], [ -126.666036901018941, 50.090026978303953 ], [ -126.651216919742993, 50.094150946488796 ], [ -126.648370072162692, 50.090210050870084 ], [ -126.651119948368191, 50.088747977335537 ], [ -126.649061926308192, 50.079550995989955 ], [ -126.65353494285678, 50.076665054806398 ], [ -126.654027964655143, 50.072829008458967 ], [ -126.664020973209205, 50.06886201316113 ], [ -126.677162995687254, 50.072281961232171 ], [ -126.686560009987573, 50.062339960932029 ], [ -126.69933905204752, 50.060134053127676 ], [ -126.695359039241097, 50.052805053086431 ], [ -126.702041097361985, 50.047090012419126 ], [ -126.69203097244187, 50.040863055003051 ], [ -126.696781050095495, 50.031688040152048 ], [ -126.681219989939464, 50.025749938015657 ], [ -126.671952942544976, 50.016956022750492 ], [ -126.667120007752047, 50.015731010377657 ], [ -126.633407909573251, 50.027618992616979 ], [ -126.608069051229378, 50.020785043774218 ], [ -126.595829988980057, 50.027240025305019 ], [ -126.56047002757883, 50.028894012454309 ], [ -126.563225021112231, 50.020132037268482 ], [ -126.555625959519503, 50.018518021876829 ], [ -126.547724037753738, 50.012534963255931 ], [ -126.556184072492741, 50.004227016583378 ], [ -126.569181965718613, 49.999491003284149 ], [ -126.572956023553687, 49.995558018159443 ], [ -126.571820027500848, 49.990783975317697 ], [ -126.555159045951996, 49.980515982593587 ], [ -126.546357007699953, 49.980304992075105 ], [ -126.520810049545446, 49.971720051422373 ], [ -126.513332098058044, 49.961364053025179 ], [ -126.503314058781243, 49.961630028768688 ], [ -126.49736192437264, 49.964307956193089 ], [ -126.48541606132838, 49.956368999374817 ], [ -126.481080921538378, 49.952352020879566 ], [ -126.487159973229595, 49.948107935943703 ], [ -126.478739027431288, 49.942267060255347 ], [ -126.473429998129475, 49.934213052436739 ], [ -126.474045076992056, 49.929861037767154 ], [ -126.481288011120824, 49.92250000195196 ], [ -126.467419051479354, 49.91122195732121 ], [ -126.4602239910337, 49.911152027634451 ], [ -126.442543924177087, 49.918865020629802 ], [ -126.434358944153232, 49.919622939365922 ], [ -126.425386054804548, 49.917872959337423 ], [ -126.419776954421081, 49.913668958873977 ], [ -126.395525075935907, 49.910699015106438 ], [ -126.384789045780067, 49.912466974655665 ], [ -126.379738985727286, 49.918053016097481 ], [ -126.363177961275909, 49.920923033715908 ], [ -126.349911954673416, 49.927850050862126 ], [ -126.347483911526183, 49.930651017661098 ], [ -126.349930009671766, 49.939170014789134 ], [ -126.359300052860192, 49.944780013926426 ], [ -126.354804967768914, 49.9491660216935 ], [ -126.346530062482216, 49.954583038074347 ], [ -126.331768043229772, 49.956103019730136 ], [ -126.324101017586443, 49.963877983301103 ], [ -126.308541064295994, 49.97098206231567 ], [ -126.306384963380509, 49.982429945585437 ], [ -126.296435035649367, 49.99084604738082 ], [ -126.291091083995767, 49.992978936004455 ], [ -126.28241994831302, 49.990720020730649 ], [ -126.270546994183988, 49.991517008172885 ], [ -126.235847929847296, 50.017353995796128 ], [ -126.227901084075953, 50.018318969931762 ], [ -126.233484049117322, 50.024504014180984 ], [ -126.241839052244202, 50.025420057530702 ], [ -126.235957071166624, 50.030002004809766 ], [ -126.232798986502246, 50.038459939951316 ], [ -126.238987015425508, 50.045623048966903 ], [ -126.233981943019813, 50.056014049198339 ], [ -126.234880049174933, 50.059388976300902 ], [ -126.253211060863407, 50.063675964128286 ], [ -126.254576078348165, 50.069134968563233 ], [ -126.247548059786169, 50.073347026817771 ] ] ] } },
{ "type": "Feature", "properties": { "NAME": "Kwakiutl Nation", "SCALE": "1:250000" }, "geometry": { "type": "Polygon", "coordinates": [ [ [ -127.944978024565145, 50.841467976262223 ], [ -127.988931043138294, 50.815426987319825 ], [ -127.997079026618621, 50.7790029869441 ], [ -128.009302929270888, 50.750328044106809 ], [ -128.004107922140122, 50.742602961531098 ], [ -127.979541924507444, 50.731609945194997 ], [ -127.792344004901111, 50.664214952524262 ], [ -127.750639990102343, 50.643036021567191 ], [ -127.707467937994082, 50.634506986626221 ], [ -127.504150017499697, 50.621003033954345 ], [ -127.486505945757074, 50.618392063086219 ], [ -127.468506953365875, 50.612381985590318 ], [ -127.439857937885861, 50.614438948979569 ], [ -127.419725000141284, 50.612458999618745 ], [ -127.409668094309239, 50.608895964647921 ], [ -127.368342991205793, 50.544684046194575 ], [ -127.351966957354875, 50.532616953992758 ], [ -127.307219070444546, 50.50822195141793 ], [ -127.24750995228257, 50.483664977482476 ], [ -127.187340907008078, 50.463514062184274 ], [ -127.181746985897362, 50.458012039783625 ], [ -127.183518054173774, 50.428323044116169 ], [ -127.13337497179171, 50.435561007468202 ], [ -127.107445074059299, 50.445189003134459 ], [ -127.058875067077992, 50.495863039417486 ], [ -127.023436025114563, 50.548637974428303 ], [ -126.992867012742451, 50.581709062371338 ], [ -126.976012927045232, 50.592930061809106 ], [ -126.95589299699698, 50.601724965811272 ], [ -126.936426951086773, 50.607344985956871 ], [ -126.887247943283484, 50.616339017448787 ], [ -126.876899052247481, 50.622941958383336 ], [ -126.87354196608176, 50.629347027639135 ], [ -126.889160075912855, 50.644661034812621 ], [ -126.920234917639746, 50.663936949434763 ], [ -126.92428904536294, 50.702909016834489 ], [ -126.93312609898139, 50.720306998241 ], [ -126.959186900088426, 50.748539949903609 ], [ -126.975533009363062, 50.760670030779991 ], [ -126.991366001701536, 50.767762060761584 ], [ -127.013343026647988, 50.775935963887285 ], [ -127.058881093854652, 50.787801038950739 ], [ -127.079265037371187, 50.790333030444998 ], [ -127.108418985924715, 50.790072002922038 ], [ -127.179511937124204, 50.7822280182355 ], [ -127.240706068380263, 50.782006941372686 ], [ -127.272201948841442, 50.788071958734001 ], [ -127.532946020101164, 50.866404989297394 ], [ -127.5869319558374, 50.879662019988046 ], [ -127.626913001481256, 50.885202959448392 ], [ -127.693055924744513, 50.883471017485739 ], [ -127.708751933251705, 50.887522043574442 ], [ -127.764519923591806, 50.882442036404576 ], [ -127.786420089163727, 50.884361972128524 ], [ -127.818828936961978, 50.878894057738343 ], [ -127.887707029483138, 50.87382394570259 ], [ -127.899276044184163, 50.869607949008994 ], [ -127.937591042037994, 50.844009054375299 ], [ -127.944978024565145, 50.841467976262223 ] ] ] } },
{ "type": "Feature", "properties": { "NAME": "Klahoose Indian Band", "SCALE": "1:250000" }, "geometry": { "type": "Polygon", "coordinates": [ [ [ -125.055858956616774, 50.393134032172071 ], [ -125.069626016088577, 50.388624983305235 ], [ -125.078693995308967, 50.371032062378802 ], [ -125.107035094033662, 50.359304951597679 ], [ -125.11798004886414, 50.350527971942768 ], [ -125.126750941903694, 50.330655991248236 ], [ -125.15270590914966, 50.32577998276205 ], [ -125.17907408880798, 50.31126694347325 ], [ -125.218400025912771, 50.295185998544682 ], [ -125.211945970770458, 50.281294049050103 ], [ -125.211501092616786, 50.271678045061819 ], [ -125.218317943114641, 50.212927021131243 ], [ -125.235073088748322, 50.192482059843059 ], [ -125.242990091358692, 50.187078965212493 ], [ -125.292732969743753, 50.173858049838351 ], [ -125.287442995559672, 50.148588060120538 ], [ -125.289910930103034, 50.143290006672757 ], [ -125.299214028412109, 50.138730973612979 ], [ -125.297604018170034, 50.133513042871741 ], [ -125.262439072306094, 50.094392938525779 ], [ -125.254460988599973, 50.06917396771334 ], [ -125.218318003951666, 50.021747059401044 ], [ -125.195559091627928, 49.979393940206478 ], [ -125.184115983653768, 49.96966794718201 ], [ -125.16847405838719, 49.964280003930767 ], [ -125.075668006125568, 49.954617030913333 ], [ -125.033195015189364, 49.938326977645339 ], [ -124.960232980843429, 49.928220942206607 ], [ -124.843429959056976, 49.920195951365557 ], [ -124.801645016870026, 49.919432990249149 ], [ -124.77314402161646, 49.921291973961011 ], [ -124.708342024137465, 49.935105981394329 ], [ -124.659167024812476, 49.996768949158337 ], [ -124.65024299227764, 50.003996949695924 ], [ -124.641175011995401, 50.00708393823809 ], [ -124.636034942120091, 50.017807977598302 ], [ -124.630885017823616, 50.041845989505099 ], [ -124.648988042097614, 50.061116941224483 ], [ -124.657574930169304, 50.097089948435126 ], [ -124.65424696340007, 50.107197012149605 ], [ -124.644504947173232, 50.117986041002347 ], [ -124.627103937150409, 50.120005959026045 ], [ -124.606381052001325, 50.132721001718792 ], [ -124.579794923455282, 50.163263975196571 ], [ -124.580538061728518, 50.171832954479441 ], [ -124.575211995205848, 50.177822986543021 ], [ -124.562502907604696, 50.183320034733327 ], [ -124.553549056703361, 50.191132011571383 ], [ -124.516183092502402, 50.232453964159376 ], [ -124.515411947754387, 50.237196947954423 ], [ -124.506328084610814, 50.241456946129915 ], [ -124.497997938219669, 50.240382000965042 ], [ -124.48207693491787, 50.23230201796013 ], [ -124.470064099763462, 50.231271000964576 ], [ -124.455521967844689, 50.237963015703215 ], [ -124.414857058720685, 50.234322957637076 ], [ -124.405766093066561, 50.238576001668406 ], [ -124.384598086713581, 50.24268404032297 ], [ -124.355004978404835, 50.243033031838245 ], [ -124.32303200503226, 50.246568994918952 ], [ -124.29845401194919, 50.250013055036909 ], [ -124.249618965886896, 50.269549055874428 ], [ -124.205480987705371, 50.281099948310953 ], [ -124.195607978998339, 50.281202012381314 ], [ -124.183620097629571, 50.29557504140999 ], [ -124.181542938205055, 50.311431058627171 ], [ -124.184405996500445, 50.327235944609143 ], [ -124.17726897734633, 50.333141059855933 ], [ -124.128254953617656, 50.356295949820918 ], [ -124.106151981636174, 50.362841945264634 ], [ -124.081461933230074, 50.364656975809083 ], [ -124.054017009515505, 50.353825018746278 ], [ -123.935255919383721, 50.350090952683068 ], [ -123.925521929265869, 50.358086025140075 ], [ -123.928673934893254, 50.392895006461799 ], [ -123.933933953689987, 50.408686965047686 ], [ -123.946498091537961, 50.418086015410907 ], [ -123.951083924130472, 50.461590944708945 ], [ -123.961381052501608, 50.480506053591547 ], [ -123.976221014183636, 50.478799954712215 ], [ -123.983591928588098, 50.475570999114623 ], [ -123.993704951400346, 50.48498502769138 ], [ -123.98910991811546, 50.502441000181669 ], [ -123.975422005578167, 50.512374026788699 ], [ -123.962087926320933, 50.515334003757971 ], [ -123.887696957966767, 50.517509046689916 ], [ -123.813190061238942, 50.513303034391996 ], [ -123.755907075933763, 50.49943904793988 ], [ -123.731107074298592, 50.499596999036328 ], [ -123.713842033438453, 50.506038038419092 ], [ -123.711434059484446, 50.510802025672668 ], [ -123.716921987388673, 50.545601990587699 ], [ -123.709522918214489, 50.548814019684663 ], [ -123.709760026015218, 50.564645943550801 ], [ -123.729945087961212, 50.585103941257728 ], [ -123.757578949159807, 50.603927032973019 ], [ -123.757834009300467, 50.619758962288095 ], [ -123.748190039166701, 50.638821047521745 ], [ -123.748642920318474, 50.667317006164872 ], [ -123.753797924640025, 50.678367052194965 ], [ -123.786345031974719, 50.689234974123032 ], [ -123.814255077971367, 50.719126057701288 ], [ -123.839254007729878, 50.723698018800938 ], [ -123.869565029410296, 50.745641947520518 ], [ -123.907354920328231, 50.765937009616799 ], [ -123.932671932955699, 50.784736994562053 ], [ -123.946762078459983, 50.802830984187061 ], [ -124.035234987963875, 50.852744047851544 ], [ -124.057863956395636, 50.858873983209527 ], [ -124.087701983792797, 50.852266999007092 ], [ -124.095048904883939, 50.845864935988132 ], [ -124.107426058582021, 50.840997963918134 ], [ -124.157616000833031, 50.850011034615832 ], [ -124.175342005283809, 50.859332951298498 ], [ -124.19799198381989, 50.865436041930501 ], [ -124.265592057187703, 50.869472015095369 ], [ -124.349920923657621, 50.846360946959287 ], [ -124.359589997293995, 50.835165962491324 ], [ -124.376745081320095, 50.823880982830289 ], [ -124.395738962285989, 50.804787945651213 ], [ -124.39434499478206, 50.792929954574205 ], [ -124.35211604637162, 50.770995942992172 ], [ -124.348505094402796, 50.753886020770182 ], [ -124.597770096243906, 50.65903204666818 ], [ -124.598582902660269, 50.652424042114653 ], [ -124.586249928389449, 50.624883003604019 ], [ -124.59638399974196, 50.618146978161292 ], [ -124.632150936852142, 50.603797015625396 ], [ -124.665359074132652, 50.57627596010667 ], [ -124.734477986153294, 50.541618975927165 ], [ -124.782141939861305, 50.530013002684107 ], [ -124.812493087872099, 50.528139972681821 ], [ -124.869719091168108, 50.531094009159951 ], [ -124.872269076324443, 50.527621985477168 ], [ -124.844021063459365, 50.509634017842707 ], [ -124.834979917596982, 50.501629937599667 ], [ -124.83130991945211, 50.493540002351473 ], [ -124.84186193487993, 50.488655998094082 ], [ -124.865713937376469, 50.497709953288783 ], [ -124.878430099689496, 50.496647957708937 ], [ -124.883677920443006, 50.493562043997009 ], [ -124.886867028228409, 50.472497940454616 ], [ -124.880362947850912, 50.443872027441721 ], [ -124.88612290424345, 50.436917936528559 ], [ -124.896328945681475, 50.44061099616102 ], [ -124.909510927014708, 50.451544968179697 ], [ -124.942990096609861, 50.466427997994913 ], [ -124.977616090044705, 50.476137052553185 ], [ -124.989742000972285, 50.477215982180283 ], [ -125.021586941106179, 50.468519993848609 ], [ -125.035024049356181, 50.453277029097649 ], [ -125.039907062701346, 50.442041983988162 ], [ -125.031664041074194, 50.406164008029066 ], [ -125.036058067372252, 50.399225954744594 ], [ -125.055858956616774, 50.393134032172071 ] ] ] } },
{ "type": "Feature", "properties": { "NAME": "Homalco Indian Band", "SCALE": "1:250000" }, "geometry": { "type": "Polygon", "coordinates": [ [ [ -125.263279907670238, 49.935206962937386 ], [ -125.243403994906828, 49.876933951889178 ], [ -125.190224926140985, 49.792826981536003 ], [ -125.100783981181934, 49.681151043557541 ], [ -124.998002985715985, 49.613262950810899 ], [ -124.942205969224091, 49.485917997513774 ], [ -124.832891037901931, 49.421692945653596 ], [ -124.678560083266021, 49.445383029607342 ], [ -124.572499918540316, 49.493524029680493 ], [ -124.543886008641991, 49.538301936794667 ], [ -124.703192927753093, 49.77608594384639 ], [ -124.591581077865015, 49.834009022486121 ], [ -124.560690052904761, 49.876209976912719 ], [ -124.69330294337486, 49.976169978929562 ], [ -124.713753989906991, 49.999933019064123 ], [ -124.745469099712622, 50.139446948534534 ], [ -124.675555056611898, 50.158029036268559 ], [ -124.652299928484965, 50.167337953362271 ], [ -124.633881928143751, 50.189898000022616 ], [ -124.626412941777502, 50.204262028922564 ], [ -124.616563913641102, 50.237829994089438 ], [ -124.622746921525547, 50.247908954537323 ], [ -124.636892028021691, 50.259602056182132 ], [ -124.650355992746157, 50.281947011966977 ], [ -124.721832092123336, 50.311116982677639 ], [ -124.734659915689051, 50.318601945640729 ], [ -124.737066949196347, 50.324389978582332 ], [ -124.71646691954642, 50.346192036131441 ], [ -124.682590030929305, 50.371795967421512 ], [ -124.675256992618571, 50.384626044540113 ], [ -124.6194389816377, 50.433513007799974 ], [ -124.558187084962782, 50.461103938139622 ], [ -124.547511022150061, 50.476292038167948 ], [ -124.521741968135274, 50.477784049510248 ], [ -124.511952026958639, 50.484085994788067 ], [ -124.51069095860116, 50.497117984178395 ], [ -124.515538031763029, 50.516744964163223 ], [ -124.558878982630134, 50.549570961616645 ], [ -124.572576062667181, 50.576654937791233 ], [ -124.580864987314314, 50.586115040419607 ], [ -124.582039909596006, 50.59019205141513 ], [ -124.56531100635523, 50.602223034114232 ], [ -124.564053031435819, 50.605660939690459 ], [ -124.575560064983904, 50.620759955826649 ], [ -124.577621940393911, 50.629308049761107 ], [ -124.591374938266625, 50.63326398976352 ], [ -124.598049052695643, 50.638220039806811 ], [ -124.600153015747793, 50.657450005342255 ], [ -124.595291010778581, 50.660648007177002 ], [ -124.582980905438433, 50.656473048249268 ], [ -124.561579074407646, 50.658694040152277 ], [ -124.531113939608431, 50.67281703651696 ], [ -124.509436937180567, 50.690923037828682 ], [ -124.476633980472371, 50.693035053283822 ], [ -124.435295930613492, 50.706304017353148 ], [ -124.428787940423774, 50.712488011368904 ], [ -124.422284925409329, 50.707338956911819 ], [ -124.410120080553995, 50.706856005113913 ], [ -124.404252967042268, 50.708213992695889 ], [ -124.39610708896754, 50.717326963687633 ], [ -124.386897071310699, 50.713527949278038 ], [ -124.380588953201539, 50.715591057302042 ], [ -124.366050984297715, 50.731616014895152 ], [ -124.342299969124284, 50.745531975885648 ], [ -124.340926959969849, 50.750244039231461 ], [ -124.354381921939904, 50.763941979941038 ], [ -124.377254908579218, 50.773513952079298 ], [ -124.378329937289578, 50.77660898038733 ], [ -124.35290896252296, 50.784597002634101 ], [ -124.34827295882053, 50.791871021704104 ], [ -124.350131050694387, 50.802754943909065 ], [ -124.333342041637749, 50.808142027836851 ], [ -124.324905060285815, 50.813967015031508 ], [ -124.324527956561269, 50.828327056757708 ], [ -124.332555956869697, 50.8344000273432 ], [ -124.32453589970541, 50.837523054230438 ], [ -124.319542052462509, 50.852165956056609 ], [ -124.315454947534562, 50.855298011083349 ], [ -124.297280937034273, 50.851081973109785 ], [ -124.261283094522213, 50.862984042128382 ], [ -124.260728969781567, 50.848135047896179 ], [ -124.245933967927144, 50.839916018327763 ], [ -124.264889053230803, 50.82874094894462 ], [ -124.266026922825645, 50.823663018624998 ], [ -124.261253043228038, 50.818693955219999 ], [ -124.250596997136412, 50.815232045936391 ], [ -124.236364909944442, 50.815696020211064 ], [ -124.227460069681285, 50.819691062342841 ], [ -124.215651900727877, 50.820819033316475 ], [ -124.206905920776293, 50.81667093443923 ], [ -124.196537971304181, 50.798709044794379 ], [ -124.156425974167519, 50.794465935572156 ], [ -124.157662037153059, 50.786561984447047 ], [ -124.149195059962523, 50.782924966622836 ], [ -124.140635091957606, 50.782934060542146 ], [ -124.13739692678574, 50.788903990038627 ], [ -124.132023954166229, 50.791677941682913 ], [ -124.105521940934722, 50.784898979133168 ], [ -124.086948902635982, 50.789586939712791 ], [ -124.07952304765179, 50.800705028361868 ], [ -124.082011987697953, 50.815068058961195 ], [ -124.058080899386397, 50.829578023319456 ], [ -124.042938908938694, 50.833308018176638 ], [ -124.034589062453833, 50.83258605146014 ], [ -124.03337906640914, 50.829768052715927 ], [ -124.0376150782444, 50.822572034103175 ], [ -124.03663106315534, 50.812714005221132 ], [ -124.025241929051688, 50.807792988677093 ], [ -123.948165087955672, 50.809896058455585 ], [ -123.924793008592687, 50.815174944727836 ], [ -123.921188055532227, 50.822515049433697 ], [ -123.921860045056405, 50.868867956090043 ], [ -123.932779087074991, 50.928133954935191 ], [ -123.92900093951215, 50.957769027573491 ], [ -123.941736926762786, 50.96508596372238 ], [ -123.966734054379202, 50.970754058481958 ], [ -123.974811088135581, 50.975597047102745 ], [ -123.990670955439953, 50.998610953914067 ], [ -123.98866101039161, 51.007998057064896 ], [ -123.999935969501607, 51.027825044721972 ], [ -124.007650953956457, 51.030560002964677 ], [ -124.140042998893662, 51.045667020795293 ], [ -124.156065981243032, 51.05313204242541 ], [ -124.16390894116347, 51.060585941479438 ], [ -124.179255057437345, 51.06311695771749 ], [ -124.203493039766329, 51.061240006278894 ], [ -124.20928996282143, 51.062556042043333 ], [ -124.208872963783747, 51.069788047373471 ], [ -124.194564095446864, 51.077802957724636 ], [ -124.185978091374452, 51.092816046958099 ], [ -124.178405043182565, 51.108149975024219 ], [ -124.173083919801797, 51.131919051166456 ], [ -124.190852011824944, 51.139726047340659 ], [ -124.215301015840978, 51.137786008917125 ], [ -124.263987997494795, 51.147666018677036 ], [ -124.303071938326951, 51.140299967399635 ], [ -124.337466920681535, 51.152767983151008 ], [ -124.366757903126057, 51.152754045823983 ], [ -124.379988901891807, 51.167324008176436 ], [ -124.379717047717861, 51.187367945564546 ], [ -124.371118986118219, 51.217580016303486 ], [ -124.355312972497458, 51.246413043916043 ], [ -124.365667005131854, 51.254897037701248 ], [ -124.347766030956493, 51.27660798833336 ], [ -124.327468932836396, 51.285866020015305 ], [ -124.301172999172181, 51.29183800817956 ], [ -124.297742951565382, 51.30205801957279 ], [ -124.310256054577138, 51.329113983133965 ], [ -124.299999964778948, 51.345427018436197 ], [ -124.296909911315325, 51.373859040550926 ], [ -124.284964056515363, 51.413307975858814 ], [ -124.275650912175067, 51.427867005047574 ], [ -124.27530092551693, 51.473296007808472 ], [ -124.259658054104065, 51.487489995827794 ], [ -124.263400096109251, 51.509338969497911 ], [ -124.283203952905254, 51.551516957529493 ], [ -124.280585999454217, 51.556253967406505 ], [ -124.304903047759211, 51.558279015044434 ], [ -124.321072922727609, 51.565906038594662 ], [ -124.319595048660105, 51.580213951402492 ], [ -124.309242983719002, 51.607906965715635 ], [ -124.308986990610379, 51.629846949718598 ], [ -124.314544082989272, 51.645356047041751 ], [ -124.307277983646401, 51.659704994859759 ], [ -124.304015903111562, 51.676102975863586 ], [ -124.306310047850957, 51.684523959210011 ], [ -124.31434892577947, 51.692848993677678 ], [ -124.338618081151424, 51.706653037107351 ], [ -124.340569095799026, 51.710675062787075 ], [ -124.331469913274631, 51.723532980165793 ], [ -124.289927045034304, 51.745141938286167 ], [ -124.255804039917905, 51.757068050679969 ], [ -124.236026015358789, 51.767930023141624 ], [ -124.219594071385416, 51.771280983694318 ], [ -124.20782794364294, 51.777742981324039 ], [ -124.197002076951136, 51.789554973199088 ], [ -124.1940570880639, 51.798658040314471 ], [ -124.202713903329567, 51.810200951681594 ], [ -124.24210293459258, 51.818509052435139 ], [ -124.270018004671883, 51.820064034607078 ], [ -124.299419050463285, 51.818450978778593 ], [ -124.296997000964637, 51.831448972451788 ], [ -124.303264003503145, 51.855631938103905 ], [ -124.308192986460284, 51.861359010000619 ], [ -124.316917036650807, 51.862758027143563 ], [ -124.361796100564135, 51.849093938542175 ], [ -124.441537041547633, 51.850886024606119 ], [ -124.494579063913761, 51.859147978949288 ], [ -124.527719026275278, 51.859231029841446 ], [ -124.541814087974942, 51.855989965543245 ], [ -124.596444073919855, 51.832566948331575 ], [ -124.625095073715642, 51.826548022947748 ], [ -124.639737078020929, 51.830528010685725 ], [ -124.64476796806548, 51.839569056478929 ], [ -124.682870060559694, 51.839004008004466 ], [ -124.681067079422007, 51.85479900844593 ], [ -124.684568935302565, 51.859194057274962 ], [ -124.707276969672776, 51.866947047970335 ], [ -124.727775944684268, 51.882120940426141 ], [ -124.753780051195619, 51.880547969530696 ], [ -124.769630043707295, 51.871243019826714 ], [ -124.787083021986177, 51.845763013423088 ], [ -124.809043055807749, 51.836110059503014 ], [ -124.818075945153055, 51.827292956728996 ], [ -124.822250901978222, 51.819715019152234 ], [ -124.824971040757262, 51.78314105787311 ], [ -124.842665904291025, 51.773876965167645 ], [ -124.845420066123381, 51.756234975755092 ], [ -124.86090308094731, 51.738725986836748 ], [ -124.872662905551891, 51.733550988256312 ], [ -124.891836033854659, 51.731432048541805 ], [ -124.894651090013397, 51.727773985365602 ], [ -124.905047937718507, 51.72367795152666 ], [ -124.9576980203327, 51.715469054617849 ], [ -124.965056989411664, 51.718197039042487 ], [ -124.968186084791057, 51.727070037604427 ], [ -124.976236947565951, 51.733273032164071 ], [ -124.991348091084646, 51.73028300210057 ], [ -124.999591977348018, 51.725290948936028 ], [ -125.024655930953742, 51.720078063582179 ], [ -125.081248057145558, 51.724763998126498 ], [ -125.112577078099662, 51.72285096756822 ], [ -125.120975902624565, 51.720336052508557 ], [ -125.118463095177091, 51.710412026460148 ], [ -125.102099957553222, 51.694035035589081 ], [ -125.098079954569357, 51.68320702247096 ], [ -125.117037095392689, 51.680786977216705 ], [ -125.128351056865185, 51.669847034643666 ], [ -125.12981395543008, 51.659073019577669 ], [ -125.121408079624885, 51.65635396189564 ], [ -125.120807912503182, 51.652978037427474 ], [ -125.13549997101623, 51.645997990929907 ], [ -125.129490977710489, 51.635505028960715 ], [ -125.133522006901487, 51.624762968554251 ], [ -125.139740980290327, 51.61846605173951 ], [ -125.170810024113536, 51.619404944439871 ], [ -125.204300073320056, 51.625262938989145 ], [ -125.223808093702189, 51.62392293888275 ], [ -125.253433062633277, 51.60572900607486 ], [ -125.278910903297998, 51.584701985651961 ], [ -125.281727065342409, 51.576742026365288 ], [ -125.27699509743735, 51.565501958431831 ], [ -125.255414991027379, 51.559948948513359 ], [ -125.245655924615349, 51.555389003447239 ], [ -125.245661952710506, 51.551008040729215 ], [ -125.277288985998169, 51.516110021310396 ], [ -125.280233934731896, 51.507622987759987 ], [ -125.280031977163617, 51.499018045927649 ], [ -125.262290974173354, 51.483135960463571 ], [ -125.26415794378876, 51.473741948377914 ], [ -125.272474898972817, 51.470225049056992 ], [ -125.290134074555809, 51.471693061796934 ], [ -125.305989098611406, 51.469428021628545 ], [ -125.307811990213224, 51.462785972427319 ], [ -125.301686918290585, 51.457465992325041 ], [ -125.288179059020806, 51.454032045549688 ], [ -125.287240100231131, 51.445612989213835 ], [ -125.30050901164563, 51.412984986370326 ], [ -125.297750073560181, 51.400156974449551 ], [ -125.287965997378578, 51.391319012976226 ], [ -125.270295917518212, 51.383458045756747 ], [ -125.246886038501202, 51.379241943467235 ], [ -125.240244001866373, 51.372283966985613 ], [ -125.232167034760735, 51.352675002167928 ], [ -125.202904080602863, 51.334667974604073 ], [ -125.19985604380328, 51.322296000898284 ], [ -125.205093954770746, 51.308238957895966 ], [ -125.21602500749772, 51.296738993356023 ], [ -125.252792062056614, 51.28685596656144 ], [ -125.303874902641894, 51.263447998405439 ], [ -125.320542956309453, 51.240009957708864 ], [ -125.323076979029025, 51.218868050090144 ], [ -125.310772014586291, 51.197225948423934 ], [ -125.296773046133978, 51.18345802777052 ], [ -125.280128997732362, 51.172120991229882 ], [ -125.275191988998571, 51.161259049269376 ], [ -125.269529980047807, 51.140733033947313 ], [ -125.270092006255567, 51.124453977379886 ], [ -125.27411902249267, 51.114237946172658 ], [ -125.282628962210495, 51.104886955646933 ], [ -125.265960007572701, 51.090176025612188 ], [ -125.22706098610395, 51.066008035565673 ], [ -125.214492930427838, 51.064893974565095 ], [ -125.212668063996588, 51.060540045154582 ], [ -125.26254707665764, 51.049045000775202 ], [ -125.30599898682415, 51.033177979571313 ], [ -125.297974026373282, 51.022555037253646 ], [ -125.249046100734816, 51.000088049709895 ], [ -125.27233897514796, 51.000005951015986 ], [ -125.27161303800807, 50.988484001654911 ], [ -125.260272086720263, 50.981729944941137 ], [ -125.255414092793913, 50.957338058363618 ], [ -125.238151042298611, 50.954696018267242 ], [ -125.202907079502566, 50.958003989676058 ], [ -125.19931004240992, 50.954034001067306 ], [ -125.198572040855595, 50.947053038189949 ], [ -125.202324076117804, 50.942520992692586 ], [ -125.213968023539039, 50.939605964188253 ], [ -125.220026913943329, 50.933840974734075 ], [ -125.229542014027047, 50.932235979208485 ], [ -125.233583971054969, 50.925143957302716 ], [ -125.250968006760289, 50.92276605634602 ], [ -125.257225962806359, 50.917340993331329 ], [ -125.255818011212114, 50.908584989842645 ], [ -125.23894704267984, 50.90153006245643 ], [ -125.23532097495297, 50.895511974277177 ], [ -125.239065015081081, 50.885776030270357 ], [ -125.24940096637738, 50.880784966227978 ], [ -125.248795951532287, 50.87683594256309 ], [ -125.237982026570634, 50.868024036813019 ], [ -125.222595061054179, 50.874706027379546 ], [ -125.188743994995946, 50.872350010803416 ], [ -125.186866904775442, 50.864645033534124 ], [ -125.191876016507493, 50.84166200201215 ], [ -125.184771905637106, 50.838379989410967 ], [ -125.169406059007557, 50.840986954428729 ], [ -125.161291982357184, 50.83931403034223 ], [ -125.154589978181448, 50.827758026379804 ], [ -125.155020015749244, 50.81949905253343 ], [ -125.164245917079171, 50.813059986643303 ], [ -125.167263976694215, 50.805653000893741 ], [ -125.20557509618159, 50.799188958949316 ], [ -125.220351983724484, 50.792456038200093 ], [ -125.232730954525323, 50.772611938609145 ], [ -125.253881070840521, 50.762746975389831 ], [ -125.276585976596749, 50.748021976883742 ], [ -125.286712014202806, 50.732246026935009 ], [ -125.301517018838638, 50.721418982464229 ], [ -125.300197055387002, 50.712591005172179 ], [ -125.291901085489499, 50.70286496672 ], [ -125.320055909375981, 50.686577945579756 ], [ -125.337474099193074, 50.682160015738781 ], [ -125.343359080337521, 50.678395046209083 ], [ -125.331274914079771, 50.673038041130198 ], [ -125.333002959510509, 50.668543011739985 ], [ -125.362063010068184, 50.660446022503407 ], [ -125.371066999613177, 50.64995399064685 ], [ -125.379872957483812, 50.632060975301577 ], [ -125.388724049827033, 50.625248029219861 ], [ -125.43092294577599, 50.608050037067379 ], [ -125.439602013042887, 50.601828030781718 ], [ -125.453522951754977, 50.581952975757325 ], [ -125.453251020423608, 50.574279022300956 ], [ -125.429508067891788, 50.549615938991295 ], [ -125.429064997673748, 50.545253005475459 ], [ -125.436099916981249, 50.541703992390424 ], [ -125.460388966343388, 50.538015955060544 ], [ -125.455100986199952, 50.534238038297325 ], [ -125.424485007084172, 50.524312967872291 ], [ -125.423472940637751, 50.520686009158482 ], [ -125.439416924460801, 50.508736955035182 ], [ -125.465731007214316, 50.502169060107349 ], [ -125.471061976333544, 50.491848949579335 ], [ -125.469666039713005, 50.487710996442267 ], [ -125.446659079570182, 50.469828058583154 ], [ -125.446078974160315, 50.45867203496551 ], [ -125.474529032203137, 50.442358964377632 ], [ -125.501962074391884, 50.418114982882145 ], [ -125.500532060501456, 50.400834014298674 ], [ -125.512032954637078, 50.389215051893608 ], [ -125.568241061096259, 50.374699996735615 ], [ -125.571036932352513, 50.370653979737497 ], [ -125.505329018905911, 50.210041056576756 ], [ -125.451591949357393, 50.117263987066323 ], [ -125.278784031920679, 49.999993005136758 ], [ -125.265906998805704, 49.964471021247753 ], [ -125.263279907670238, 49.935206962937386 ] ] ] } },
{ "type": "Feature", "properties": { "NAME": "Ditidaht First Nation", "SCALE": "1:250000" }, "geometry": { "type": "Polygon", "coordinates": [ [ [ -124.705710070175826, 48.592590953832591 ], [ -124.697771929493186, 48.594885056115352 ], [ -124.698356092233794, 48.601400012954613 ], [ -124.684333914090871, 48.605185984913007 ], [ -124.673297007750463, 48.618499984278849 ], [ -124.667710992450395, 48.641136032116592 ], [ -124.676614984831915, 48.648711062491266 ], [ -124.675028040129206, 48.652688960726906 ], [ -124.669858058753604, 48.652200974851269 ], [ -124.664569964214039, 48.645331976586284 ], [ -124.65271008118863, 48.640814007430464 ], [ -124.642542976153848, 48.639838019073139 ], [ -124.638197054138672, 48.643569949100105 ], [ -124.642252933137073, 48.652711035088565 ], [ -124.641127989090563, 48.662502995612009 ], [ -124.625741042134933, 48.683936957963013 ], [ -124.624449931376432, 48.710817967010129 ], [ -124.617071940390915, 48.741646961311886 ], [ -124.612350093969965, 48.747427025261452 ], [ -124.601973920138335, 48.748040967621861 ], [ -124.59873501952552, 48.74357599374806 ], [ -124.595650091297458, 48.723843015752664 ], [ -124.589861961961375, 48.715485979644178 ], [ -124.583673963112318, 48.712594952738492 ], [ -124.574990999576727, 48.717092985533739 ], [ -124.570587073873185, 48.725265048863875 ], [ -124.558437932125457, 48.730420998781341 ], [ -124.543152958412733, 48.753327051468638 ], [ -124.536528067054661, 48.758291943428034 ], [ -124.528929023850722, 48.75766701798436 ], [ -124.524346026842352, 48.750341059599187 ], [ -124.532671021109593, 48.732514060473456 ], [ -124.526836918641948, 48.728938973594083 ], [ -124.474089907928018, 48.746996043627611 ], [ -124.411918010553052, 48.781245046686429 ], [ -124.419549000571379, 48.792474954035079 ], [ -124.40700496806096, 48.798864987727185 ], [ -124.413972058723502, 48.808152973416455 ], [ -124.411141022426122, 48.825335059021981 ], [ -124.384393932926272, 48.843681978764174 ], [ -124.385912047123568, 48.846542977557455 ], [ -124.395650927272143, 48.843663965625751 ], [ -124.402564015820445, 48.844634058642797 ], [ -124.40839201560604, 48.849013053580578 ], [ -124.408820087947333, 48.855624999173585 ], [ -124.398289922017668, 48.865448988816496 ], [ -124.38105995463485, 48.870999958866499 ], [ -124.371000011753409, 48.871709950502634 ], [ -124.343928925516011, 48.862926001001242 ], [ -124.328024047045218, 48.860731971970566 ], [ -124.32244606691448, 48.851793048399074 ], [ -124.321745921068739, 48.841076057361853 ], [ -124.310006994801967, 48.827749979014278 ], [ -124.309600051069097, 48.809627985575339 ], [ -124.265592078527106, 48.78140897811371 ], [ -124.234317959004315, 48.76948098108101 ], [ -124.208291005176079, 48.754974973678685 ], [ -124.198047913778041, 48.757377989739936 ], [ -124.18022106702314, 48.767906063076914 ], [ -124.175226008797424, 48.76682906133567 ], [ -124.171213953258984, 48.750034964022568 ], [ -124.16546698504979, 48.743023944775253 ], [ -124.108275023153567, 48.724629959538994 ], [ -124.090814042073575, 48.725121011529914 ], [ -124.073335985029516, 48.709538956802199 ], [ -124.073626997308139, 48.695296937523402 ], [ -124.066087956044882, 48.684044017767967 ], [ -124.062827082265045, 48.683095014772846 ], [ -124.053088914951587, 48.686515979764771 ], [ -124.052441086279927, 48.709300960632696 ], [ -124.049565907114143, 48.71462398992287 ], [ -124.037799905145604, 48.72371799508764 ], [ -124.040414947709479, 48.730813962272585 ], [ -124.035115001908039, 48.744427938525199 ], [ -124.016444956025609, 48.751905033333045 ], [ -124.014225050304276, 48.76731696865982 ], [ -124.010191968148646, 48.769889990781067 ], [ -123.99325097579441, 48.769573940742873 ], [ -123.985238989704371, 48.772098990839012 ], [ -123.969400040798618, 48.791964005595098 ], [ -123.972138070976243, 48.808749947860676 ], [ -123.988576040494664, 48.824561975931516 ], [ -124.004838941631675, 48.848915948937204 ], [ -124.027700054135821, 48.865253034182722 ], [ -124.052651035238142, 48.873519053044554 ], [ -124.078678054726694, 48.888969990761694 ], [ -124.085140957797819, 48.895082051012906 ], [ -124.092450039352073, 48.911002968291129 ], [ -124.098109933932619, 48.914142954364401 ], [ -124.106747962832216, 48.915833050573326 ], [ -124.118387982978405, 48.91482096846272 ], [ -124.137097058456703, 48.906932000026735 ], [ -124.146499090473313, 48.904867063242953 ], [ -124.159668917885682, 48.905347973901023 ], [ -124.187646919435622, 48.921022004223715 ], [ -124.219384975212606, 48.92122898127834 ], [ -124.225910949634468, 48.924940988099813 ], [ -124.226810982310027, 48.933040009258164 ], [ -124.212838909546775, 48.948170018385632 ], [ -124.214818014011385, 48.954000997605327 ], [ -124.22129099632923, 48.957634034654987 ], [ -124.254121948949262, 48.959629961574421 ], [ -124.267168095339144, 48.968414986931798 ], [ -124.283798957988481, 48.970624019908954 ], [ -124.303343005831323, 48.986303016828174 ], [ -124.311859012621184, 48.98592505271052 ], [ -124.321431077665238, 48.973365032476842 ], [ -124.338333973236317, 48.969301059812011 ], [ -124.346654039497679, 48.970172983358061 ], [ -124.358797939664981, 48.982584942735528 ], [ -124.363118934198241, 48.995840983605255 ], [ -124.37348790905763, 49.011539950300694 ], [ -124.380461924884045, 49.034161010926596 ], [ -124.389687050412405, 49.045632996431642 ], [ -124.398375052735162, 49.046047945380941 ], [ -124.407146994059659, 49.040310953848412 ], [ -124.407075972629812, 49.032904047658057 ], [ -124.39556902401327, 49.022894974441812 ], [ -124.39808107961062, 49.017218962993397 ], [ -124.406110067619792, 49.014665981751314 ], [ -124.415136993757216, 49.015310015028284 ], [ -124.437038010078581, 49.028021944857464 ], [ -124.450042986352756, 49.030404972913388 ], [ -124.459476906943365, 49.026606052591838 ], [ -124.46585507993349, 49.016971052193838 ], [ -124.477202098131329, 49.012728939986246 ], [ -124.48677290697718, 49.011549938484571 ], [ -124.511235905070635, 49.014582048143851 ], [ -124.516714915202442, 49.021572991507767 ], [ -124.51402095768708, 49.029073037663629 ], [ -124.517573953567222, 49.052570013161123 ], [ -124.533382948170555, 49.084928021123559 ], [ -124.536545012334557, 49.113435033609981 ], [ -124.561811968459352, 49.144033048542191 ], [ -124.5761949754136, 49.151423052505393 ], [ -124.584050006339751, 49.149995035091607 ], [ -124.58601396606177, 49.145337062786346 ], [ -124.576667044625253, 49.122601983241168 ], [ -124.577827972383261, 49.111330058881634 ], [ -124.590774030063358, 49.105038000826575 ], [ -124.611220096079592, 49.114856972824121 ], [ -124.62258596539661, 49.109576019708086 ], [ -124.642467009712874, 49.067092012277065 ], [ -124.643031931316031, 49.062309958945868 ], [ -124.622627907650653, 49.031304954248206 ], [ -124.621989961151954, 49.025263013314017 ], [ -124.62443892177302, 49.023569946579144 ], [ -124.638169942854546, 49.023314936967978 ], [ -124.639159977582608, 49.009991937121718 ], [ -124.646839920792686, 49.006051987990055 ], [ -124.662473923646431, 49.006148984871494 ], [ -124.672797006273498, 48.997439052237574 ], [ -124.689421960046104, 49.003462021821228 ], [ -124.697952034995978, 49.001233959898627 ], [ -124.71877596117497, 48.980732057817143 ], [ -124.735343054159799, 48.970797945857129 ], [ -124.739548914342365, 48.965125053541584 ], [ -124.7368350515071, 48.956337049541119 ], [ -124.72267394801807, 48.947031012144109 ], [ -124.718385013503067, 48.94051196927623 ], [ -124.723268032277815, 48.937121969390738 ], [ -124.737508083500984, 48.935036035924895 ], [ -124.738223028941093, 48.932077940984719 ], [ -124.728375974343152, 48.926668980378963 ], [ -124.729962918650841, 48.923145960776857 ], [ -124.746489969973666, 48.915831032855941 ], [ -124.734050919557092, 48.909497050108911 ], [ -124.754563046835372, 48.901747043874437 ], [ -124.776679982653178, 48.885913020555911 ], [ -124.785009017807809, 48.884132944640783 ], [ -124.804315957938726, 48.901546967137421 ], [ -124.814535916750017, 48.902850054338948 ], [ -124.820267069710368, 48.900941005173664 ], [ -124.826716955412991, 48.894249937255523 ], [ -124.834631076794992, 48.872526969621781 ], [ -124.859484911907174, 48.855778991756601 ], [ -124.873122068814169, 48.827357951394916 ], [ -124.881975913806457, 48.821244010757994 ], [ -124.903743915356316, 48.831245970582167 ], [ -124.923473079571053, 48.832464041686052 ], [ -124.931798045717144, 48.827826056184946 ], [ -124.943625938601429, 48.808959059612562 ], [ -124.954709017175077, 48.80592397940709 ], [ -124.964741924778792, 48.806188023693508 ], [ -124.969947020695855, 48.800852043736484 ], [ -124.993152029796661, 48.789653031817913 ], [ -125.000586961039289, 48.790817050142984 ], [ -124.999173969357017, 48.805051965021192 ], [ -125.005046041682661, 48.810425955942556 ], [ -125.00989099591672, 48.810327062272343 ], [ -125.019588056185469, 48.805459039445978 ], [ -125.028963923803516, 48.782247030649998 ], [ -125.047467917925175, 48.781276042460235 ], [ -125.049886927379504, 48.783676041937916 ], [ -125.046937980614047, 48.791300005862666 ], [ -125.049012030162089, 48.793014060407835 ], [ -125.054894940023331, 48.791321979597086 ], [ -125.070816957768372, 48.774618978209254 ], [ -125.092086064447258, 48.759066944683639 ], [ -125.106093952857648, 48.726495957572489 ], [ -125.153532939312882, 48.672852062377544 ], [ -125.192289911341774, 48.635101006466705 ], [ -125.205358983100325, 48.617122981094965 ], [ -125.140891027470161, 48.606638960086897 ], [ -125.068701092001803, 48.589149064133345 ], [ -124.985395034552951, 48.559726968754688 ], [ -124.94482695459169, 48.539983951683126 ], [ -124.887264909942786, 48.518444032498088 ], [ -124.831561906603838, 48.511922937170347 ], [ -124.783050935696437, 48.512248997773973 ], [ -124.716678928631197, 48.575459971107492 ], [ -124.705710070175826, 48.592590953832591 ] ] ] } },
{ "type": "Feature", "properties": { "NAME": "Cheslatta Carrier Nation", "SCALE": "1:1000000" }, "geometry": { "type": "Polygon", "coordinates": [ [ [ -126.393975996965182, 53.166412997563341 ], [ -126.38563795474056, 53.163625946388997 ], [ -126.331891903467721, 53.160769994229604 ], [ -126.264449981775371, 53.164720003721399 ], [ -126.227022934408581, 53.163590958107655 ], [ -126.192835923534204, 53.154712040808967 ], [ -126.17542691578403, 53.154289995272535 ], [ -126.150572989561823, 53.160701986974097 ], [ -126.10550006572872, 53.185772981083154 ], [ -126.067292997579401, 53.198810980414258 ], [ -126.040694034578294, 53.202283936754711 ], [ -125.971552932931303, 53.202721948213778 ], [ -125.918611016780616, 53.206416045234633 ], [ -125.760026070208752, 53.206000007153847 ], [ -125.684258069108608, 53.215410042809935 ], [ -125.6488399294808, 53.230656031769783 ], [ -125.586666096020707, 53.272387983994463 ], [ -125.57652098439344, 53.275865947432038 ], [ -125.522182951898159, 53.305790011044891 ], [ -125.506799917393153, 53.317331014393893 ], [ -125.498442948974414, 53.32739405325826 ], [ -125.478763044779541, 53.339166992847616 ], [ -125.418459074359717, 53.365427986569152 ], [ -125.396242903124616, 53.380181005611519 ], [ -125.392779092883885, 53.390800010780126 ], [ -125.385631028401065, 53.39802901792693 ], [ -125.364759935828189, 53.404005974149165 ], [ -125.341652956990032, 53.404915950548983 ], [ -125.314561063572867, 53.410482047670179 ], [ -125.286258976113615, 53.423102010264529 ], [ -125.268810986094465, 53.452601036009703 ], [ -125.251264025694638, 53.466560058693538 ], [ -125.235913004129756, 53.469279051033183 ], [ -125.184636082163536, 53.489528027942455 ], [ -125.136720051673763, 53.496277021229893 ], [ -125.039324069966355, 53.500320951682056 ], [ -124.951478031443628, 53.495878938431311 ], [ -124.924315975755505, 53.489741033920033 ], [ -124.910895093608659, 53.476224974302909 ], [ -124.881148093185729, 53.471160015069422 ], [ -124.831224970061015, 53.468233958790584 ], [ -124.776059947706386, 53.470890990220845 ], [ -124.715685030174171, 53.4854490561994 ], [ -124.705942038129621, 53.492202041422082 ], [ -124.700449956495618, 53.499296965075793 ], [ -124.700695101977317, 53.525583950824888 ], [ -124.709770954206746, 53.552566016144837 ], [ -124.780000958339159, 53.601271061570877 ], [ -124.82800000706338, 53.614473969941663 ], [ -124.846822095740194, 53.626262976750688 ], [ -124.865212896801353, 53.630940011164434 ], [ -124.898412966780029, 53.648224012302208 ], [ -124.921138914274621, 53.673194061094982 ], [ -124.9309630407719, 53.690612020178214 ], [ -124.94405896504459, 53.741905014421711 ], [ -124.956797042279305, 53.747340950702004 ], [ -125.001189932338107, 53.747757001765358 ], [ -125.040779045194924, 53.750687943269803 ], [ -125.086408078915468, 53.760545951687334 ], [ -125.122173896637804, 53.778688025940973 ], [ -125.13186895273634, 53.780947985152331 ], [ -125.191699950359308, 53.785935990889179 ], [ -125.216150046543433, 53.784688992505885 ], [ -125.275309892410306, 53.78984601765233 ], [ -125.460348925879302, 53.818050039717903 ], [ -125.490481088544627, 53.819879991082615 ], [ -125.516363017440526, 53.817149037271676 ], [ -125.561988059306401, 53.793438971641059 ], [ -125.599543088361386, 53.767718959551544 ], [ -125.63017290054438, 53.75057804830054 ], [ -125.646315099783109, 53.746159946192279 ], [ -125.674539906904002, 53.742935945112485 ], [ -125.694260058223506, 53.743247951126833 ], [ -125.777046972500912, 53.753458009196379 ], [ -125.789234904035652, 53.753312997836048 ], [ -125.832166956347024, 53.75137502294352 ], [ -125.87569709776993, 53.74600599344739 ], [ -125.908264054439073, 53.737755956904756 ], [ -125.93389298137528, 53.734056999281457 ], [ -125.955447931515096, 53.736159995340778 ], [ -126.005313056971943, 53.746550994287304 ], [ -126.163465934035656, 53.790302936634376 ], [ -126.293866963206895, 53.806029060194945 ], [ -126.378425896864243, 53.827234957054223 ], [ -126.38764309737914, 53.831397004398958 ], [ -126.43324299013382, 53.837417033970233 ], [ -126.458514062498864, 53.834089055191711 ], [ -126.519669043073748, 53.805364957170895 ], [ -126.562426085544089, 53.793062986113732 ], [ -126.623193915852312, 53.760872997446818 ], [ -126.649197087312146, 53.752391957939665 ], [ -126.674214071472761, 53.752314967771888 ], [ -126.712429913156583, 53.755965957610975 ], [ -126.739566985743679, 53.749825985727654 ], [ -126.803777064949642, 53.728306974664292 ], [ -126.892058975234264, 53.722981992921525 ], [ -126.914732926231011, 53.723399038028695 ], [ -126.96742203915133, 53.718735983179322 ], [ -127.026902023505926, 53.70299693809703 ], [ -127.046430105129531, 53.701576031745738 ], [ -127.065238990020703, 53.70511701500704 ], [ -127.081610989401014, 53.727176980686686 ], [ -127.094777093517223, 53.790173057478263 ], [ -127.080886002424137, 53.845692042332473 ], [ -127.090714068713623, 53.854670034376639 ], [ -127.102407961062539, 53.856617045103384 ], [ -127.147148896472487, 53.844193976937675 ], [ -127.232929084744299, 53.824587036612755 ], [ -127.26358607595246, 53.81972199420872 ], [ -127.289171064345524, 53.812376947534226 ], [ -127.321064909256364, 53.808515041006416 ], [ -127.35678996707253, 53.814571045501339 ], [ -127.374188031072961, 53.802524942712019 ], [ -127.388495044075739, 53.796317040911475 ], [ -127.419852944472339, 53.790902041455794 ], [ -127.482699979021262, 53.786790025340174 ], [ -127.490487984000012, 53.783995020304793 ], [ -127.513556096241985, 53.766779047441332 ], [ -127.539425955594396, 53.755798939481032 ], [ -127.582568995881729, 53.746963977544631 ], [ -127.614672103700812, 53.744644022704421 ], [ -127.624489102389191, 53.741153943610996 ], [ -127.625849008826066, 53.732187017524502 ], [ -127.606223903379359, 53.713847993833625 ], [ -127.589918992690102, 53.669922999649792 ], [ -127.596777051026152, 53.590754012696053 ], [ -127.600136980189575, 53.577253957401595 ], [ -127.606986931067325, 53.569631056667241 ], [ -127.605795096564179, 53.563835035907402 ], [ -127.591929980676326, 53.539176988452589 ], [ -127.564850943391136, 53.506764040982972 ], [ -127.558145055998111, 53.44111998366256 ], [ -127.552000967941538, 53.435531994620206 ], [ -127.539246976507968, 53.434506937695964 ], [ -127.506829920157102, 53.440843045043188 ], [ -127.500069901952486, 53.447317944091438 ], [ -127.488084079984858, 53.470104998287702 ], [ -127.475627054890765, 53.473692963226441 ], [ -127.46349990686825, 53.473074032251517 ], [ -127.446661935350988, 53.461162006046557 ], [ -127.439147017156515, 53.452074014488346 ], [ -127.431324105292347, 53.425902993312057 ], [ -127.410026002859382, 53.412107976453164 ], [ -127.398110936628242, 53.400371026682869 ], [ -127.37884992288447, 53.364781000253508 ], [ -127.360193998247155, 53.346667941160341 ], [ -127.342058899783211, 53.33452004181968 ], [ -127.330185968847346, 53.330648044085464 ], [ -127.304424935469768, 53.327628999378057 ], [ -127.245680025745429, 53.329775988649885 ], [ -127.126802040007263, 53.339199959937844 ], [ -127.075801973710014, 53.334907048690177 ], [ -127.060005937375962, 53.330705022257526 ], [ -127.046672940103292, 53.320260008103006 ], [ -127.025587046670211, 53.299567984956916 ], [ -126.995213981307316, 53.258790995960055 ], [ -126.98299902216354, 53.250879030084391 ], [ -126.952614967959832, 53.243860948136259 ], [ -126.933401093950252, 53.245484951950012 ], [ -126.925716970419799, 53.251160034062735 ], [ -126.916780956653994, 53.251803014167642 ], [ -126.897419907718003, 53.246899985530895 ], [ -126.848917044325574, 53.223322048041325 ], [ -126.829454078126261, 53.211319058653245 ], [ -126.802874976090166, 53.201941052326482 ], [ -126.75455893752499, 53.196974954164794 ], [ -126.729034937113724, 53.199335030430859 ], [ -126.701839093079087, 53.206240013456714 ], [ -126.636262980831575, 53.207378970458429 ], [ -126.613380037399452, 53.205421032936592 ], [ -126.558787018642818, 53.192369014052723 ], [ -126.393975996965182, 53.166412997563341 ] ] ] } },
{ "type": "Feature", "properties": { "NAME": "Da'naxda'xw Awaetlatla Nation", "SCALE": "1:1000000" }, "geometry": { "type": "MultiPolygon", "coordinates": [ [ [ [ -125.864256960487225, 50.589841990457792 ], [ -125.846357958936409, 50.58339696011442 ], [ -125.835791926796929, 50.590204937904673 ], [ -125.811293056929117, 50.594368045815948 ], [ -125.793597097200134, 50.60022697522372 ], [ -125.756920923729837, 50.616662996315391 ], [ -125.714123997576735, 50.618342015550709 ], [ -125.681919046551258, 50.613401024950925 ], [ -125.650704992996737, 50.602216047045403 ], [ -125.64133800718848, 50.609953039521308 ], [ -125.622711100359609, 50.61295094772958 ], [ -125.591490950479468, 50.634823941160072 ], [ -125.583584974636096, 50.649930043885462 ], [ -125.581912088192453, 50.692638987396137 ], [ -125.564646015482808, 50.710371956765208 ], [ -125.556535068036609, 50.713568981535943 ], [ -125.577533903911572, 50.726083062590504 ], [ -125.576868080650627, 50.730428044536623 ], [ -125.569671014444481, 50.735140051141919 ], [ -125.568835927693527, 50.755738046624188 ], [ -125.572633043665462, 50.779747011752733 ], [ -125.570076952888002, 50.786167954543011 ], [ -125.522776011149844, 50.786447958296968 ], [ -125.512715937007158, 50.795307984423246 ], [ -125.512254975867492, 50.808347054533776 ], [ -125.541327078173737, 50.825988041363999 ], [ -125.533690909170318, 50.840524042721945 ], [ -125.526789028329617, 50.844855978668285 ], [ -125.509006004954642, 50.846894019728573 ], [ -125.504231969926124, 50.882223982181152 ], [ -125.498728944591477, 50.899409010321939 ], [ -125.492414018359952, 50.905818951598192 ], [ -125.472300964131861, 50.917673955221545 ], [ -125.403987996652006, 50.938261990868156 ], [ -125.321328006984857, 50.953463048913775 ], [ -125.285667044846562, 50.9569079785513 ], [ -125.27342996538205, 50.960257988151348 ], [ -125.24435291386402, 50.961828977284263 ], [ -125.213587093958765, 50.970378060206819 ], [ -125.2094470111915, 50.974704943752819 ], [ -125.207085943218914, 50.98433293763722 ], [ -125.216912070816505, 50.99420899811944 ], [ -125.21945704077477, 51.009341993279115 ], [ -125.216963021654237, 51.026530017654366 ], [ -125.238371043984642, 51.054793033534949 ], [ -125.244754096362783, 51.084116965072653 ], [ -125.257930978976262, 51.101376037094667 ], [ -125.263855941218893, 51.121814005083564 ], [ -125.307618954592513, 51.169246994302654 ], [ -125.319400923163897, 51.198586951226027 ], [ -125.318144960807587, 51.218805034035121 ], [ -125.32322292147407, 51.235834020702065 ], [ -125.335591074067935, 51.249109968461369 ], [ -125.335867947963294, 51.272356956295027 ], [ -125.31549599284196, 51.308377989481421 ], [ -125.306677989550025, 51.348788043804177 ], [ -125.306755072312953, 51.36390697455581 ], [ -125.320902989379519, 51.386452000819084 ], [ -125.322062007524252, 51.393071054920831 ], [ -125.303557991173562, 51.406795991286749 ], [ -125.299353058637038, 51.41339400671216 ], [ -125.301928924284113, 51.430034973357373 ], [ -125.297142009631656, 51.453261963561395 ], [ -125.304638957393095, 51.478426997580819 ], [ -125.31088595080665, 51.482985991359314 ], [ -125.282764941425611, 51.502718987146309 ], [ -125.254756066581706, 51.51431904187227 ], [ -125.244212080907673, 51.576639981340726 ], [ -125.244189001219183, 51.615193032797158 ], [ -125.236348901194987, 51.628954989648165 ], [ -125.208961902691016, 51.636200975087704 ], [ -125.15596299709037, 51.639344973851728 ], [ -125.137182946972786, 51.643215958331531 ], [ -125.124943908235664, 51.685296973612431 ], [ -125.131017909833091, 51.699315010114155 ], [ -125.143738983141262, 51.714690011960187 ], [ -125.138783046774151, 51.724680062743033 ], [ -125.128136066591438, 51.733128954708853 ], [ -125.111269900383661, 51.734549949559494 ], [ -125.042168044009671, 51.727160024647993 ], [ -125.012250070473129, 51.72981094439205 ], [ -124.988286093599811, 51.735895013580802 ], [ -124.961191009137337, 51.739684945836345 ], [ -124.908101014337959, 51.740639047527836 ], [ -124.898196003727136, 51.742835022995358 ], [ -124.888523922973761, 51.748435011638691 ], [ -124.877307078035216, 51.764795995375067 ], [ -124.871570925904351, 51.765319953269561 ], [ -124.851800932697344, 51.755153001589797 ], [ -124.839131973363209, 51.753353976552795 ], [ -124.830460025289057, 51.768974973294078 ], [ -124.828945954773758, 51.778224965559325 ], [ -124.820225907094397, 51.783259018802859 ], [ -124.802639961662109, 51.786709940485387 ], [ -124.80748396014782, 51.819826052865253 ], [ -124.80277089599835, 51.829428014495875 ], [ -124.785392010009787, 51.847999993474403 ], [ -124.767334017908354, 51.855977941431426 ], [ -124.767309100926752, 51.868452970075815 ], [ -124.755018095213359, 51.874964958624638 ], [ -124.756036915776676, 51.918636019328773 ], [ -124.765704991640291, 51.949903941283743 ], [ -124.770133100737922, 51.997949054896004 ], [ -124.960085009692918, 52.006923033222257 ], [ -125.094335959947117, 52.006792036078878 ], [ -125.174324968140311, 52.002290041799213 ], [ -125.198678099631621, 51.998626048845061 ], [ -125.234691970972065, 51.985557990298247 ], [ -125.268380968681228, 51.976627042936947 ], [ -125.317627901125391, 51.972657960170238 ], [ -125.378287031867359, 51.950940997437371 ], [ -125.381682918645154, 51.936211961133473 ], [ -125.409070945337049, 51.940261055254474 ], [ -125.417227072795967, 51.926678030065808 ], [ -125.425361936198343, 51.938983039563517 ], [ -125.446500017142156, 51.932803012300326 ], [ -125.481128040807647, 51.918145986825827 ], [ -125.487500965659294, 51.918726963822721 ], [ -125.494442978530259, 51.925356024088117 ], [ -125.500330061821629, 51.940862949360344 ], [ -125.509874068060171, 51.943528003687739 ], [ -125.518830945976006, 51.941467026324744 ], [ -125.566294102347072, 51.917360951062328 ], [ -125.581182065764452, 51.894330021619965 ], [ -125.588444063028092, 51.901897949994762 ], [ -125.596078004757587, 51.903797941020514 ], [ -125.628765917451886, 51.921974057334424 ], [ -125.648435084102047, 51.935407031096346 ], [ -125.670706070090631, 51.94373697497241 ], [ -125.690229959154465, 51.935434013404773 ], [ -125.694153938742375, 51.921642061515101 ], [ -125.703694036391283, 51.925801973298029 ], [ -125.726643005702201, 51.928641979630619 ], [ -125.738054066932591, 51.940924976093854 ], [ -125.758412967878229, 51.952261023782476 ], [ -125.825687925246442, 51.969048941714277 ], [ -125.866537997371694, 51.974492037071713 ], [ -125.891133963323327, 51.970684052231931 ], [ -125.919896083485639, 51.955530017919671 ], [ -125.933320949560709, 51.942472017227885 ], [ -125.935258967899969, 51.927353986279392 ], [ -125.927646941564674, 51.902427040350993 ], [ -125.907614957340712, 51.878838975768303 ], [ -125.91182303912565, 51.84728101897241 ], [ -125.916617086031579, 51.838582956990962 ], [ -125.929361992511289, 51.832139014283158 ], [ -125.932233968212145, 51.827411981172858 ], [ -125.935748963519714, 51.818715014985457 ], [ -125.931642069189337, 51.801717011740536 ], [ -125.94884101275899, 51.784683973477449 ], [ -125.95267407413732, 51.770506955365164 ], [ -125.964763092423468, 51.760472048791343 ], [ -125.989872001011349, 51.75059903056858 ], [ -126.000043970606399, 51.729416987764225 ], [ -125.977519996512214, 51.701121999001025 ], [ -125.971494911957606, 51.695653968675138 ], [ -125.9603920057896, 51.692840005748366 ], [ -125.953419002555577, 51.686995004480771 ], [ -125.944245974090634, 51.669439054042286 ], [ -125.937911947386439, 51.663969063610423 ], [ -125.913502991578511, 51.660226058937234 ], [ -125.899908051654322, 51.64475100489917 ], [ -125.86384693287323, 51.622683035604872 ], [ -125.859537954619753, 51.586219055064042 ], [ -125.877919945971186, 51.579589024416542 ], [ -125.888394047806429, 51.569563019411362 ], [ -125.893168081697326, 51.559733040624707 ], [ -125.906485897343956, 51.547624004246799 ], [ -125.919155089704134, 51.54023802510126 ], [ -125.937191038884336, 51.534544057684869 ], [ -125.935624905498202, 51.526421059097409 ], [ -125.950814957780807, 51.516760953469955 ], [ -125.99918197594981, 51.503446020523903 ], [ -125.997928909685484, 51.482665013063453 ], [ -126.009620026311225, 51.464313012177001 ], [ -126.005529012672383, 51.433146045124175 ], [ -126.012157916268137, 51.420472955704 ], [ -126.035493039546751, 51.396991968221968 ], [ -126.038011092684457, 51.3794140084579 ], [ -126.032652040056647, 51.366955983838892 ], [ -126.025721974195932, 51.362247973680446 ], [ -125.97848409988859, 51.349117031767612 ], [ -125.943620095484945, 51.300048058316278 ], [ -125.91033200504863, 51.277607991132584 ], [ -125.875525089525581, 51.249489951829361 ], [ -125.86610300952033, 51.247798029009957 ], [ -125.853244082621913, 51.241382972532868 ], [ -125.839484940196272, 51.22589701400571 ], [ -125.833592980835931, 51.208326976390467 ], [ -125.843390947750521, 51.192827033520899 ], [ -125.859417976260687, 51.18771394936271 ], [ -125.861952071756207, 51.181287019555967 ], [ -125.873261022734908, 51.177688052519308 ], [ -125.872040901329555, 51.168051956035391 ], [ -125.87960102277296, 51.158597013948516 ], [ -125.882156954279637, 51.14467003930077 ], [ -125.891879056798601, 51.143847029347313 ], [ -125.879072051708391, 51.130064957358918 ], [ -125.875043908827081, 51.116841016228889 ], [ -125.881651071401151, 51.108898939381177 ], [ -125.889809018075638, 51.105112011992745 ], [ -125.920496933235441, 51.10980199045126 ], [ -125.924902975199998, 51.101859970422346 ], [ -125.886421899102587, 51.087352985771574 ], [ -125.865502958520409, 51.070741974144106 ], [ -125.839574088952645, 51.05847602701752 ], [ -125.840546089869406, 51.050728032508971 ], [ -125.862167059555844, 51.042778033545247 ], [ -125.849138898958444, 51.015953053485312 ], [ -125.870143002982886, 51.001009969669504 ], [ -125.870203928589277, 50.984759062448653 ], [ -125.881489974654997, 50.97397902629924 ], [ -125.880267960823858, 50.966233008636713 ], [ -125.88999707389425, 50.95224002023928 ], [ -125.886898049470958, 50.945440938074043 ], [ -125.882533953839797, 50.943366024083225 ], [ -125.863514049502314, 50.937523053323638 ], [ -125.843548939589837, 50.934888989553258 ], [ -125.824237910567916, 50.926205029988623 ], [ -125.818681050337247, 50.913923985581519 ], [ -125.819349048944716, 50.904852988563647 ], [ -125.807578933438094, 50.888604946213505 ], [ -125.809575053430279, 50.864227044883108 ], [ -125.8289029815422, 50.863086970595575 ], [ -125.825857078949781, 50.848538019279744 ], [ -125.829383069848475, 50.82756098867052 ], [ -125.845017037157831, 50.813191956058411 ], [ -125.861289929661083, 50.792206993041262 ], [ -125.872613090574703, 50.761018970340977 ], [ -125.886678080122479, 50.74097694533782 ], [ -125.898826931417162, 50.733028995395763 ], [ -125.926560006123935, 50.705977038308518 ], [ -125.966326079506544, 50.700633009975753 ], [ -125.972539904594555, 50.699112019242726 ], [ -125.975341035997346, 50.69551703701724 ], [ -126.003916994613377, 50.687909996809694 ], [ -126.105413066473488, 50.663682978912817 ], [ -126.177672025863203, 50.648916998499807 ], [ -126.199669978930615, 50.640150005184353 ], [ -126.204922058024877, 50.633897008641782 ], [ -126.205200034303289, 50.623313965580621 ], [ -126.200820936575823, 50.610291959761234 ], [ -126.19306101238756, 50.606161005919965 ], [ -126.184701070850977, 50.609024045395671 ], [ -126.181597094323976, 50.607523042066866 ], [ -126.162727956456749, 50.623645027396044 ], [ -126.12739093036889, 50.628097955254503 ], [ -126.123986022446857, 50.632265024193785 ], [ -126.083674952431721, 50.631994047718145 ], [ -126.075303973574577, 50.636360976325683 ], [ -126.067552944356763, 50.6475279657827 ], [ -126.060729044380295, 50.649433038522169 ], [ -126.046460096306276, 50.647953950501787 ], [ -126.019779025958101, 50.65235498340715 ], [ -126.006122950146363, 50.657861063760556 ], [ -125.995252921591344, 50.666006012872934 ], [ -125.967320956261617, 50.667561939942054 ], [ -125.926063087366543, 50.661192052347005 ], [ -125.844233964025946, 50.641225006210142 ], [ -125.836516915318171, 50.633290998688736 ], [ -125.840285094624321, 50.623273954695591 ], [ -125.856838970446574, 50.595297964409305 ], [ -125.864256960487225, 50.589841990457792 ] ] ], [ [ [ -125.865226944887283, 50.590190985122369 ], [ -125.864299100493497, 50.589813003810505 ], [ -125.864256960487225, 50.589841990457792 ], [ -125.865226944887283, 50.590190985122369 ] ] ] ] } },
{ "type": "Feature", "properties": { "NAME": "Tsay Keh Dene Band", "SCALE": "1:250000" }, "geometry": { "type": "Polygon", "coordinates": [ [ [ -123.533036918294115, 55.485634969455838 ], [ -123.525863047684837, 55.485134031410581 ], [ -123.521688930688725, 55.488025025255403 ], [ -123.516758998152113, 55.499404964741487 ], [ -123.475939069132409, 55.504189963397756 ], [ -123.442195943107976, 55.512126981231546 ], [ -123.427849930848836, 55.510050999398949 ], [ -123.402159019792592, 55.511243950402637 ], [ -123.381087995985951, 55.521166990537075 ], [ -123.379047912018976, 55.532433010862334 ], [ -123.403786076364142, 55.552741973794042 ], [ -123.411998997398655, 55.565656028573279 ], [ -123.414323064186064, 55.578786992176063 ], [ -123.438388005640803, 55.59766097792496 ], [ -123.445795901901263, 55.606855042967865 ], [ -123.630860079098881, 55.707675020371234 ], [ -123.683986999984612, 55.741500038168674 ], [ -123.73102302690063, 55.781930960252069 ], [ -123.783178980416551, 55.837328021556367 ], [ -123.819450091711388, 55.881194950627695 ], [ -123.845037932462304, 55.926572049028792 ], [ -123.855887953297071, 55.977238967542327 ], [ -123.844531054055849, 55.996453025426668 ], [ -123.812942971871877, 56.021707046561943 ], [ -123.777379923582828, 56.036939955043913 ], [ -123.720062007115061, 56.043358998465862 ], [ -123.703328953351061, 56.049532994742989 ], [ -123.690917996372903, 56.049978973974483 ], [ -123.675125002841199, 56.049297009312703 ], [ -123.640871960637838, 56.041896965059557 ], [ -123.477745967603042, 56.022873986459956 ], [ -123.362403942995968, 56.015668982716484 ], [ -123.327066097377653, 56.004195942484223 ], [ -123.305738891621971, 55.993362016444429 ], [ -123.278888986939776, 55.984230035564018 ], [ -123.254974967609272, 55.979180028186228 ], [ -123.239238018809019, 55.978443973100973 ], [ -123.165890061314073, 55.985812963358939 ], [ -123.13670195799277, 55.992309978034484 ], [ -123.100917109264657, 56.012897023816635 ], [ -123.078590001436112, 56.031134936549194 ], [ -123.066920936101553, 56.041862945302839 ], [ -123.066835042176507, 56.050465053643173 ], [ -123.080200039517891, 56.065036969760946 ], [ -123.108998935794432, 56.081805985225571 ], [ -123.120459960572177, 56.095831035858851 ], [ -123.141643963529759, 56.102882023615642 ], [ -123.175246101215606, 56.130944020107329 ], [ -123.175200106002393, 56.137945965216318 ], [ -123.154689983952423, 56.167492962729838 ], [ -123.11270603930646, 56.211506995408946 ], [ -123.102896117587861, 56.226009944485305 ], [ -123.114279082716322, 56.253490942496448 ], [ -123.13439200134404, 56.28314100329505 ], [ -123.170125102461299, 56.305837060475405 ], [ -123.25412492390754, 56.392656000409758 ], [ -123.269429996909494, 56.443803965942358 ], [ -123.280045939416311, 56.466422060081818 ], [ -123.316895989468478, 56.516529996964607 ], [ -123.318762019415431, 56.539137969704079 ], [ -123.342047940690378, 56.58168196605336 ], [ -123.339912044511024, 56.633343000679737 ], [ -123.32803493974842, 56.669382048015123 ], [ -123.336766062715341, 56.694147941511304 ], [ -123.362192935486448, 56.715170941906656 ], [ -123.438697041178031, 56.749671938718954 ], [ -123.469147040450281, 56.769598958890299 ], [ -123.477991926689668, 56.781439988136711 ], [ -123.482909076458071, 56.806734025330385 ], [ -123.489797995071484, 56.812655953282395 ], [ -123.515388031276927, 56.822345975896319 ], [ -123.68193800051985, 56.860971005877303 ], [ -123.700780058183582, 56.8830029880531 ], [ -123.720568069265028, 56.895352978337023 ], [ -123.734647005103739, 56.936238056594483 ], [ -123.756569055315296, 56.963645041786421 ], [ -123.774452925832122, 56.977065935760081 ], [ -123.796405898517321, 57.002855030970878 ], [ -123.818326014765773, 57.020566971758974 ], [ -123.831247969825171, 57.027536054489545 ], [ -123.890665962496442, 57.030061956675397 ], [ -123.919503990665703, 57.041811030091239 ], [ -123.922759010109857, 57.066566024547583 ], [ -123.920132911777799, 57.097257946706137 ], [ -123.96162396907097, 57.164408035958409 ], [ -123.967854982776856, 57.186461018106307 ], [ -123.951409044465876, 57.224200986009457 ], [ -123.925929042876305, 57.259271062242945 ], [ -123.916290108897911, 57.288905952525759 ], [ -123.894520906935441, 57.303508056049807 ], [ -123.82591595665167, 57.327907979524625 ], [ -123.813002101400329, 57.335473035263099 ], [ -123.796766088152737, 57.361312985872082 ], [ -123.802809986328072, 57.36883405667831 ], [ -123.856891086515461, 57.382703997179931 ], [ -123.903062095775354, 57.401951028162195 ], [ -123.92011598190534, 57.406744938134096 ], [ -124.017442903764106, 57.430101017679377 ], [ -124.037454019529122, 57.430020014723681 ], [ -124.086623927667617, 57.449287036655718 ], [ -124.11036704953176, 57.451697993173575 ], [ -124.152694895167343, 57.452083962306936 ], [ -124.166144921669186, 57.450703051117841 ], [ -124.167488003485232, 57.448657936679226 ], [ -124.155944888118597, 57.431229031350384 ], [ -124.158858977080342, 57.426045038453466 ], [ -124.168387914361531, 57.422481993473639 ], [ -124.167305015458894, 57.411879993763662 ], [ -124.170478955811433, 57.408520035802582 ], [ -124.172745083333325, 57.409659992777136 ], [ -124.183989922594776, 57.401844031169901 ], [ -124.188018937248842, 57.40332801926057 ], [ -124.22936198714217, 57.387408962746953 ], [ -124.24964100126175, 57.381999941950411 ], [ -124.288757024887261, 57.379508957442155 ], [ -124.303032107190759, 57.375846997031239 ], [ -124.302634952815822, 57.373989016299745 ], [ -124.305945967189089, 57.374901020837925 ], [ -124.305138111321924, 57.373324998917518 ], [ -124.3236238958347, 57.363899045018492 ], [ -124.332023957769678, 57.365325961018968 ], [ -124.336296017863688, 57.363879958157675 ], [ -124.342368927748922, 57.349978952077947 ], [ -124.356086940945346, 57.337447939139047 ], [ -124.370872928972688, 57.332996013417457 ], [ -124.412413977577856, 57.328552031407654 ], [ -124.419303928162535, 57.3249779373417 ], [ -124.444443102156626, 57.320209944178693 ], [ -124.455413933916574, 57.324164960442481 ], [ -124.48308596572528, 57.327243981286244 ], [ -124.49970196058652, 57.324191984903528 ], [ -124.507117884969787, 57.317406049273096 ], [ -124.522979980115551, 57.318328964045335 ], [ -124.526008095845128, 57.315646966963854 ], [ -124.556068101908679, 57.319667976952388 ], [ -124.560646116754896, 57.316474958718111 ], [ -124.594238073475751, 57.319542047103845 ], [ -124.639151942975346, 57.315253948716133 ], [ -124.645790083683622, 57.320258950757271 ], [ -124.671814074101761, 57.321392055613018 ], [ -124.695716990683707, 57.327423061880879 ], [ -124.705330093646481, 57.325725972207081 ], [ -124.707603031338678, 57.3293720121303 ], [ -124.735710001102944, 57.339706034661319 ], [ -124.797081010160781, 57.352924000430448 ], [ -124.807350019484232, 57.352859060711552 ], [ -124.819885089833065, 57.342128977521 ], [ -124.848495008783516, 57.33103904365457 ], [ -124.85971793919056, 57.33619304811873 ], [ -124.891173952548343, 57.338577049841305 ], [ -124.897240015735647, 57.342388036539333 ], [ -124.915984921423671, 57.340835959212015 ], [ -124.929131029454624, 57.335426014863359 ], [ -124.9349359485131, 57.335921962496037 ], [ -124.939475954006227, 57.328723946947164 ], [ -124.950745016662964, 57.322586029432529 ], [ -124.960990934558879, 57.320942045656743 ], [ -124.959823891886643, 57.316226955242769 ], [ -124.97212991617296, 57.310593021597242 ], [ -124.986739926420356, 57.295189030649446 ], [ -124.983696045906186, 57.289570016213844 ], [ -124.977065964226412, 57.288750024841974 ], [ -124.975319038364745, 57.275955052694634 ], [ -124.960198037236466, 57.26070797494517 ], [ -124.962775985235552, 57.257229042791387 ], [ -124.955879007385221, 57.24881696893209 ], [ -124.954788089400338, 57.238158971571011 ], [ -124.938575916765572, 57.226737959523923 ], [ -124.92293492852545, 57.221316944559781 ], [ -124.927154932618635, 57.21732702942063 ], [ -124.915749097031451, 57.211787990155131 ], [ -124.919441077163611, 57.207230006549011 ], [ -124.906883029295457, 57.196872951716607 ], [ -124.909141894498518, 57.193774980183285 ], [ -124.902763106126713, 57.188880978501608 ], [ -124.902901091670444, 57.184127947331099 ], [ -124.918365890157546, 57.177539939283385 ], [ -124.925032992597011, 57.16933398380273 ], [ -124.931335073440025, 57.168429988808342 ], [ -124.929236909531184, 57.163994011831925 ], [ -124.951363003832327, 57.148853007936168 ], [ -124.946587114915204, 57.145443055188778 ], [ -124.949470888671357, 57.142406028893873 ], [ -124.989066897666248, 57.12827694469356 ], [ -124.984328953935389, 57.124882002011326 ], [ -125.000190964563913, 57.12023894440722 ], [ -125.000579907955625, 57.117374035676406 ], [ -125.005423901457107, 57.117477037255377 ], [ -125.025336905662101, 57.105251002187472 ], [ -125.02552805163306, 57.101493966762106 ], [ -125.035782108108549, 57.094840973005823 ], [ -125.034836073875709, 57.092373042126226 ], [ -125.046776004321359, 57.089706011666152 ], [ -125.050934017002291, 57.083125969701122 ], [ -125.058539887915614, 57.080752997824995 ], [ -125.060744967665926, 57.074733983064412 ], [ -125.058051918933529, 57.070712997704355 ], [ -125.066139026668836, 57.066085979937021 ], [ -125.0624078821767, 57.062717057958203 ], [ -125.074135023047717, 57.050900029270828 ], [ -125.084312025651386, 57.048573013006163 ], [ -125.085541046385089, 57.038241994360654 ], [ -125.091315938553379, 57.039172970739443 ], [ -125.092215894261329, 57.035866034602115 ], [ -125.115546978871649, 57.026810047150498 ], [ -125.121329906359932, 57.026675953421723 ], [ -125.128730986441013, 57.038787945020566 ], [ -125.138572932070403, 57.038475003600304 ], [ -125.16551989391705, 57.045872025195571 ], [ -125.16693102693327, 57.049041944071128 ], [ -125.160689886744507, 57.053538992052189 ], [ -125.163094017489058, 57.069561030934551 ], [ -125.174606106212607, 57.084876948477245 ], [ -125.180983957988758, 57.086685046066279 ], [ -125.187187070188088, 57.093932939901848 ], [ -125.215034076803434, 57.104298004854748 ], [ -125.235038997019586, 57.102782944172759 ], [ -125.242507885743805, 57.105948937463609 ], [ -125.252426006910625, 57.11455497052436 ], [ -125.252097929941428, 57.128421984113402 ], [ -125.241699049084346, 57.14591596523902 ], [ -125.253013969952619, 57.149574005026288 ], [ -125.260842117198649, 57.162684972843977 ], [ -125.284133931621639, 57.167342943147489 ], [ -125.294144004251891, 57.173245054006387 ], [ -125.302323099841374, 57.174334961701561 ], [ -125.307160000762522, 57.166232967354162 ], [ -125.302231024002865, 57.162270063151524 ], [ -125.305931038710568, 57.161067971721309 ], [ -125.302741930282892, 57.154239997827858 ], [ -125.311195039242406, 57.153809010934168 ], [ -125.331092914513491, 57.159435053848725 ], [ -125.345336888145283, 57.152466048518818 ], [ -125.349601988726675, 57.154460959691626 ], [ -125.357100976140529, 57.152294020394642 ], [ -125.360351888990095, 57.142280986205577 ], [ -125.357642999618008, 57.141345942910618 ], [ -125.369613891388681, 57.140834998819564 ], [ -125.375115008140853, 57.137164997184271 ], [ -125.372817934470604, 57.129481945221677 ], [ -125.38115688337794, 57.128597053238416 ], [ -125.393538989812612, 57.12251998840776 ], [ -125.412536018854141, 57.123989059579948 ], [ -125.446975970512014, 57.134402995733453 ], [ -125.458428080510728, 57.133838964090266 ], [ -125.478614960976103, 57.142867944975684 ], [ -125.498535104150349, 57.147736032945673 ], [ -125.503670004795879, 57.151530947402101 ], [ -125.511939914750059, 57.151535034639743 ], [ -125.514083947935333, 57.155388044052842 ], [ -125.539589117091992, 57.161002940732203 ], [ -125.553779975216997, 57.163161961939373 ], [ -125.563003888660234, 57.159507940806918 ], [ -125.580573953777517, 57.160507039087094 ], [ -125.645126085178802, 57.140407942425917 ], [ -125.714530889351963, 57.104125954554 ], [ -125.727263965919633, 57.109519957103096 ], [ -125.750747944890293, 57.111912009186696 ], [ -125.800713000661432, 57.111167945244304 ], [ -125.808806937063878, 57.109237982087627 ], [ -125.814339114764806, 57.111827989616032 ], [ -125.822525044212298, 57.10581594620681 ], [ -125.842391976180394, 57.101146963508199 ], [ -125.870063989128852, 57.103084015001222 ], [ -125.880278977394724, 57.096817005355511 ], [ -125.886757050218961, 57.086486952114591 ], [ -125.917609981619691, 57.074912975889319 ], [ -125.972702079634757, 57.06528904851163 ], [ -125.975502011753832, 57.062954050995906 ], [ -126.015701103538632, 57.057616938637516 ], [ -126.043563884434647, 57.058498050720871 ], [ -126.129593018175683, 57.069091979345828 ], [ -126.13742803072472, 57.074509028512061 ], [ -126.131110900571997, 57.086913950415898 ], [ -126.145598994579132, 57.098670958339149 ], [ -126.18360895662768, 57.10074595480755 ], [ -126.20332298144146, 57.098511060618122 ], [ -126.238441024038892, 57.100844942816799 ], [ -126.266295979115966, 57.09714503676247 ], [ -126.298019994590859, 57.097545962373395 ], [ -126.345848066797473, 57.114685057232983 ], [ -126.359390113092033, 57.122971048513421 ], [ -126.36970507077254, 57.124966060042446 ], [ -126.399367925881847, 57.119385059978754 ], [ -126.410103096943658, 57.110138003470816 ], [ -126.425896112048051, 57.104388936358461 ], [ -126.533424066002183, 57.0993349998094 ], [ -126.586722968471548, 57.089195021216341 ], [ -126.615638966510147, 57.092357975713604 ], [ -126.633063997044516, 57.100712015968746 ], [ -126.641212961917205, 57.10944700410316 ], [ -126.662529028716548, 57.114529055620473 ], [ -126.702911972602521, 57.105391944516583 ], [ -126.714507906972941, 57.09782400476616 ], [ -126.724639976923015, 57.100360978991091 ], [ -126.744637117246512, 57.099213041792048 ], [ -126.763045960145448, 57.10125400806789 ], [ -126.781532021465011, 57.109303058242965 ], [ -126.792487920957328, 57.110603022732874 ], [ -126.850151033933955, 57.102299038312282 ], [ -126.884194033998156, 57.102569950409546 ], [ -126.918083045462765, 57.109070052018929 ], [ -126.923278919272974, 57.109112043224833 ], [ -126.928551043709277, 57.105716952498881 ], [ -126.937286044875307, 57.076438959689803 ], [ -126.913101104153895, 57.02537493847818 ], [ -126.929000934744323, 56.978580956430697 ], [ -126.94174204907857, 56.962624026196451 ], [ -126.97003210346071, 56.93967405001171 ], [ -127.050322894603681, 56.894886021950889 ], [ -127.059203994462422, 56.891852940732804 ], [ -127.095085111065316, 56.886794963471829 ], [ -127.125609971957786, 56.873192048386827 ], [ -127.174904002448088, 56.857704051725108 ], [ -127.200957988323211, 56.846416942223847 ], [ -127.260490000303378, 56.805320984289722 ], [ -127.266564111271578, 56.787375053765693 ], [ -127.253611066400651, 56.765611007930843 ], [ -127.216618086894954, 56.742803020818947 ], [ -127.189741094054696, 56.69507900271195 ], [ -127.179693096988984, 56.667077052374594 ], [ -127.174778093253011, 56.637765018311718 ], [ -127.14208709987912, 56.58227900450381 ], [ -127.134349059940504, 56.559878058149046 ], [ -127.101415981827188, 56.512031015140657 ], [ -127.060942060624654, 56.489821041159935 ], [ -127.025703932665408, 56.464903989454484 ], [ -127.002892908846121, 56.443646056254941 ], [ -126.960223923496329, 56.417888014451464 ], [ -126.897640114228764, 56.38968496613272 ], [ -126.834574080400216, 56.349604996266663 ], [ -126.798796110784494, 56.338532042245241 ], [ -126.77818001023239, 56.326318992000218 ], [ -126.740676968525975, 56.302659986167953 ], [ -126.722973100498152, 56.284235943416554 ], [ -126.670216886933318, 56.244948977346354 ], [ -126.625539004023707, 56.218333059321566 ], [ -126.597493028061834, 56.206655062606771 ], [ -126.546989103753575, 56.194517974790195 ], [ -126.461514949086251, 56.18234801375241 ], [ -126.420921992610431, 56.172447984835713 ], [ -126.387421024614724, 56.168957983792595 ], [ -126.348100052640575, 56.159068049318392 ], [ -126.288814077769672, 56.149422018393068 ], [ -126.156606100912214, 56.11301905931164 ], [ -126.035072108030803, 56.103191978517806 ], [ -125.870748898520546, 56.083114947394236 ], [ -125.71005892187334, 56.06639694715934 ], [ -125.550934079062202, 56.061350992601 ], [ -125.497285955287751, 56.061933049429435 ], [ -125.458420004151947, 56.037130939594554 ], [ -125.363412919866079, 56.014158966819494 ], [ -125.322326111370813, 56.001097032426259 ], [ -125.278142891842847, 55.981650942769328 ], [ -125.254952071176092, 55.964231060386069 ], [ -125.235758933323993, 55.944131940666665 ], [ -125.230327025746021, 55.910524018112689 ], [ -125.233042988993105, 55.856958942676904 ], [ -125.227084060611546, 55.82890806254651 ], [ -125.210250060744414, 55.810962953484335 ], [ -125.179976923374113, 55.803756994500539 ], [ -125.112145016256264, 55.800936004955673 ], [ -125.08069110604383, 55.793659002725335 ], [ -125.039604986747193, 55.795830051607389 ], [ -125.021154917690723, 55.79453205481181 ], [ -124.991913922288362, 55.801944952800959 ], [ -124.90370205319681, 55.816454040898172 ], [ -124.862586080015063, 55.818556053752332 ], [ -124.789412055011653, 55.807713053445184 ], [ -124.75939211064167, 55.799007986796148 ], [ -124.732459028847046, 55.78483497303889 ], [ -124.70747296539507, 55.764454058431639 ], [ -124.680262964927408, 55.71958694111752 ], [ -124.656177099768811, 55.69155401989557 ], [ -124.640204944154121, 55.679842041904095 ], [ -124.545768011869782, 55.663204049333324 ], [ -124.509969024221363, 55.663283062902451 ], [ -124.477186968757024, 55.658594970052683 ], [ -124.44137606935486, 55.658661937054184 ], [ -124.420820032644386, 55.655106971574803 ], [ -124.3911539292029, 55.634480990088882 ], [ -124.388281911618108, 55.627400986005711 ], [ -124.344619093576625, 55.57974195256589 ], [ -124.202335029234163, 55.506028957826658 ], [ -124.136164098048425, 55.427358011915175 ], [ -124.115072080676569, 55.409214028829055 ], [ -124.078418928032747, 55.387846943282931 ], [ -124.040028912668078, 55.358966060278938 ], [ -123.906080968147592, 55.367579960291835 ], [ -123.801565073188755, 55.367451985574512 ], [ -123.720232099005486, 55.361590038321673 ], [ -123.69005800840263, 55.36369098108095 ], [ -123.673475083053276, 55.368574059501874 ], [ -123.649378059041098, 55.383978988963264 ], [ -123.634922109671038, 55.400677985251335 ], [ -123.603313933420253, 55.455236953810335 ], [ -123.569823975903674, 55.472544000273047 ], [ -123.533036918294115, 55.485634969455838 ] ] ] } },
{ "type": "Feature", "properties": { "NAME": "Teslin Tlingit Council", "SCALE": "1:250000" }, "geometry": { "type": "Polygon", "coordinates": [ [ [ -130.582110985066237, 59.999992984375773 ], [ -133.451258121446955, 60.000020973849281 ], [ -132.957037949336126, 59.772062010254764 ], [ -132.661129064735803, 59.555273034480592 ], [ -132.550283014274186, 59.506523972776932 ], [ -132.481498126004738, 59.43531503691262 ], [ -132.09193000019917, 59.325483001458437 ], [ -130.930784098105448, 59.213476948121233 ], [ -130.426504929971401, 59.204894011176187 ], [ -130.348550918775288, 59.325526024208187 ], [ -130.373345033944474, 59.41060600679775 ], [ -130.455810877489171, 59.513896968016894 ], [ -130.616354000784014, 59.631504962431798 ], [ -130.611763107631248, 59.707331955058088 ], [ -130.66362807835705, 59.807563061536634 ], [ -130.601653018314579, 59.887569983927904 ], [ -130.597757965722366, 59.958225035691399 ], [ -130.582110985066237, 59.999992984375773 ] ] ] } },
{ "type": "Feature", "properties": { "NAME": "Kaska Dena Council", "SCALE": "1:250000" }, "geometry": { "type": "Polygon", "coordinates": [ [ [ -124.0159070251364, 59.999999988140829 ], [ -130.890265031109408, 60.000000054818891 ], [ -130.788991048616367, 59.94815103935349 ], [ -130.760259073278803, 59.930477002214943 ], [ -130.743397918914468, 59.924743989612693 ], [ -130.774418887391619, 59.898787949616633 ], [ -130.795674007306985, 59.87089896476337 ], [ -130.823446029813709, 59.847621935971027 ], [ -130.853977992912718, 59.813293028468728 ], [ -130.929633025461641, 59.742476955965067 ], [ -130.938711013774366, 59.730289040979535 ], [ -130.970328007981408, 59.671164967505113 ], [ -130.97209803102848, 59.616982049312533 ], [ -130.963705002509641, 59.591536941788945 ], [ -130.954457882597922, 59.577316034033174 ], [ -130.934973054696115, 59.563076034546725 ], [ -130.842214077564194, 59.512885939527301 ], [ -130.778325103560576, 59.461554950719517 ], [ -130.656759020898733, 59.372307009884473 ], [ -130.617786937498124, 59.338669010595005 ], [ -130.476977959002454, 59.229744038458961 ], [ -130.489170042557191, 59.158877988202512 ], [ -130.490954996566018, 59.1239929687287 ], [ -130.510014034022873, 59.052978967972273 ], [ -130.512027927200876, 59.010010029189104 ], [ -130.516926012097002, 58.992152978079865 ], [ -130.514835995548253, 58.971302001002464 ], [ -130.517796103949081, 58.966422961126 ], [ -130.535709981668589, 58.960438007953634 ], [ -130.604449884163472, 58.964480976758203 ], [ -130.616291024673586, 58.961802952530526 ], [ -130.637304009324026, 58.948048059394594 ], [ -130.666280038238483, 58.916618044827565 ], [ -130.688100045625561, 58.884105967835794 ], [ -130.720937075728187, 58.803702996667802 ], [ -130.721760907697472, 58.780849015295423 ], [ -130.712056958888752, 58.748515947716037 ], [ -130.703603037851678, 58.735503972685642 ], [ -130.669606049415762, 58.704825977010174 ], [ -130.619083920994569, 58.678515978439336 ], [ -130.599917977396785, 58.677650021254692 ], [ -130.558627964214111, 58.681319943775613 ], [ -130.536548926911678, 58.68080106580026 ], [ -130.508243957888197, 58.674827979338694 ], [ -130.499500092235195, 58.667824052262503 ], [ -130.502185898189055, 58.662940955115928 ], [ -130.512684038826166, 58.659157059637224 ], [ -130.562213944896456, 58.645641025529976 ], [ -130.583195003385214, 58.634086989740226 ], [ -130.595967021801471, 58.623074047732288 ], [ -130.596591933357075, 58.617335985835638 ], [ -130.592074986701306, 58.613968062688755 ], [ -130.547839981340644, 58.598965041775806 ], [ -130.536609954241555, 58.585758065326431 ], [ -130.538943984925197, 58.565670029451908 ], [ -130.565571060745071, 58.509841978754132 ], [ -130.567004893714511, 58.491245030703723 ], [ -130.562228987734699, 58.488144031899132 ], [ -130.5386389354382, 58.484444057259417 ], [ -130.489445088691781, 58.468097953987147 ], [ -130.451741118737743, 58.464676044449298 ], [ -130.443530965301505, 58.46617099649675 ], [ -130.436023959136918, 58.472607051824625 ], [ -130.414600082758227, 58.514804986043359 ], [ -130.39989101444354, 58.52302196128236 ], [ -130.390856892219091, 58.524905972888391 ], [ -130.309955038403018, 58.523784980310154 ], [ -130.24718002866905, 58.529133002438229 ], [ -130.229052905887897, 58.533431991714139 ], [ -130.172915985010576, 58.554897050933185 ], [ -130.115436061056442, 58.565497949362779 ], [ -130.051316940221653, 58.566611955716063 ], [ -129.946306054043333, 58.563648030974399 ], [ -129.715548039441103, 58.471183970884425 ], [ -129.565415997431728, 58.418017956500897 ], [ -129.522493056754968, 58.39870502650146 ], [ -129.520722899567403, 58.39248998784128 ], [ -129.527069903901207, 58.385936939108518 ], [ -129.549853007666059, 58.376785059466087 ], [ -129.60681389472515, 58.36191201014767 ], [ -129.615618028133525, 58.356917953370761 ], [ -129.62860292609605, 58.34011103360745 ], [ -129.611741901690635, 58.269519987290728 ], [ -129.602891895887751, 58.263687006586537 ], [ -129.587968955004669, 58.258922953744474 ], [ -129.5342419166779, 58.245906999962557 ], [ -129.51316900123004, 58.243176061718323 ], [ -129.501328918783827, 58.247398058193276 ], [ -129.443847883563933, 58.280162973937422 ], [ -129.421234953105056, 58.298756004373651 ], [ -129.406479983657562, 58.305901045922589 ], [ -129.378937909800385, 58.310378974341468 ], [ -129.339142993152905, 58.304237056515831 ], [ -129.277679988292306, 58.28007900343195 ], [ -129.183304906735913, 58.252623969997281 ], [ -128.993684040817413, 58.229286028398249 ], [ -128.928101947614039, 58.215111021863578 ], [ -128.872529032198429, 58.197913967942299 ], [ -128.860581905204356, 58.202484056209478 ], [ -128.854706940391168, 58.208611020993374 ], [ -128.848984951859194, 58.243678979747308 ], [ -128.844772903796496, 58.246422058061192 ], [ -128.836366030632746, 58.247124014465193 ], [ -128.803788062600745, 58.240490051247392 ], [ -128.703385010611555, 58.253345050377554 ], [ -128.664689077452323, 58.243458003797187 ], [ -128.593352922047842, 58.212733987636106 ], [ -128.550065061947265, 58.165759977292502 ], [ -128.507020001952782, 58.158553976293724 ], [ -128.456954883332259, 58.157951030879723 ], [ -128.42681901606494, 58.151703012917864 ], [ -128.405089991825491, 58.1550710570327 ], [ -128.312102952450743, 58.216862032010617 ], [ -128.259323074415988, 58.244727986137306 ], [ -128.240799036902445, 58.260578032540671 ], [ -128.208465958221211, 58.267914023619255 ], [ -128.108947918726727, 58.255633955975441 ], [ -128.025191991198909, 58.239788006545524 ], [ -127.920096990418656, 58.213844044512285 ], [ -127.543999113422515, 58.142573936773367 ], [ -127.485595912502603, 58.102164944210308 ], [ -127.475226901271199, 58.091529963279193 ], [ -127.489760902477016, 58.063717061258139 ], [ -127.507659917957767, 58.040306007995426 ], [ -127.535224944188215, 58.015736029491642 ], [ -127.550689880587967, 57.991855963610575 ], [ -127.589760039166407, 57.958363032289562 ], [ -127.520682902805234, 57.904471974327208 ], [ -127.45568803024851, 57.859203049717294 ], [ -127.44369495885914, 57.816775982443367 ], [ -127.437469990591694, 57.740104974617182 ], [ -127.408263950634989, 57.688094962685632 ], [ -127.411041032989687, 57.676743006170135 ], [ -127.420372037849518, 57.653500039543303 ], [ -127.432602019729643, 57.641963962036868 ], [ -127.547751894117496, 57.579220039983262 ], [ -127.617310024340483, 57.526778987809948 ], [ -127.644332919144432, 57.486819952846908 ], [ -127.691605048147721, 57.43169397177121 ], [ -127.721710079745023, 57.36440998964045 ], [ -127.754592971345247, 57.336559002640001 ], [ -127.777152966248551, 57.298301973334191 ], [ -127.748520091127105, 57.295802973828913 ], [ -127.734382896067743, 57.290366971147193 ], [ -127.724610001443821, 57.27938806318776 ], [ -127.711745898726022, 57.254501039152451 ], [ -127.684760965766287, 57.238594021314363 ], [ -127.680678933469721, 57.231476046350188 ], [ -127.670485954772417, 57.225974981028138 ], [ -127.661537060354306, 57.210678003480815 ], [ -127.660622067404816, 57.198959022507047 ], [ -127.66958591623937, 57.186480986082699 ], [ -127.671020944862406, 57.174174951509123 ], [ -127.677185005039973, 57.168601983396542 ], [ -127.700988951173002, 57.1586269491835 ], [ -127.710700988021898, 57.151855051988264 ], [ -127.72224408424772, 57.134997938179282 ], [ -127.71612490888036, 57.10610198248817 ], [ -127.69686891914796, 57.100650987593546 ], [ -127.686789946819573, 57.093333982415473 ], [ -127.682998968870919, 57.086162973138713 ], [ -127.691764994574839, 57.081065995476884 ], [ -127.712677087899564, 57.081134986004649 ], [ -127.712265092548279, 57.076388958000486 ], [ -127.677010042243879, 57.052898052022641 ], [ -127.670234965627017, 57.043220004171332 ], [ -127.681030113746147, 57.036591055131623 ], [ -127.687126106638985, 57.028336047285791 ], [ -127.693076888227395, 57.026726065282496 ], [ -127.698424885283686, 57.026420971033417 ], [ -127.705559109153782, 57.035439026711479 ], [ -127.714988948309681, 57.039242026044498 ], [ -127.719849036918205, 57.040229984688473 ], [ -127.728637949419877, 57.037528962676646 ], [ -127.718391011283757, 57.02122901310954 ], [ -127.735900904170364, 57.011630972633839 ], [ -127.736664107218928, 57.00849194110495 ], [ -127.72035202121134, 56.999244966910389 ], [ -127.693146029856877, 57.002654970451751 ], [ -127.682121102363752, 56.991904962073427 ], [ -127.678893947180271, 56.9918520293174 ], [ -127.641647018502425, 57.007174978424622 ], [ -127.606849985328424, 57.012463012413846 ], [ -127.600021066095451, 57.012413056325229 ], [ -127.590446919271201, 57.007420064346206 ], [ -127.582915915551752, 56.991852042638591 ], [ -127.606415088297496, 56.988486951367804 ], [ -127.597771082288162, 56.981536940929566 ], [ -127.575264036785669, 56.972118026185498 ], [ -127.578666995363307, 56.967331001535015 ], [ -127.585968063670137, 56.964293966255823 ], [ -127.585303932010333, 56.961394990484763 ], [ -127.569518970492254, 56.955054988177018 ], [ -127.552367916776333, 56.954948000631653 ], [ -127.544601906440946, 56.950840020913546 ], [ -127.544578890480821, 56.947235033680123 ], [ -127.561263901832504, 56.936610957359036 ], [ -127.542075892451322, 56.912803946527532 ], [ -127.552795886115774, 56.911598018873953 ], [ -127.595351949644694, 56.921230006549855 ], [ -127.611724905182882, 56.91845701599604 ], [ -127.608017006601656, 56.910670963187805 ], [ -127.565451938402617, 56.881817061266503 ], [ -127.559227057941953, 56.873847992735939 ], [ -127.559165894321907, 56.86184296982298 ], [ -127.562958046407729, 56.858791012360967 ], [ -127.577919108668098, 56.855659047251358 ], [ -127.605957012401632, 56.86112606005463 ], [ -127.610085013382616, 56.86042401730537 ], [ -127.608191977828682, 56.853531041567933 ], [ -127.593697017140656, 56.842166943668616 ], [ -127.563270100233538, 56.826282984117007 ], [ -127.558059930623628, 56.810940030965156 ], [ -127.548080044968358, 56.80661805594093 ], [ -127.528129113061837, 56.791374044484996 ], [ -127.504462929168582, 56.788162042581803 ], [ -127.475539951997732, 56.778023045912498 ], [ -127.461852998880047, 56.776131009855092 ], [ -127.410308999809658, 56.749976969228371 ], [ -127.405449092429905, 56.749599046419718 ], [ -127.399902033669562, 56.755936024900329 ], [ -127.378288112180087, 56.762572977616614 ], [ -127.345763913528941, 56.765034031136466 ], [ -127.313271116024723, 56.775283997491556 ], [ -127.300651997217471, 56.773196950073263 ], [ -127.29483788460972, 56.774768940213256 ], [ -127.282409967689645, 56.787056038050359 ], [ -127.307732075667317, 56.790645936836277 ], [ -127.306938104507381, 56.793475971104741 ], [ -127.280616898351354, 56.798531047429023 ], [ -127.260490000303378, 56.805320984289722 ], [ -127.223479899874178, 56.832554056001911 ], [ -127.188186003396893, 56.852604031249854 ], [ -127.125609971957786, 56.873192048386827 ], [ -127.095085111065316, 56.886794963471829 ], [ -127.059203994462422, 56.891852940732804 ], [ -127.050322894603681, 56.894886021950889 ], [ -126.959182991608969, 56.946517988068443 ], [ -126.929000934744323, 56.978580956430697 ], [ -126.914055050070914, 57.020248030373885 ], [ -126.913101104153895, 57.02537493847818 ], [ -126.937286044875307, 57.076438959689803 ], [ -126.930327888625158, 57.103541975761935 ], [ -126.923278919272974, 57.109112043224833 ], [ -126.902541961526097, 57.107395048035272 ], [ -126.884193092028426, 57.10256995679206 ], [ -126.850151033933955, 57.102299038312282 ], [ -126.792487920957328, 57.110603022732874 ], [ -126.781532021465011, 57.109303058242965 ], [ -126.763045939856283, 57.101252986990836 ], [ -126.744637117246512, 57.099213041792048 ], [ -126.724639976923015, 57.100360978991091 ], [ -126.714507906972941, 57.09782400476616 ], [ -126.702911972602521, 57.105391944516583 ], [ -126.662529028716548, 57.114529055620473 ], [ -126.641212961917205, 57.10944700410316 ], [ -126.633063997044516, 57.100712015968746 ], [ -126.615638966510147, 57.092357975713604 ], [ -126.586722968471548, 57.089195021216341 ], [ -126.533424066002183, 57.0993349998094 ], [ -126.425896112048051, 57.104388936358461 ], [ -126.410103096943658, 57.110138003470816 ], [ -126.399367925881847, 57.119385059978754 ], [ -126.36970507077254, 57.124966060042446 ], [ -126.359390113092033, 57.122971048513421 ], [ -126.345848066797473, 57.114685057232983 ], [ -126.298019994590859, 57.097545962373395 ], [ -126.266295979115966, 57.09714503676247 ], [ -126.238441024038892, 57.100844942816799 ], [ -126.20332298144146, 57.098511060618122 ], [ -126.18360895662768, 57.10074595480755 ], [ -126.145598994579132, 57.098670958339149 ], [ -126.131110900571997, 57.086913950415898 ], [ -126.13742803072472, 57.074509028512061 ], [ -126.129593018175683, 57.069091979345828 ], [ -126.043563884434647, 57.058498050720871 ], [ -126.015701103538632, 57.057616938637516 ], [ -125.975502011753832, 57.062954050995906 ], [ -125.972702079634757, 57.06528904851163 ], [ -125.917609981619691, 57.074912975889319 ], [ -125.886757050218961, 57.086486952114591 ], [ -125.880278977394724, 57.096817005355511 ], [ -125.87006398567064, 57.103085037033743 ], [ -125.842391976180394, 57.101146963508199 ], [ -125.822525044212298, 57.10581594620681 ], [ -125.814339114764806, 57.111827989616032 ], [ -125.808806937063878, 57.109237982087627 ], [ -125.800713000661432, 57.111167945244304 ], [ -125.750747944890293, 57.111912009186696 ], [ -125.727263965919633, 57.109519957103096 ], [ -125.714530889351963, 57.104125954554 ], [ -125.645126085178802, 57.140407942425917 ], [ -125.580573953777517, 57.160507039087094 ], [ -125.563003888660234, 57.159507940806918 ], [ -125.553779975216997, 57.163161961939373 ], [ -125.539589117091992, 57.161002940732203 ], [ -125.514083947935333, 57.155388044052842 ], [ -125.511939914750059, 57.151535034639743 ], [ -125.503670004795879, 57.151530947402101 ], [ -125.498535104150349, 57.147736032945673 ], [ -125.478614960976103, 57.142867944975684 ], [ -125.458428080510728, 57.133838964090266 ], [ -125.446975970512014, 57.134402995733453 ], [ -125.41253696168566, 57.123988936509605 ], [ -125.393538989812612, 57.12251998840776 ], [ -125.38115688337794, 57.128597053238416 ], [ -125.372817934470604, 57.129481945221677 ], [ -125.375115008140853, 57.137164997184271 ], [ -125.369613891388681, 57.140834998819564 ], [ -125.357642999618008, 57.141345942910618 ], [ -125.360351888990095, 57.142280986205577 ], [ -125.357101917711447, 57.152294025027423 ], [ -125.349601988726675, 57.154460959691626 ], [ -125.345336888145283, 57.152466048518818 ], [ -125.331092914513491, 57.159435053848725 ], [ -125.311195039242406, 57.153809010934168 ], [ -125.302741930282892, 57.154239997827858 ], [ -125.305931038710568, 57.161067971721309 ], [ -125.302231024002865, 57.162270063151524 ], [ -125.307159058855561, 57.166232962361448 ], [ -125.302323099841374, 57.174334961701561 ], [ -125.294144023055679, 57.173244032866421 ], [ -125.284133931621639, 57.167342943147489 ], [ -125.260842117198649, 57.162684972843977 ], [ -125.253013969952619, 57.149574005026288 ], [ -125.241699049084346, 57.14591596523902 ], [ -125.252097929941428, 57.128421984113402 ], [ -125.252426006910625, 57.11455497052436 ], [ -125.242507885743805, 57.105948937463609 ], [ -125.235038997019586, 57.102782944172759 ], [ -125.215034076803434, 57.104298004854748 ], [ -125.187187070188088, 57.093932939901848 ], [ -125.18098489792753, 57.086685051967834 ], [ -125.174606106212607, 57.084876948477245 ], [ -125.163094017489058, 57.069561030934551 ], [ -125.160689886744507, 57.053538992052189 ], [ -125.16693102693327, 57.049041944071128 ], [ -125.16551989391705, 57.045872025195571 ], [ -125.138572932070403, 57.038475003600304 ], [ -125.128730986441013, 57.038787945020566 ], [ -125.121329906359932, 57.026675953421723 ], [ -125.115546978871649, 57.026810047150498 ], [ -125.092215894261329, 57.035866034602115 ], [ -125.091315938553379, 57.039172970739443 ], [ -125.085541046385089, 57.038241994360654 ], [ -125.084312025651386, 57.048573013006163 ], [ -125.074135047655318, 57.050899007362212 ], [ -125.0624078821767, 57.062717057958203 ], [ -125.066139026668836, 57.066085979937021 ], [ -125.058051918933529, 57.070712997704355 ], [ -125.060744967665926, 57.074733983064412 ], [ -125.058539887915614, 57.080752997824995 ], [ -125.050934017002291, 57.083125969701122 ], [ -125.046776004321359, 57.089706011666152 ], [ -125.034836073875709, 57.092373042126226 ], [ -125.035782108108549, 57.094840973005823 ], [ -125.02552805163306, 57.101493966762106 ], [ -125.025336905662101, 57.105251002187472 ], [ -125.005423901457107, 57.117477037255377 ], [ -125.000579907955625, 57.117374035676406 ], [ -125.000190964563913, 57.12023894440722 ], [ -124.984328953935389, 57.124882002011326 ], [ -124.989066897666248, 57.12827694469356 ], [ -124.949470888671357, 57.142406028893873 ], [ -124.946587114915204, 57.145443055188778 ], [ -124.951362060755855, 57.148853000366501 ], [ -124.929236909531184, 57.163994011831925 ], [ -124.931335073440025, 57.168429988808342 ], [ -124.925033934516648, 57.169333991548974 ], [ -124.918365890157546, 57.177539939283385 ], [ -124.902901091670444, 57.184127947331099 ], [ -124.902763106126713, 57.188880978501608 ], [ -124.909141894498518, 57.193774980183285 ], [ -124.906883029295457, 57.196872951716607 ], [ -124.919441077163611, 57.207230006549011 ], [ -124.915749097031451, 57.211787990155131 ], [ -124.927154932618635, 57.21732702942063 ], [ -124.92293492852545, 57.221316944559781 ], [ -124.938575916765572, 57.226737959523923 ], [ -124.954788089400338, 57.238158971571011 ], [ -124.955879007385221, 57.24881696893209 ], [ -124.962775985235552, 57.257229042791387 ], [ -124.960198037236466, 57.26070797494517 ], [ -124.975319038364745, 57.275955052694634 ], [ -124.977065964226412, 57.288750024841974 ], [ -124.983696045906186, 57.289570016213844 ], [ -124.986739926420356, 57.295189030649446 ], [ -124.97212991617296, 57.310593021597242 ], [ -124.959823891886643, 57.316226955242769 ], [ -124.960990934558879, 57.320942045656743 ], [ -124.950745016662964, 57.322586029432529 ], [ -124.939475954006227, 57.328723946947164 ], [ -124.9349359485131, 57.335921962496037 ], [ -124.929131029454624, 57.335426014863359 ], [ -124.915984921423671, 57.340835959212015 ], [ -124.897240015735647, 57.342388036539333 ], [ -124.891173952548343, 57.338577049841305 ], [ -124.85971793919056, 57.33619304811873 ], [ -124.848495008783516, 57.33103904365457 ], [ -124.819885089833065, 57.342128977521 ], [ -124.807350019484232, 57.352859060711552 ], [ -124.797081010160781, 57.352924000430448 ], [ -124.735710001102944, 57.339706034661319 ], [ -124.707603978820345, 57.329372021460685 ], [ -124.705330093646481, 57.325725972207081 ], [ -124.695716990683707, 57.327423061880879 ], [ -124.671814074101761, 57.321392055613018 ], [ -124.645790083683622, 57.320258950757271 ], [ -124.639151942975346, 57.315253948716133 ], [ -124.594238073475751, 57.319542047103845 ], [ -124.560646116754896, 57.316474958718111 ], [ -124.556068101908679, 57.319667976952388 ], [ -124.526008095845128, 57.315646966963854 ], [ -124.522979980115551, 57.318328964045335 ], [ -124.507117884969787, 57.317406049273096 ], [ -124.499702907884782, 57.324191995734658 ], [ -124.48308596572528, 57.327243981286244 ], [ -124.455413933916574, 57.324164960442481 ], [ -124.444443102156626, 57.320209944178693 ], [ -124.419303928162535, 57.3249779373417 ], [ -124.412413977577856, 57.328552031407654 ], [ -124.370872928972688, 57.332996013417457 ], [ -124.356086940945346, 57.337447939139047 ], [ -124.342368927748922, 57.349978952077947 ], [ -124.336296017863688, 57.363879958157675 ], [ -124.332023957769678, 57.365325961018968 ], [ -124.3236238958347, 57.363899045018492 ], [ -124.305138111321924, 57.373324998917518 ], [ -124.305945967189089, 57.374901020837925 ], [ -124.302634952815822, 57.373989016299745 ], [ -124.303032107190759, 57.375846997031239 ], [ -124.288757024887261, 57.379508957442155 ], [ -124.24964100126175, 57.381999941950411 ], [ -124.22936198714217, 57.387408962746953 ], [ -124.188018937248842, 57.40332801926057 ], [ -124.183989922594776, 57.401844031169901 ], [ -124.172745083333325, 57.409659992777136 ], [ -124.170478955811433, 57.408520035802582 ], [ -124.167305015458894, 57.411879993763662 ], [ -124.168387914361531, 57.422481993473639 ], [ -124.15885902644861, 57.426044017401232 ], [ -124.155944888118597, 57.431229031350384 ], [ -124.166205938822912, 57.444846990515302 ], [ -124.166144921669186, 57.450703051117841 ], [ -124.120933995977765, 57.452038057730356 ], [ -124.086623927667617, 57.449287036655718 ], [ -124.1617740781127, 57.464806008555342 ], [ -124.20423903000551, 57.480769994295706 ], [ -124.296043074129912, 57.508484003069348 ], [ -124.331657052857722, 57.522269973799446 ], [ -124.336693069820299, 57.52812999917991 ], [ -124.332832009159389, 57.535014945308014 ], [ -124.367362986348382, 57.53770404724925 ], [ -124.387329030463349, 57.547382030547752 ], [ -124.412407064765375, 57.586903040540342 ], [ -124.451766905045076, 57.630931998308341 ], [ -124.510627990925457, 57.729060994543438 ], [ -124.516953102517903, 57.733517035409683 ], [ -124.572945054901723, 57.755108003902365 ], [ -124.580672995768083, 57.762561955416025 ], [ -124.573799021888007, 57.784030937952487 ], [ -124.5466309690987, 57.819453969122648 ], [ -124.538780073025691, 57.836413990487266 ], [ -124.493499949175003, 57.871605040666253 ], [ -124.426063104885969, 57.90961503679322 ], [ -124.391303967956745, 57.941508981399515 ], [ -124.362030051102749, 58.008178963879111 ], [ -124.347252112208622, 58.022716054000213 ], [ -124.319205915514203, 58.035187017240389 ], [ -124.238632088356411, 58.057448976337163 ], [ -124.120284896238857, 58.094626993738686 ], [ -124.08641105834613, 58.107780017498612 ], [ -124.073448076518048, 58.117747995942018 ], [ -124.034118105920626, 58.175082963872633 ], [ -124.017952083574642, 58.183284958675173 ], [ -124.005561963047555, 58.186802036585568 ], [ -123.952202118794233, 58.19387101310361 ], [ -123.834235992640089, 58.222286062586825 ], [ -123.743476881803517, 58.254158040557435 ], [ -123.682456909762962, 58.28254299953764 ], [ -123.671105000510607, 58.290272030627911 ], [ -123.654502934275754, 58.314887958024997 ], [ -123.643195915271761, 58.347435029046828 ], [ -123.642401973709227, 58.366085017977014 ], [ -123.655571116039184, 58.393454950314094 ], [ -123.692223096914958, 58.433754055074985 ], [ -123.743576069435946, 58.470950972377899 ], [ -123.780022105238771, 58.503956064557762 ], [ -123.78813197519186, 58.518035985029314 ], [ -123.789588897636477, 58.54161497647145 ], [ -123.773499019980861, 58.567204045980205 ], [ -123.749428109175426, 58.58871097867317 ], [ -123.715644892618741, 58.629733984267105 ], [ -123.718933075497958, 58.638218036582863 ], [ -123.738089974048876, 58.651428047394411 ], [ -123.860175998518514, 58.702351027982786 ], [ -123.960807948789594, 58.769340022275571 ], [ -123.965140916094086, 58.808940978785905 ], [ -123.958313098914616, 58.869590944579969 ], [ -123.967079050416018, 58.928222991323011 ], [ -124.009460064658569, 59.024055989553723 ], [ -124.033691919556972, 59.056660056608877 ], [ -124.058151088923282, 59.075820957460152 ], [ -124.028236068601529, 59.233440019839477 ], [ -124.006531035505517, 59.40785602914054 ], [ -123.993758948791168, 59.458259982597362 ], [ -123.999313023196265, 59.619319991831283 ], [ -124.019172936061466, 59.858978053534173 ], [ -124.0159070251364, 59.999999988140829 ] ] ] } },
{ "type": "Feature", "properties": { "NAME": "Carcross/Tagish First Nation", "SCALE": "1:250000" }, "geometry": { "type": "Polygon", "coordinates": [ [ [ -136.192654963621123, 59.64217704859049 ], [ -135.95864591364824, 59.663039958545731 ], [ -135.482720047405735, 59.800145997299289 ], [ -135.389093072525895, 59.750842957815919 ], [ -135.227769008089922, 59.687889008349721 ], [ -135.227689101476187, 59.676026961364144 ], [ -135.210561127527342, 59.654513024670848 ], [ -135.162984087439668, 59.628278968704201 ], [ -135.117866907460467, 59.620514967417364 ], [ -135.078307102476771, 59.593138010224351 ], [ -135.029873897132205, 59.565033001296989 ], [ -135.028347950623157, 59.474812059539488 ], [ -135.082956115202535, 59.445469005538733 ], [ -135.102073056032538, 59.427729003620854 ], [ -134.988294032784239, 59.386351949750882 ], [ -135.031638926427121, 59.349262960059242 ], [ -134.840147091117785, 59.337854999429297 ], [ -134.166008887318469, 59.301981007155518 ], [ -133.972599956282636, 59.761351957654121 ], [ -133.899154111617918, 59.942746015958477 ], [ -133.164734122973982, 60.00625199682154 ], [ -134.000641029109005, 60.002357016179666 ], [ -136.00364910531502, 60.001881989264518 ], [ -136.428045014374732, 60.004330005582347 ], [ -136.192654963621123, 59.64217704859049 ] ] ] } },
{ "type": "Feature", "properties": { "NAME": "Lake Babine Nation", "SCALE": "1:250000" }, "geometry": { "type": "Polygon", "coordinates": [ [ [ -127.35742197711771, 55.784630981524565 ], [ -127.369342043011827, 55.754721956897164 ], [ -127.370730070786152, 55.674949971047042 ], [ -127.356151904317358, 55.616710051139648 ], [ -127.33137097826345, 55.561395046833539 ], [ -127.327337089227555, 55.523248954051162 ], [ -127.315037971856924, 55.467224980086918 ], [ -127.2810969237281, 55.388978965127805 ], [ -127.235241098574207, 55.314226009750719 ], [ -127.205983936186726, 55.274666003288395 ], [ -127.168387040959303, 55.203172968107197 ], [ -127.159255020994195, 55.175747029210839 ], [ -127.109289040384866, 55.095941062500607 ], [ -127.091411020674286, 55.076460972877861 ], [ -127.066325986211282, 55.037953056055144 ], [ -127.010127985903836, 54.993554962252993 ], [ -126.999204041879835, 54.98130005234983 ], [ -126.956547939382148, 54.909232964631734 ], [ -126.954739015621414, 54.888469007310448 ], [ -126.939163937577305, 54.84596802327264 ], [ -126.982773990473106, 54.817582004316563 ], [ -126.983901949091859, 54.810119003168303 ], [ -126.997452007904329, 54.796071979868749 ], [ -126.989411936250164, 54.744836961041763 ], [ -126.823095043198066, 54.73494303351557 ], [ -126.795536024700482, 54.742040945438831 ], [ -126.762671981317226, 54.742474996611868 ], [ -126.740250002657191, 54.758749053054622 ], [ -126.728440972670384, 54.750471023083726 ], [ -126.717821917788328, 54.751308036292478 ], [ -126.610598899943042, 54.690306983023845 ], [ -126.590572098189966, 54.675177050973275 ], [ -126.589517915028111, 54.664336031540806 ], [ -126.595177055136958, 54.664218029820134 ], [ -126.607960915994653, 54.655033006079613 ], [ -126.634201919651204, 54.647490959629835 ], [ -126.656899943652803, 54.609717050048701 ], [ -126.574059978234104, 54.6076240342448 ], [ -126.57200401778222, 54.604244997013566 ], [ -126.490035075836332, 54.603492948462836 ], [ -126.489785084554626, 54.656439025759347 ], [ -126.463270928688047, 54.646676976475355 ], [ -126.452922065718752, 54.631494942658172 ], [ -126.439799012692419, 54.624656940638083 ], [ -126.40504400880593, 54.620693937017187 ], [ -126.376216038633657, 54.627093955033658 ], [ -126.297717892778053, 54.615686051303243 ], [ -126.271171970887281, 54.602301048220909 ], [ -126.263269088740202, 54.587167007564318 ], [ -126.264300930528336, 54.561334047963406 ], [ -126.258032944374463, 54.554616051205414 ], [ -126.243039044724441, 54.547925951107864 ], [ -126.093244907057979, 54.496081020426921 ], [ -125.979548042906671, 54.453571048917865 ], [ -125.964837006616889, 54.451338944294179 ], [ -125.953523987446829, 54.455278062708665 ], [ -125.942204076960692, 54.45584703664391 ], [ -125.904270983282373, 54.433969965269107 ], [ -125.859512938530855, 54.416011030495099 ], [ -125.81420400383351, 54.403088063288422 ], [ -125.779819907616968, 54.397454997539278 ], [ -125.765632916805359, 54.392391940488245 ], [ -125.694826904887208, 54.351894026153488 ], [ -125.685508061905949, 54.343458956676891 ], [ -125.672029936777832, 54.337825007865504 ], [ -125.593601011684299, 54.337678027894484 ], [ -125.551412086591142, 54.341506966336773 ], [ -125.538595969709263, 54.339790045178574 ], [ -125.514747951149502, 54.331302967195754 ], [ -125.456063992447753, 54.289578987141894 ], [ -125.347850063090917, 54.261101957596892 ], [ -125.31997594903423, 54.257613039709199 ], [ -125.299630995232249, 54.259766037975659 ], [ -125.292066031453004, 54.25692400592515 ], [ -125.275228994927858, 54.256282957843901 ], [ -125.220331907442031, 54.257689991602518 ], [ -125.147310072350365, 54.265702009219218 ], [ -125.078504050449169, 54.268423959505981 ], [ -125.066424066309949, 54.266590030278984 ], [ -125.044029081416483, 54.271918009421611 ], [ -125.012087060873895, 54.27530504107866 ], [ -124.985756079746295, 54.285953047127919 ], [ -124.984171977723264, 54.293222062130603 ], [ -124.991610946903791, 54.29779103509307 ], [ -125.004465991976673, 54.300737952340661 ], [ -125.032156903367849, 54.29925296775 ], [ -125.03253794480149, 54.307428040543826 ], [ -125.019031988122123, 54.311182947425806 ], [ -125.01872206052559, 54.326476035831078 ], [ -125.058846972870413, 54.325515012807479 ], [ -125.079525057110502, 54.333391060094726 ], [ -125.116080932946815, 54.353779016274501 ], [ -125.141507994003874, 54.359605988887353 ], [ -125.158752099662067, 54.360756956737106 ], [ -125.168324972699466, 54.35740096366321 ], [ -125.197222087724711, 54.361136981597646 ], [ -125.209133068372765, 54.381014948532574 ], [ -125.244856005186122, 54.396715038872046 ], [ -125.236556089178208, 54.403176973955716 ], [ -125.234060060167081, 54.413361011962465 ], [ -125.253816996627208, 54.420397054844621 ], [ -125.262183954823612, 54.427137006838301 ], [ -125.268073909007398, 54.427858950452084 ], [ -125.276317965442274, 54.439216050346168 ], [ -125.278780936900887, 54.451893016841034 ], [ -125.295083036265737, 54.46175596861822 ], [ -125.357098939880302, 54.455543014558785 ], [ -125.361790940288898, 54.495108027804818 ], [ -125.356629057262907, 54.499272012986239 ], [ -125.367596929494354, 54.509023995315331 ], [ -125.38753691188893, 54.511422016955322 ], [ -125.409664968387887, 54.507880962280261 ], [ -125.435413019829113, 54.51998493794887 ], [ -125.455031054688121, 54.526202025217437 ], [ -125.459030017005148, 54.52409902609385 ], [ -125.492619905226988, 54.521539046443884 ], [ -125.499709945296772, 54.524444957423867 ], [ -125.501859021124375, 54.531346996733973 ], [ -125.492235099543265, 54.534007988852615 ], [ -125.489839990689859, 54.54137900179937 ], [ -125.497771965818444, 54.555049943746837 ], [ -125.491565961763897, 54.563449954538648 ], [ -125.48613010768284, 54.562871958156428 ], [ -125.479000966710274, 54.567164938490869 ], [ -125.472392046193079, 54.577891957888674 ], [ -125.483298982839045, 54.59573096313467 ], [ -125.494014026082127, 54.60108203395766 ], [ -125.537548071057785, 54.607976969020974 ], [ -125.547845045389934, 54.612590997360712 ], [ -125.572377017541811, 54.613589062132689 ], [ -125.591346009900974, 54.604884963246576 ], [ -125.618886991990522, 54.609738060953617 ], [ -125.621643966688808, 54.61551495500035 ], [ -125.616060950271873, 54.630778033044137 ], [ -125.616507895009306, 54.640750990647049 ], [ -125.601578105296866, 54.6597119822653 ], [ -125.601167953996622, 54.664619945729946 ], [ -125.589664108650766, 54.672997013888697 ], [ -125.599443946073677, 54.687436964487667 ], [ -125.597620010697298, 54.696976063429076 ], [ -125.562979025238107, 54.719347053268145 ], [ -125.552784012037861, 54.738407028334294 ], [ -125.532673108697125, 54.753509037888655 ], [ -125.505667002472308, 54.754552008335935 ], [ -125.491100958760356, 54.758998060360014 ], [ -125.486398933122004, 54.76122805159568 ], [ -125.483259943504848, 54.772445047780458 ], [ -125.488548982783016, 54.798284032573072 ], [ -125.509109099024585, 54.810698009021117 ], [ -125.512630940182831, 54.819691012622449 ], [ -125.54518400328746, 54.836063001273615 ], [ -125.590959895838594, 54.863687020764026 ], [ -125.565926084694226, 54.87709806383608 ], [ -125.504310053686012, 54.88983401181364 ], [ -125.484817919273965, 54.902122042499975 ], [ -125.469393974547117, 54.908245000476235 ], [ -125.470586043452442, 54.915547048561756 ], [ -125.47589999547651, 54.921738943137441 ], [ -125.499206972574939, 54.920131055487204 ], [ -125.504988010403068, 54.938672980930342 ], [ -125.540677062124772, 54.964601037810617 ], [ -125.558159068345034, 54.959597053235086 ], [ -125.575701925798654, 54.958519063271808 ], [ -125.607093919426021, 54.990592029730252 ], [ -125.626709024005038, 55.016458026348886 ], [ -125.661810965979626, 55.049647989429474 ], [ -125.694001058263268, 55.069350976451162 ], [ -125.778429107741118, 55.110435966720559 ], [ -125.877898982668796, 55.146974974297365 ], [ -125.958920909748002, 55.168851061502878 ], [ -126.018944899978166, 55.189575000845345 ], [ -126.043312087936528, 55.199653058303646 ], [ -126.054478084821852, 55.208620986966132 ], [ -126.076523978381232, 55.251257063032874 ], [ -126.168794055646117, 55.348772937492747 ], [ -126.187563991392452, 55.35995804080833 ], [ -126.256409941652961, 55.416481041596754 ], [ -126.285522958718445, 55.436042965689879 ], [ -126.313885011422087, 55.467392028785177 ], [ -126.297946040476688, 55.503938055588414 ], [ -126.296215892436493, 55.532014938529507 ], [ -126.323646098939108, 55.57234805736914 ], [ -126.34562297299648, 55.580691965828592 ], [ -126.360945056030047, 55.589619948937539 ], [ -126.418432917894734, 55.667433952914131 ], [ -126.482432063495878, 55.730034979011243 ], [ -126.555227043357974, 55.785261013476472 ], [ -126.63978896797704, 55.81454804020899 ], [ -126.721363023544853, 55.853344942373525 ], [ -126.765445926671021, 55.890669037223532 ], [ -126.82835307821513, 55.935139946576633 ], [ -126.89148707163703, 55.929043041807269 ], [ -126.960706908394741, 55.914438037917982 ], [ -126.97852193995827, 55.904740033566959 ], [ -127.010056939586946, 55.894355953385833 ], [ -127.08654004130743, 55.8537809553534 ], [ -127.102959103015195, 55.849692996585887 ], [ -127.168174102626324, 55.858031962213204 ], [ -127.239973978670307, 55.858402974069783 ], [ -127.277100926028197, 55.856312973972372 ], [ -127.294323078011942, 55.852752039755174 ], [ -127.322067997615292, 55.837835059275136 ], [ -127.332347065649174, 55.828169025412009 ], [ -127.35742197711771, 55.784630981524565 ] ] ] } },
{ "type": "Feature", "properties": { "NAME": "Council of the Haida Nation", "SCALE": "1:2000000" }, "geometry": { "type": "Polygon", "coordinates": [ [ [ -131.358832013877077, 54.683831987752349 ], [ -133.976110899374731, 54.606907984651436 ], [ -134.019442011227426, 54.337779037866248 ], [ -134.033869967776241, 54.067596002263627 ], [ -134.019900019927547, 53.797394037087585 ], [ -133.978129077665898, 53.528199956637074 ], [ -133.909241000209761, 53.261005037847639 ], [ -133.81398188467864, 52.996778951496516 ], [ -133.693140032359452, 52.736453986449895 ], [ -133.5476040440075, 52.48096601492589 ], [ -133.378277063790961, 52.231172979975604 ], [ -133.186097930949273, 51.987941063365547 ], [ -132.972064912130008, 51.752087052742283 ], [ -132.737218012609731, 51.524394975958472 ], [ -132.482590921349669, 51.305606007570809 ], [ -130.481386091083323, 51.336818963785319 ], [ -129.859554104682189, 51.343032049204162 ], [ -129.605180080033591, 51.349602980253493 ], [ -129.532067978362392, 51.384801993577923 ], [ -129.502668912576695, 51.455861038692184 ], [ -129.537861970627574, 51.556492993717526 ], [ -129.889279929479301, 51.999808019803304 ], [ -130.363794901775776, 52.571351959754921 ], [ -130.430016928791503, 52.643998002890498 ], [ -130.655674041882492, 52.839390029082459 ], [ -131.198905983718703, 53.476964986934412 ], [ -131.349585961264694, 54.016820939851108 ], [ -131.358832013877077, 54.683831987752349 ] ] ] } },
{ "type": "Feature", "properties": { "NAME": "Heiltsuk Nation", "SCALE": "1:250000" }, "geometry": { "type": "Polygon", "coordinates": [ [ [ -128.193296968001022, 51.259886948983336 ], [ -128.050503021103424, 51.317904043150513 ], [ -127.855589100250313, 51.401373023375555 ], [ -127.718693054831633, 51.501281022375139 ], [ -127.669507043453763, 51.594171990346894 ], [ -127.696298072234399, 51.680498971186836 ], [ -127.739193995384056, 51.75722801646117 ], [ -127.746668959262536, 51.844051023067095 ], [ -127.663981947960266, 51.919490011406872 ], [ -127.428331965875728, 52.044378951520876 ], [ -127.373393903510006, 52.09505900900443 ], [ -127.364265967661225, 52.115551963351116 ], [ -127.369388083925642, 52.15892405113901 ], [ -127.356925970598056, 52.178338950806335 ], [ -127.339456016854427, 52.196650977991723 ], [ -127.264435037320041, 52.225469968228325 ], [ -127.194233051345094, 52.257407006659875 ], [ -127.174940956828166, 52.276699022358983 ], [ -127.167238095490347, 52.300292006428542 ], [ -127.159626070531701, 52.362030976337934 ], [ -127.159168071222737, 52.413570947808651 ], [ -127.17166207931075, 52.478713950206703 ], [ -127.171106950913128, 52.492108021139316 ], [ -127.159979079741234, 52.515646996901154 ], [ -127.147494922429985, 52.530916002569768 ], [ -127.114304051767931, 52.555133956754588 ], [ -127.048543893532738, 52.587057936832004 ], [ -126.987725090743538, 52.620060984017059 ], [ -126.96493308616121, 52.636166992546222 ], [ -126.911383021850867, 52.691937005754532 ], [ -126.904564972164351, 52.72789997017999 ], [ -126.913082930725778, 52.763101991447044 ], [ -126.93303399726318, 52.808812023715305 ], [ -126.960709990359817, 52.836094947720227 ], [ -127.040855946091014, 52.910637980802406 ], [ -127.09372296374643, 52.950672020912016 ], [ -127.132151016708363, 52.970868982714059 ], [ -127.15598000998186, 52.973301985561839 ], [ -127.202064037891844, 52.975039048406046 ], [ -127.268985958156506, 52.968817056651112 ], [ -127.387516945914868, 52.952959983911803 ], [ -127.423606047361304, 52.947260051732847 ], [ -127.52697591372349, 52.921784987577823 ], [ -127.587717066573603, 52.891598019893351 ], [ -127.655127068899688, 52.863517942303361 ], [ -127.695104011615939, 52.838194040862817 ], [ -127.772954990876059, 52.796761045584802 ], [ -127.786952978827046, 52.844322039209601 ], [ -127.811610016128796, 52.877556975758914 ], [ -127.878460030107163, 52.930776981985467 ], [ -127.917187022039286, 52.952782026586831 ], [ -128.058163102056199, 52.991089966780756 ], [ -128.116148021226479, 52.998749989359034 ], [ -128.285458086167125, 53.102960038376196 ], [ -128.407798102275251, 53.182996049771631 ], [ -128.457266935950202, 53.210029003556635 ], [ -128.482786104888163, 53.231787005743065 ], [ -128.516942942406473, 53.252543975622309 ], [ -128.559855972395582, 53.261986026383305 ], [ -128.621765954476757, 53.266320995344614 ], [ -128.688941070823745, 53.258269985960503 ], [ -128.699343906102598, 53.246958958561081 ], [ -128.708064020091314, 53.229459959837371 ], [ -128.708175907594352, 53.212969004856241 ], [ -128.7014659675487, 53.189247064717613 ], [ -128.688358086731455, 53.101605037347753 ], [ -128.671731995994861, 53.033533985635088 ], [ -128.629868012771311, 52.925186036625071 ], [ -128.635205949448277, 52.899433987764574 ], [ -128.632037899358096, 52.870564056948012 ], [ -128.640786085329466, 52.843790957362295 ], [ -128.647918897788514, 52.804643964742432 ], [ -128.648426020399882, 52.741770046042319 ], [ -128.657297985236426, 52.694381021905485 ], [ -128.654381930684394, 52.633556997620914 ], [ -128.657926059882215, 52.613982058107339 ], [ -128.653402056190657, 52.54284495439299 ], [ -128.657197074301536, 52.490285058024654 ], [ -128.659022048870327, 52.472766004295949 ], [ -128.677949065371791, 52.426432935071226 ], [ -128.700060063229671, 52.401752046569641 ], [ -128.740767985890869, 52.364738996592607 ], [ -128.838750982914803, 52.30615601584465 ], [ -129.005406026695226, 52.2392610254701 ], [ -129.350534948490605, 52.065677999611637 ], [ -129.206778011187964, 51.75993403802579 ], [ -129.005271072687549, 51.46726101596871 ], [ -128.884081081301332, 51.327155026688786 ], [ -128.750002013936523, 51.191893985723262 ], [ -128.603590985521237, 51.061925061395144 ], [ -128.378825015919148, 51.184025954893478 ], [ -128.193296968001022, 51.259886948983336 ] ] ] } },
{ "type": "Feature", "properties": { "NAME": "Haisla Nation", "SCALE": "1:250000" }, "geometry": { "type": "Polygon", "coordinates": [ [ [ -127.363294977840738, 53.387840971333311 ], [ -127.3679500985602, 53.390294994372759 ], [ -127.365723923159024, 53.405041947729607 ], [ -127.373224928101294, 53.415261034890726 ], [ -127.372710037370538, 53.428741980125125 ], [ -127.377089912978505, 53.432173960317392 ], [ -127.386095987147726, 53.432633033406958 ], [ -127.39273299919202, 53.436093948063494 ], [ -127.398079058597261, 53.443922019609715 ], [ -127.409793053683927, 53.447450990893365 ], [ -127.404991944005175, 53.455142049209577 ], [ -127.417097937503314, 53.463395985021762 ], [ -127.41821403341666, 53.478921943233864 ], [ -127.436098044746899, 53.483878040270035 ], [ -127.44375297258506, 53.490722053992009 ], [ -127.458489920197408, 53.489227023686901 ], [ -127.47123505392247, 53.480287037686551 ], [ -127.488003108241728, 53.477363053980589 ], [ -127.495545098512522, 53.467048938986061 ], [ -127.499682908800452, 53.452301998165026 ], [ -127.518608002041944, 53.442979938966481 ], [ -127.519423918635738, 53.434357024416826 ], [ -127.529615904668844, 53.423384011411542 ], [ -127.54567804067959, 53.421730984053752 ], [ -127.554388901589618, 53.423685939098711 ], [ -127.556654976091735, 53.430909997424571 ], [ -127.539490939267637, 53.466668975503929 ], [ -127.543455016213628, 53.471650031216683 ], [ -127.559718007630408, 53.479864038226218 ], [ -127.567054067188991, 53.492284047264398 ], [ -127.54689397346948, 53.522255052762404 ], [ -127.571897003190458, 53.542564028571412 ], [ -127.604655906422366, 53.543625008906488 ], [ -127.612845992978592, 53.550573958619495 ], [ -127.613909027463436, 53.563269058074148 ], [ -127.618883001456325, 53.564909949390071 ], [ -127.629102944205854, 53.559748043609503 ], [ -127.631862033520179, 53.541579024210051 ], [ -127.637643897873559, 53.537597972863743 ], [ -127.652433079095687, 53.534730947796398 ], [ -127.669323030678967, 53.536943953195973 ], [ -127.67173695402029, 53.550120947464535 ], [ -127.734530093010662, 53.54271806064876 ], [ -127.758504053054637, 53.545013972020193 ], [ -127.772089970745569, 53.550267062888267 ], [ -127.770105993465563, 53.559449047988274 ], [ -127.75184295084054, 53.575510979101239 ], [ -127.751525941888971, 53.586722043076882 ], [ -127.742809037280921, 53.594385054657785 ], [ -127.751495991120052, 53.606952000815049 ], [ -127.748316954547661, 53.618720036205964 ], [ -127.754128072421182, 53.632941956051965 ], [ -127.747728077463421, 53.638606980506161 ], [ -127.753909982938723, 53.640358022079532 ], [ -127.773288993309407, 53.636511950843307 ], [ -127.785039999142924, 53.641689009669051 ], [ -127.784846095326742, 53.648431017358156 ], [ -127.778339893068392, 53.657806007852997 ], [ -127.810190964364381, 53.680890010781837 ], [ -127.807094934281238, 53.696601025756429 ], [ -127.808241087175702, 53.718652010925666 ], [ -127.82252300225818, 53.740517984029538 ], [ -127.842994945236086, 53.73970605950047 ], [ -127.86605108594047, 53.748354945815521 ], [ -127.869305099893907, 53.754117984431311 ], [ -127.899621032127868, 53.768224033083676 ], [ -127.916034996870266, 53.792986036163477 ], [ -127.911879918059171, 53.79969194481248 ], [ -127.914041907667183, 53.804094996125237 ], [ -127.91848794655013, 53.80818103281716 ], [ -127.935950963302332, 53.815079986311595 ], [ -127.939142928856114, 53.823875036653909 ], [ -127.936628080199938, 53.833292981964981 ], [ -127.946151062348562, 53.839446007601019 ], [ -127.963689985725452, 53.843982051840406 ], [ -127.968103937270996, 53.849751056134991 ], [ -127.96271209842503, 53.86049394543808 ], [ -127.969405938844162, 53.866283014080594 ], [ -127.987544916206318, 53.870146058235278 ], [ -127.982138933501034, 53.881563940486942 ], [ -127.987089014304061, 53.889022953023108 ], [ -128.022267103908092, 53.896057937930543 ], [ -128.032066907282655, 53.89141696957428 ], [ -128.040639910594109, 53.890474036074018 ], [ -128.045077055463707, 53.895904044369118 ], [ -128.055862044023939, 53.898013038199338 ], [ -128.05694896485565, 53.900380985854866 ], [ -128.060961964763067, 53.899401051053481 ], [ -128.066018048586272, 53.902811951667644 ], [ -128.049618055887379, 53.921901043372571 ], [ -128.025358900488101, 53.996939044367274 ], [ -128.021086092322633, 54.027309986165186 ], [ -128.031041068308667, 54.058845000778412 ], [ -128.020051005431981, 54.071338025633054 ], [ -127.998377979279581, 54.082692042010521 ], [ -127.983008965784322, 54.127648013108377 ], [ -127.982494904968505, 54.148612006137931 ], [ -127.985887995845232, 54.155980043619714 ], [ -127.999926932774486, 54.166581946696212 ], [ -127.999751011413906, 54.17391998585336 ], [ -127.986470074490867, 54.205262042193965 ], [ -127.979160103891076, 54.211490995723508 ], [ -127.991479101031516, 54.219983024976671 ], [ -128.009271982496472, 54.224324030799693 ], [ -128.034324049274659, 54.224526976472887 ], [ -128.077155921902886, 54.230105053911721 ], [ -128.084152910699942, 54.237497999058533 ], [ -128.065469990287284, 54.271952042827643 ], [ -128.070704067315546, 54.278282956634754 ], [ -128.083199954358719, 54.280475963491917 ], [ -128.128022037059367, 54.279759988720691 ], [ -128.142313896402584, 54.281959065273753 ], [ -128.125829960720665, 54.298615025138965 ], [ -128.113191088875084, 54.302716934833171 ], [ -128.109356023967734, 54.314220961579132 ], [ -128.119960033841807, 54.321637943843669 ], [ -128.136015991722445, 54.325947994249972 ], [ -128.177361897419672, 54.322042976148381 ], [ -128.227550099923945, 54.32447205369705 ], [ -128.248963045147264, 54.330897061703226 ], [ -128.266737030797799, 54.340441970658041 ], [ -128.279097991812762, 54.352049012517618 ], [ -128.296978015240256, 54.356347978576238 ], [ -128.316779026340754, 54.353315959690811 ], [ -128.356503960082534, 54.338856941271359 ], [ -128.45006398063083, 54.321497038622766 ], [ -128.491388078806267, 54.316437023683413 ], [ -128.513060962715599, 54.303944945417335 ], [ -128.51502589350514, 54.289276036787712 ], [ -128.534909911886757, 54.274677040273694 ], [ -128.561788005402974, 54.274776942781649 ], [ -128.627194105029872, 54.31499197467091 ], [ -128.639098901218858, 54.319222041509086 ], [ -128.662162062113396, 54.322551009121035 ], [ -128.685275061744221, 54.319816935819979 ], [ -128.702862938062196, 54.310074966579272 ], [ -128.716545011900223, 54.288204035187093 ], [ -128.7165930378018, 54.281213955087644 ], [ -128.726161096823091, 54.277973942439495 ], [ -128.736450062566092, 54.285918941484447 ], [ -128.765074964855415, 54.288775055281988 ], [ -128.781756021505402, 54.293933006602067 ], [ -128.790471049537388, 54.301405039120645 ], [ -128.806375028161426, 54.30422702812389 ], [ -128.814338010563148, 54.303308052505557 ], [ -128.827102042251369, 54.296335984768476 ], [ -128.841437902222907, 54.293093971865908 ], [ -128.876446054001747, 54.294067040979186 ], [ -128.917069910242162, 54.273130025308376 ], [ -128.938553944821365, 54.266618054932394 ], [ -128.967973962973247, 54.269425986460305 ], [ -128.978314027433157, 54.265234038962745 ], [ -129.002167930643623, 54.233544999712521 ], [ -129.003754997752679, 54.207447042636723 ], [ -129.014075945853136, 54.202785025259622 ], [ -129.025181080327059, 54.186472028605998 ], [ -128.997404052889493, 54.172958984981243 ], [ -128.997405919637515, 54.151055021962783 ], [ -128.981554901018399, 54.130081061990921 ], [ -128.979183888934301, 54.116565949641583 ], [ -128.981566043754356, 54.105846960505723 ], [ -128.98790590192155, 54.096992982198053 ], [ -129.003744064708513, 54.089070038588666 ], [ -129.010074911398192, 54.076953054599898 ], [ -129.010864045936358, 54.066233041645646 ], [ -129.021147024265758, 54.056911021971935 ], [ -129.034592908522626, 54.052246993598629 ], [ -129.0828380591621, 54.046164949827968 ], [ -129.097853027872759, 54.04009493879272 ], [ -129.144497898917336, 54.035386988957455 ], [ -129.250430027299501, 54.030087048600471 ], [ -129.274961893350536, 54.033295939758197 ], [ -129.295521058708005, 54.033247038353245 ], [ -129.316034007056516, 54.02713602537186 ], [ -129.330183915389227, 54.01684504158554 ], [ -129.331654018789123, 54.002858973861734 ], [ -129.319737004957659, 53.99450206112585 ], [ -129.303923946651963, 53.99267893965672 ], [ -129.290448896360715, 53.986187000033873 ], [ -129.288743983274912, 53.968015025703963 ], [ -129.258615964896535, 53.947576997337805 ], [ -129.249036064506527, 53.928953947091529 ], [ -129.256029013315697, 53.911695043089942 ], [ -129.300671960742022, 53.870111005926873 ], [ -129.307620087500737, 53.850984943718693 ], [ -129.305020924071641, 53.818365952129007 ], [ -129.278970904591006, 53.804913025793695 ], [ -129.2757459536667, 53.792802953723829 ], [ -129.278860921957346, 53.785633994927338 ], [ -129.264633022893264, 53.776229964650355 ], [ -129.251000974357794, 53.776306062796927 ], [ -129.229968985321335, 53.781777042838272 ], [ -129.220643998883276, 53.766011062120413 ], [ -129.221964003882533, 53.760453944553674 ], [ -129.215241087328735, 53.756097047773011 ], [ -129.204022913428474, 53.756126032487195 ], [ -129.196938066649039, 53.752874982960272 ], [ -129.17720699462069, 53.730534063209568 ], [ -129.174011009253036, 53.717023036742489 ], [ -129.166940956476026, 53.71516794603523 ], [ -129.162975911424013, 53.704453946414404 ], [ -129.158253020559215, 53.700265011661607 ], [ -129.135477057243094, 53.692370028215592 ], [ -129.104041043993732, 53.666766997436106 ], [ -129.089106087657598, 53.647203044331015 ], [ -129.081213060260438, 53.616913029347629 ], [ -129.081962970966828, 53.600133003517762 ], [ -129.08972803670315, 53.571229974564147 ], [ -129.086578929251573, 53.560978055297959 ], [ -129.077188963509116, 53.557256009059309 ], [ -129.031055012221543, 53.549352997922249 ], [ -129.021668959358095, 53.538169032921502 ], [ -129.020073987477701, 53.469653019154748 ], [ -129.00134809252927, 53.437026968918794 ], [ -129.004464041557924, 53.419315017232975 ], [ -129.013032054584528, 53.405798031506748 ], [ -129.041063027989168, 53.38994404737106 ], [ -129.041057982970813, 53.384350040365739 ], [ -129.03543903574888, 53.379158987967458 ], [ -129.006061096256673, 53.374944022072725 ], [ -128.979761053394952, 53.355019955683304 ], [ -128.971007934694228, 53.336145001643523 ], [ -128.962251023774542, 53.330899030487231 ], [ -128.923772914680313, 53.292084063969661 ], [ -128.920282908015338, 53.285790960864283 ], [ -128.927304091682117, 53.274260993152566 ], [ -128.953570030532205, 53.257496973607743 ], [ -128.961755033982001, 53.249177997323613 ], [ -128.95943401073032, 53.240787974223444 ], [ -128.941591044790471, 53.236119059003258 ], [ -128.901283989485705, 53.217448053121508 ], [ -128.893575901949731, 53.197864007895056 ], [ -128.88868191453534, 53.195843974838759 ], [ -128.866273044398014, 53.199851058979917 ], [ -128.861371901143457, 53.206415997155752 ], [ -128.842327019364831, 53.21446494096103 ], [ -128.832780928489598, 53.216348045563599 ], [ -128.818758977109241, 53.213909943920363 ], [ -128.805822078799991, 53.216793022565163 ], [ -128.799812927791493, 53.22082797728757 ], [ -128.768965970488523, 53.20513397472245 ], [ -128.764878098474952, 53.198145935549043 ], [ -128.76570705058154, 53.188359015797687 ], [ -128.795307071830337, 53.157649026829731 ], [ -128.797316926556988, 53.137517989141472 ], [ -128.819534076620926, 53.103228963058278 ], [ -128.826530903998105, 53.096948004117586 ], [ -128.82655589976784, 53.090656057860869 ], [ -128.819609088587413, 53.085403058962498 ], [ -128.781244081508248, 53.09267897534928 ], [ -128.763819071027115, 53.092645007272033 ], [ -128.741192898187677, 53.088403982382026 ], [ -128.701143060101742, 53.085163945786917 ], [ -128.680222073224485, 53.087207007885524 ], [ -128.676714095838037, 53.090343026172754 ], [ -128.678417086963179, 53.095590959444152 ], [ -128.68706907602575, 53.10400301819999 ], [ -128.679926092456071, 53.127053037673207 ], [ -128.671142976630478, 53.135417957296148 ], [ -128.587041073268551, 53.175001998328966 ], [ -128.578178976494939, 53.18860295102575 ], [ -128.546447038071619, 53.216798047029592 ], [ -128.556822974848671, 53.227322994372933 ], [ -128.574270922875627, 53.230531976581752 ], [ -128.599571049841671, 53.239545985744428 ], [ -128.602415075456804, 53.244325945708297 ], [ -128.600052069551367, 53.248048020710819 ], [ -128.580652005240466, 53.247515053137676 ], [ -128.56429596727898, 53.253050060967446 ], [ -128.562639054123366, 53.263297998052352 ], [ -128.568752102826664, 53.273109050401324 ], [ -128.583472027555274, 53.276889949061463 ], [ -128.612255939184223, 53.271859941460384 ], [ -128.625446013957429, 53.273301025119508 ], [ -128.62303395764863, 53.282615027667021 ], [ -128.612090963653856, 53.290038015124111 ], [ -128.598058054983852, 53.295119017053935 ], [ -128.577841996310667, 53.296447038030507 ], [ -128.556895948862518, 53.293109044346487 ], [ -128.483348065089984, 53.270905031109599 ], [ -128.474884933886358, 53.264342023208293 ], [ -128.467266049260616, 53.252655060906676 ], [ -128.46528599419895, 53.224679057753825 ], [ -128.453826974947674, 53.210643039317404 ], [ -128.440710896431852, 53.205455002788106 ], [ -128.426736090696465, 53.206786966192915 ], [ -128.408799103531777, 53.21415697772423 ], [ -128.388388988558631, 53.231301046796069 ], [ -128.365787055218817, 53.238174942925554 ], [ -128.325414931142234, 53.239352061235031 ], [ -128.267439930400371, 53.225958008538008 ], [ -128.239515096026253, 53.225782960640942 ], [ -128.225619069546553, 53.22196395260297 ], [ -128.213353988664238, 53.213959999138183 ], [ -128.202903059359983, 53.19198205573425 ], [ -128.180006022903456, 53.173180961694136 ], [ -128.170176979011615, 53.160526977835488 ], [ -128.161854010460218, 53.110591994113975 ], [ -128.143833091703613, 53.082960951927546 ], [ -128.141000090140693, 53.06988905305446 ], [ -128.128125071835257, 53.056742974380015 ], [ -128.109822004783695, 53.044953941467604 ], [ -128.089865906838412, 53.038743064325615 ], [ -128.07291498375605, 53.036747064029399 ], [ -128.013427958655512, 53.037201043285961 ], [ -128.00271299488287, 53.032915948195367 ], [ -127.992847917703401, 53.025374037248888 ], [ -127.992305020983707, 53.015580996245433 ], [ -127.96648308697047, 52.997645031199568 ], [ -127.971533984922104, 52.97997495108654 ], [ -127.967954932955649, 52.968289946575965 ], [ -127.95579797163569, 52.960725048483603 ], [ -127.949846045268643, 52.95181594233312 ], [ -127.946422082488397, 52.934071020426224 ], [ -127.927369031428725, 52.925510013407056 ], [ -127.923371968213289, 52.900299977614964 ], [ -127.903745046284897, 52.884737010283082 ], [ -127.890697901669071, 52.883217939248752 ], [ -127.867515968452167, 52.886727974455873 ], [ -127.850621943663626, 52.885167063008645 ], [ -127.844192000105821, 52.866457959615033 ], [ -127.836737032223198, 52.857527966868325 ], [ -127.813202050373164, 52.846107011732315 ], [ -127.811087077470916, 52.839092942673567 ], [ -127.818937900063602, 52.833111016519481 ], [ -127.798061086301502, 52.809593047938726 ], [ -127.796207075855321, 52.793257029669221 ], [ -127.776036104354503, 52.773005050472705 ], [ -127.76699702617411, 52.766851061149829 ], [ -127.754771023470184, 52.764858977950105 ], [ -127.695084094419855, 52.784262967571941 ], [ -127.67654597196919, 52.787788038901873 ], [ -127.658872993733084, 52.788055024667862 ], [ -127.643749919676893, 52.780423938254536 ], [ -127.630299070303039, 52.768615007275201 ], [ -127.620837961279037, 52.752187968711986 ], [ -127.592693949357852, 52.720623012431744 ], [ -127.564882092092958, 52.703506056359529 ], [ -127.539828912055128, 52.6962069878211 ], [ -127.507760975149523, 52.670166950138366 ], [ -127.494011101855165, 52.669060043639057 ], [ -127.473926997932253, 52.673932052849167 ], [ -127.466675910540616, 52.684095056812836 ], [ -127.46276204917757, 52.708286975531387 ], [ -127.446355072228101, 52.716931023548597 ], [ -127.418393069580219, 52.726817009150857 ], [ -127.376065983075847, 52.771934061737639 ], [ -127.339467102518199, 52.785412980220634 ], [ -127.311255922708881, 52.799932955687758 ], [ -127.285054999387924, 52.821468962845842 ], [ -127.271755010204615, 52.827336949729066 ], [ -127.257925930844905, 52.827134947256162 ], [ -127.238120003401377, 52.822646946545007 ], [ -127.221911070125017, 52.824269946614962 ], [ -127.21407505180791, 52.827882034021599 ], [ -127.214615101260335, 52.833484978536831 ], [ -127.247824914865333, 52.848897994873084 ], [ -127.255231935857225, 52.856000000761135 ], [ -127.257354011622098, 52.879807984522991 ], [ -127.261633897832951, 52.888262002904405 ], [ -127.282900955529044, 52.895565054675437 ], [ -127.288672099663984, 52.905437953559293 ], [ -127.288084042169345, 52.920349035902497 ], [ -127.262437975619207, 52.945150950585273 ], [ -127.250580964414155, 52.95243600022409 ], [ -127.239765074780934, 52.990718936069307 ], [ -127.236575982635671, 53.026329042691245 ], [ -127.248494085900703, 53.032796937014794 ], [ -127.274289101258034, 53.040515028429404 ], [ -127.280192101969519, 53.061025967386044 ], [ -127.289791103419404, 53.072353034542125 ], [ -127.304143102100497, 53.080948962585197 ], [ -127.325618941476364, 53.085449051515837 ], [ -127.385738010580866, 53.08466498424513 ], [ -127.420398012399033, 53.090785956020014 ], [ -127.429182990397052, 53.088804955876533 ], [ -127.433312964337901, 53.071032046479537 ], [ -127.450761043068113, 53.070210948233765 ], [ -127.455870930742933, 53.073424004218133 ], [ -127.451448005513612, 53.09958394522257 ], [ -127.456185931333422, 53.113278943961532 ], [ -127.474798940642742, 53.129248941285702 ], [ -127.478063973995262, 53.135582940103731 ], [ -127.477840953689366, 53.141871996384367 ], [ -127.470568009486797, 53.150168057054003 ], [ -127.463517071361338, 53.152175049462429 ], [ -127.428631984128273, 53.151720022300175 ], [ -127.425029074971505, 53.154817997884344 ], [ -127.426158898268071, 53.171612016752889 ], [ -127.41891010693989, 53.178857025117402 ], [ -127.401300986748865, 53.182817023318705 ], [ -127.371669052729089, 53.181367005309752 ], [ -127.354055080938394, 53.185318944731392 ], [ -127.336031995327389, 53.199751042809588 ], [ -127.311134085135635, 53.210936049271652 ], [ -127.300198990121018, 53.222315966657774 ], [ -127.294499924801585, 53.233770061219637 ], [ -127.276267971752958, 53.252385056363352 ], [ -127.286085991075637, 53.269305062572826 ], [ -127.280461103061938, 53.278662943736926 ], [ -127.275171018091712, 53.279634952886056 ], [ -127.260496043922927, 53.296201011536901 ], [ -127.272364920660564, 53.305811955238475 ], [ -127.278943959334967, 53.316393958911469 ], [ -127.297828037381649, 53.326103057411686 ], [ -127.320981042006864, 53.334060020587607 ], [ -127.318143936146882, 53.356931034278219 ], [ -127.342638971599882, 53.361641038153167 ], [ -127.363294977840738, 53.387840971333311 ] ] ] } },
{ "type": "Feature", "properties": { "NAME": "Snuneymuxw First Nation", "SCALE": "1:250000" }, "geometry": { "type": "Polygon", "coordinates": [ [ [ -123.736706947967576, 48.906990954862401 ], [ -123.735828005579748, 48.903848032117573 ], [ -123.718191937670326, 48.893893037589457 ], [ -123.703087001916714, 48.878197937422719 ], [ -123.700195011013037, 48.878207010055924 ], [ -123.697149940381635, 48.882821990963812 ], [ -123.685894094130944, 48.881621012461409 ], [ -123.68563302571539, 48.894433053401002 ], [ -123.682394085666886, 48.895009945235728 ], [ -123.679021030642005, 48.900858992518231 ], [ -123.684332042145144, 48.905119010357559 ], [ -123.687729925054825, 48.904100060763355 ], [ -123.690472051738695, 48.905999981532183 ], [ -123.691314069602129, 48.903754960648243 ], [ -123.693708903288766, 48.905207011034179 ], [ -123.704953058964946, 48.929462991907272 ], [ -123.70470490615412, 48.917653002834989 ], [ -123.712063095595212, 48.919658969010719 ], [ -123.715355074220881, 48.928418054229404 ], [ -123.737105050554547, 48.938699059042449 ], [ -123.749329071009171, 48.954398954311955 ], [ -123.755509936601129, 48.95842396765044 ], [ -123.769038029280338, 48.964001996775359 ], [ -123.772637959731114, 48.964446034197948 ], [ -123.772616947432127, 48.962196944219336 ], [ -123.774700907210544, 48.966230968884652 ], [ -123.798700019724507, 48.976944053888595 ], [ -123.807847020601827, 48.989051060904039 ], [ -123.807394043978945, 48.99568396607976 ], [ -123.812851052074009, 48.994988959091174 ], [ -123.817153021302417, 48.997226058265433 ], [ -123.819233067903141, 49.00236598185883 ], [ -123.822732999840127, 49.002340995042864 ], [ -123.822437081220457, 49.005103943951966 ], [ -123.827133942645744, 49.005529954552237 ], [ -123.842826020538254, 49.015787971282954 ], [ -123.84579491640342, 49.014254999791852 ], [ -123.847125039254067, 49.018463982932026 ], [ -123.854557937108254, 49.018022956952727 ], [ -123.859573976750298, 49.022608937955511 ], [ -123.856432999548815, 49.023694037530561 ], [ -123.856380028735487, 49.02695995243387 ], [ -123.850853979390266, 49.028620053318235 ], [ -123.851066034229206, 49.025803022806762 ], [ -123.844819066076866, 49.025219006633705 ], [ -123.835496944555359, 49.018306037844376 ], [ -123.818670934912234, 49.012265058017462 ], [ -123.801393917017577, 49.000034945326412 ], [ -123.790489968619795, 48.996988937465531 ], [ -123.78771599664465, 48.992726008709397 ], [ -123.779859044484269, 48.992976953185412 ], [ -123.768838922534542, 48.981320976575816 ], [ -123.771968937967927, 48.989288008506492 ], [ -123.757612025535536, 48.987205975662526 ], [ -123.761563070258234, 48.990786947512646 ], [ -123.758519043150386, 48.994738979308309 ], [ -123.760053985201992, 49.004867009200261 ], [ -123.773175082264814, 49.016834046348173 ], [ -123.790675070634322, 49.021636032382503 ], [ -123.791165934768159, 49.026751060421681 ], [ -123.77916309099912, 49.03070101155275 ], [ -123.768888079750766, 49.029788941188357 ], [ -123.766511069626063, 49.031775021557365 ], [ -123.766486023045161, 49.02923800325356 ], [ -123.762122928471143, 49.029321061537743 ], [ -123.758593945832004, 49.034733056516508 ], [ -123.755768973524653, 49.034301958709442 ], [ -123.75136995326838, 49.038369038892803 ], [ -123.63636392916159, 49.020173951828937 ], [ -123.606080070324907, 49.008864059573526 ], [ -123.599910062677282, 49.008446966469045 ], [ -123.591726037346376, 49.011413016275988 ], [ -123.585661061573745, 49.019991993291995 ], [ -123.586183023927177, 49.035286011905526 ], [ -123.634261972210993, 49.127378972156393 ], [ -123.629604945180915, 49.131078950915246 ], [ -123.629902087907439, 49.140469053666152 ], [ -123.638575914547289, 49.150357941634326 ], [ -123.667401077568456, 49.165164943190149 ], [ -123.735676028348379, 49.175852029799394 ], [ -123.758741975676472, 49.182428034916377 ], [ -123.788536958607096, 49.193669062801561 ], [ -123.800905023965527, 49.206921058833892 ], [ -123.812698069648292, 49.21410800232006 ], [ -123.889319985815632, 49.240301987533627 ], [ -123.91592097177309, 49.24388699484286 ], [ -123.947079914071693, 49.238195943146664 ], [ -123.985632074932113, 49.242198035405274 ], [ -124.000865017848213, 49.238825031676868 ], [ -124.024919019629777, 49.244719019283323 ], [ -124.034182982066241, 49.249458043993464 ], [ -124.05257700994278, 49.248599027977612 ], [ -124.061002911105192, 49.252551961991998 ], [ -124.073264993960024, 49.2533750300272 ], [ -124.08253799402766, 49.257669004676885 ], [ -124.090908035173285, 49.255151984271137 ], [ -124.110462067156959, 49.256315044570812 ], [ -124.132077072107606, 49.25321804107719 ], [ -124.167499935368994, 49.254771943094283 ], [ -124.177333006640183, 49.257370967376524 ], [ -124.186867011042878, 49.262382939025287 ], [ -124.192420943864008, 49.269279030516827 ], [ -124.17797307143438, 49.270417056118916 ], [ -124.171226912488265, 49.273462946585731 ], [ -124.145148029181456, 49.266356963145 ], [ -124.131078057734427, 49.266028016616474 ], [ -124.121876991445006, 49.266972994692004 ], [ -124.109247064510157, 49.271988058098714 ], [ -124.117228020416491, 49.272334052892894 ], [ -124.118816929302312, 49.279371041858923 ], [ -124.135954093573062, 49.286804947366534 ], [ -124.133244965076074, 49.289205972315379 ], [ -124.135014963292377, 49.291411052317436 ], [ -124.149658910506105, 49.293649973085806 ], [ -124.154940935110687, 49.291329974648406 ], [ -124.163994007654125, 49.294432968802084 ], [ -124.16885503946942, 49.302228027569491 ], [ -124.17161109067888, 49.301848994928413 ], [ -124.184750920523655, 49.312905039636931 ], [ -124.188814027939273, 49.311361039231997 ], [ -124.185004086737521, 49.307964053513153 ], [ -124.188691081242453, 49.30854699172685 ], [ -124.192021058634509, 49.304581975079699 ], [ -124.214184992758959, 49.315865001219997 ], [ -124.196649942514796, 49.299720974401282 ], [ -124.202151926392418, 49.294644964334118 ], [ -124.20694499075104, 49.295466958549 ], [ -124.212165039470264, 49.302528058941505 ], [ -124.217738951657523, 49.303180059122276 ], [ -124.22146802921246, 49.301018016190255 ], [ -124.239570089797127, 49.313616962835127 ], [ -124.241740019831951, 49.312333939755405 ], [ -124.236891982047382, 49.308877991188872 ], [ -124.237051956553046, 49.304269983158505 ], [ -124.251042004447086, 49.305874024670679 ], [ -124.260492029130873, 49.311780000123569 ], [ -124.264741055727086, 49.326198000062242 ], [ -124.282800059822392, 49.332107045078516 ], [ -124.292271049971916, 49.331092959423295 ], [ -124.286691924193164, 49.330382011647963 ], [ -124.288685994166755, 49.323487043699679 ], [ -124.281776930147501, 49.313381033793881 ], [ -124.281452982742891, 49.306746006809696 ], [ -124.266434085048544, 49.298833989315007 ], [ -124.2734010705217, 49.287360027695485 ], [ -124.275985009346513, 49.286251995348685 ], [ -124.280243058711378, 49.288686940946526 ], [ -124.290170059025257, 49.285995003624393 ], [ -124.289436926491007, 49.282674938467132 ], [ -124.295653966867803, 49.28063599821013 ], [ -124.305654901468728, 49.283959021840857 ], [ -124.317481058020661, 49.273624031250556 ], [ -124.32608397996384, 49.273004012418284 ], [ -124.328140984807334, 49.267169061000303 ], [ -124.335026012121219, 49.266082047328823 ], [ -124.334704007477328, 49.263837015603244 ], [ -124.348243082235101, 49.253731065400643 ], [ -124.349308006410865, 49.24440799825009 ], [ -124.358887975969466, 49.240526008117399 ], [ -124.359271954738901, 49.237490007715763 ], [ -124.37105106520751, 49.228787012215726 ], [ -124.397370090547014, 49.217127980364864 ], [ -124.418967097721222, 49.21172898780371 ], [ -124.433465041972738, 49.211181055282914 ], [ -124.444843057803354, 49.206792984860968 ], [ -124.474543960311337, 49.20462706056913 ], [ -124.489452914095807, 49.205983027937172 ], [ -124.498023944035253, 49.214732968589395 ], [ -124.510562920378916, 49.221990989127576 ], [ -124.538680906750855, 49.232334020895756 ], [ -124.568907963804392, 49.236011001360957 ], [ -124.595531023557911, 49.231988941680576 ], [ -124.604810908949091, 49.214053945238625 ], [ -124.613964025294294, 49.206864967652677 ], [ -124.613575022699848, 49.194897037938055 ], [ -124.602324959116331, 49.166194998019343 ], [ -124.592802935025873, 49.161721957392473 ], [ -124.581974072826483, 49.160336027553882 ], [ -124.578586058861191, 49.157005010983951 ], [ -124.567706984894741, 49.144189968380168 ], [ -124.56152705151824, 49.127297966822766 ], [ -124.562282940388855, 49.119093041767215 ], [ -124.546981958562114, 49.10655194857793 ], [ -124.546511012784009, 49.08433804997771 ], [ -124.552675040074874, 49.056251042602554 ], [ -124.547109003893951, 49.029976053897819 ], [ -124.557021927219438, 49.021018049820988 ], [ -124.558636983166082, 49.00353396126922 ], [ -124.563704045818227, 48.998968060680582 ], [ -124.558514086222999, 48.992578978216159 ], [ -124.559339027807681, 48.989653033003002 ], [ -124.56260294006097, 48.990427995543321 ], [ -124.564794917153264, 48.988401012209941 ], [ -124.550737026823583, 48.982050003686155 ], [ -124.552545970800651, 48.974730038716629 ], [ -124.542102038448689, 48.971514995868176 ], [ -124.536544011104496, 48.961414035985818 ], [ -124.528710004751517, 48.963020979284352 ], [ -124.530644965715268, 48.970435050403253 ], [ -124.523985955861434, 48.98956803144614 ], [ -124.49939697356335, 49.014177014220856 ], [ -124.489378081105798, 49.012473991763343 ], [ -124.467162027227928, 49.013058939356171 ], [ -124.462584071457712, 49.015120047062354 ], [ -124.455849956406453, 49.024712965979397 ], [ -124.43269993447781, 49.025382058705638 ], [ -124.422929004322555, 49.022627043794593 ], [ -124.413618029298732, 49.016575032145774 ], [ -124.399062983739555, 48.991632022571245 ], [ -124.392095020328185, 48.985772058472854 ], [ -124.384907077811036, 48.983357027233232 ], [ -124.368011023517525, 48.985907053201707 ], [ -124.35489197379799, 48.977154056032191 ], [ -124.337852987178124, 48.972511011550061 ], [ -124.33227508884805, 48.962954993062404 ], [ -124.327610931311611, 48.962640973945952 ], [ -124.319885957423324, 48.967803055944245 ], [ -124.316862964397146, 48.980927951670679 ], [ -124.311763076248866, 48.984751016589875 ], [ -124.249981991977052, 48.9587560111217 ], [ -124.229925948209342, 48.955775980108378 ], [ -124.211124986857754, 48.955556959574565 ], [ -124.199858018201098, 48.957933016394087 ], [ -124.17763403278849, 48.937146952093414 ], [ -124.167223909234394, 48.934571945469919 ], [ -124.128995019117028, 48.93290194124323 ], [ -124.08343699749804, 48.920537002541508 ], [ -124.070130942190602, 48.919401972909455 ], [ -124.05035604486531, 48.906585053575249 ], [ -124.019843975323184, 48.895325974901823 ], [ -123.997662039744384, 48.879686968828942 ], [ -123.991899062714182, 48.868258046346575 ], [ -123.989337932353592, 48.867028967225714 ], [ -123.988668916938423, 48.869059027035483 ], [ -123.981592993111292, 48.861446061119985 ], [ -123.953497977987695, 48.848097941270296 ], [ -123.944972029677004, 48.847017006347222 ], [ -123.941180030128663, 48.843215060961889 ], [ -123.929905938471904, 48.840905043517068 ], [ -123.923475004075158, 48.843970006328419 ], [ -123.916827012864346, 48.844113026566156 ], [ -123.896489062108429, 48.837912989705536 ], [ -123.893395077271236, 48.834779035883571 ], [ -123.887959975702799, 48.836485978356549 ], [ -123.881443946204641, 48.832469045779682 ], [ -123.881140999521222, 48.836187054603712 ], [ -123.87757493258772, 48.837212961689367 ], [ -123.874148956879978, 48.835313980968458 ], [ -123.872305018881207, 48.837459969900181 ], [ -123.866319965421368, 48.834895994449241 ], [ -123.845214920329155, 48.837571958316062 ], [ -123.841270962866716, 48.83477594956927 ], [ -123.830883017115923, 48.833691021243709 ], [ -123.832091069054812, 48.836722950900665 ], [ -123.825812904642106, 48.838657032092421 ], [ -123.82941506121638, 48.841348005252655 ], [ -123.820970962221381, 48.849243962579706 ], [ -123.813487080597525, 48.851753037300575 ], [ -123.810404019350415, 48.869297949692907 ], [ -123.795846991569448, 48.880932993382821 ], [ -123.796541092129061, 48.883401985754446 ], [ -123.792647011951857, 48.885552032379799 ], [ -123.778160055559056, 48.886397052312255 ], [ -123.764413970232937, 48.89476504081604 ], [ -123.759123965511705, 48.895006945391437 ], [ -123.756468080009157, 48.904343937497977 ], [ -123.752546998539501, 48.904018964675558 ], [ -123.746095043789509, 48.907865999933016 ], [ -123.736706947967576, 48.906990954862401 ] ] ] } },
{ "type": "Feature", "properties": { "NAME": "Acho Dene Koe First Nation", "SCALE": "1:1000000" }, "geometry": { "type": "Polygon", "coordinates": [ [ [ -122.258004046257611, 59.559637003478443 ], [ -122.211696047362651, 59.560246018559177 ], [ -122.164415073769618, 59.565432039683905 ], [ -122.145083118108019, 59.57048404506358 ], [ -122.111191057153647, 59.574942940019625 ], [ -122.095568977335645, 59.580057026710101 ], [ -122.037882023629521, 59.590408019962666 ], [ -122.026341121322773, 59.594796969484172 ], [ -122.002044039463414, 59.599255053914845 ], [ -121.829938947969751, 59.651763003167851 ], [ -121.68578703549656, 59.709756974598989 ], [ -121.650143953673165, 59.727581038165525 ], [ -121.628026055281296, 59.743949040811877 ], [ -121.615057953130091, 59.74906700240895 ], [ -121.579227944638987, 59.77132194559475 ], [ -121.517783110776421, 59.825267015032772 ], [ -121.493508895080637, 59.856037934191981 ], [ -121.465540952687221, 59.908032052635107 ], [ -121.459505980550659, 59.931112947827607 ], [ -121.454848888467609, 59.98158297300364 ], [ -121.458337034086526, 59.999670984521515 ], [ -122.752586992050496, 59.9999810099849 ], [ -123.502320031689024, 59.999971014488111 ], [ -124.50195412447323, 59.999958048424944 ], [ -125.428067955719968, 60.000176949431022 ], [ -125.52363400926933, 59.974404965710555 ], [ -125.549608953122217, 59.958006023912262 ], [ -125.644364020727551, 59.910704936359977 ], [ -125.661176889107608, 59.895471042840796 ], [ -125.731393997259772, 59.844496981587646 ], [ -125.745194031822152, 59.80465301043251 ], [ -125.764814058720276, 59.782390027923455 ], [ -125.758338065522793, 59.724298969731016 ], [ -125.744448942378298, 59.698051995555907 ], [ -125.734335874688654, 59.662077062472036 ], [ -125.715449027194268, 59.633487980143663 ], [ -125.689885056469578, 59.609243003350066 ], [ -125.651586061279318, 59.594793026321838 ], [ -125.590427088244198, 59.583373951674375 ], [ -125.577903898196453, 59.579181953384662 ], [ -125.527155899384709, 59.572735957292252 ], [ -125.505925100342935, 59.567171972057352 ], [ -125.463099958870799, 59.552698943032418 ], [ -125.392674119344562, 59.535849045202411 ], [ -125.335581999604827, 59.515704997341146 ], [ -125.311201004707044, 59.503137027773228 ], [ -125.276614035583648, 59.490144031340691 ], [ -125.264099118929508, 59.481791953664128 ], [ -125.224593101649958, 59.44688499486687 ], [ -125.203868067620832, 59.42395105081247 ], [ -125.157113023321998, 59.391284058545914 ], [ -125.133170998351318, 59.376615012122627 ], [ -125.069965962492958, 59.350343031649352 ], [ -125.037221021511243, 59.343157939218266 ], [ -124.958549987924755, 59.333252049038116 ], [ -124.935469907317653, 59.338722948887686 ], [ -124.908424001638821, 59.353734056783985 ], [ -124.884985037975113, 59.352841000123099 ], [ -124.824207082164122, 59.339948954766861 ], [ -124.754227055165245, 59.320050985321366 ], [ -124.770893982663097, 59.35100902518581 ], [ -124.793450055847444, 59.378618028826821 ], [ -124.798726053541785, 59.394496977200184 ], [ -124.792369902228714, 59.46728000520541 ], [ -124.782753054387655, 59.48838197324757 ], [ -124.771680047371916, 59.501158059840584 ], [ -124.755272059050128, 59.511193985695051 ], [ -124.739370892338385, 59.527165973630161 ], [ -124.714058084159078, 59.533017058717768 ], [ -124.651114884238098, 59.538638048535461 ], [ -124.605818889624771, 59.546131060897082 ], [ -124.566122111823432, 59.546456981887715 ], [ -124.508455962208799, 59.543588029786619 ], [ -124.401057998429479, 59.522212038312027 ], [ -124.392421073911208, 59.51822894888226 ], [ -124.316022965254533, 59.506668991988775 ], [ -124.181545071600894, 59.489666000656989 ], [ -124.115946898365621, 59.487235961368491 ], [ -124.037121898617613, 59.496162041825045 ], [ -123.863886031073392, 59.524596025554423 ], [ -123.784909942021244, 59.533211059467249 ], [ -123.697931898023313, 59.548559951990448 ], [ -123.629208020540545, 59.563187961524839 ], [ -123.596463919751614, 59.577094954820559 ], [ -123.504857085983602, 59.603091059521397 ], [ -123.470826896013591, 59.615685986915601 ], [ -123.385637115696397, 59.631639943377046 ], [ -123.293086002486334, 59.643177004726873 ], [ -123.23972405800609, 59.646785012288724 ], [ -123.18588891797161, 59.646869002271451 ], [ -123.095554874262959, 59.642398047396135 ], [ -123.048870050463307, 59.636464938392578 ], [ -123.027268021289103, 59.633036011447615 ], [ -122.978224123719286, 59.619102945119948 ], [ -122.89152710444867, 59.601021991190947 ], [ -122.754340982742775, 59.582038987534034 ], [ -122.448181943242872, 59.561726951544081 ], [ -122.351513023974746, 59.558861050964062 ], [ -122.318151923019656, 59.560838948658549 ], [ -122.258004046257611, 59.559637003478443 ] ] ] } },
{ "type": "Feature", "properties": { "NAME": "Liard First Nation", "SCALE": "1:250000" }, "geometry": { "type": "Polygon", "coordinates": [ [ [ -124.0159070251364, 59.999999988140829 ], [ -130.890265031109408, 60.000000054818891 ], [ -130.788991048616367, 59.94815103935349 ], [ -130.760259073278803, 59.930477002214943 ], [ -130.743397918914468, 59.924743989612693 ], [ -130.774418887391619, 59.898787949616633 ], [ -130.795674007306985, 59.87089896476337 ], [ -130.823446029813709, 59.847621935971027 ], [ -130.853977992912718, 59.813293028468728 ], [ -130.929633025461641, 59.742476955965067 ], [ -130.938711013774366, 59.730289040979535 ], [ -130.970328007981408, 59.671164967505113 ], [ -130.97209803102848, 59.616982049312533 ], [ -130.963705002509641, 59.591536941788945 ], [ -130.954457882597922, 59.577316034033174 ], [ -130.934973054696115, 59.563076034546725 ], [ -130.842214077564194, 59.512885939527301 ], [ -130.778325103560576, 59.461554950719517 ], [ -130.656759020898733, 59.372307009884473 ], [ -130.617786937498124, 59.338669010595005 ], [ -130.476977959002454, 59.229744038458961 ], [ -130.489170042557191, 59.158877988202512 ], [ -130.490954996566018, 59.1239929687287 ], [ -130.510014034022873, 59.052978967972273 ], [ -130.512027927200876, 59.010010029189104 ], [ -130.516926012097002, 58.992152978079865 ], [ -130.514835995548253, 58.971302001002464 ], [ -130.517796103949081, 58.966422961126 ], [ -130.535709981668589, 58.960438007953634 ], [ -130.604449884163472, 58.964480976758203 ], [ -130.616291024673586, 58.961802952530526 ], [ -130.637304009324026, 58.948048059394594 ], [ -130.666280038238483, 58.916618044827565 ], [ -130.688100045625561, 58.884105967835794 ], [ -130.720937075728187, 58.803702996667802 ], [ -130.721760907697472, 58.780849015295423 ], [ -130.712056958888752, 58.748515947716037 ], [ -130.703603037851678, 58.735503972685642 ], [ -130.669606049415762, 58.704825977010174 ], [ -130.619083920994569, 58.678515978439336 ], [ -130.599917977396785, 58.677650021254692 ], [ -130.558627964214111, 58.681319943775613 ], [ -130.536548926911678, 58.68080106580026 ], [ -130.508243957888197, 58.674827979338694 ], [ -130.499500092235195, 58.667824052262503 ], [ -130.502185898189055, 58.662940955115928 ], [ -130.512684038826166, 58.659157059637224 ], [ -130.562213944896456, 58.645641025529976 ], [ -130.583195003385214, 58.634086989740226 ], [ -130.595967021801471, 58.623074047732288 ], [ -130.596591933357075, 58.617335985835638 ], [ -130.592074986701306, 58.613968062688755 ], [ -130.547839981340644, 58.598965041775806 ], [ -130.536609954241555, 58.585758065326431 ], [ -130.538943984925197, 58.565670029451908 ], [ -130.565571060745071, 58.509841978754132 ], [ -130.567004893714511, 58.491245030703723 ], [ -130.562228987734699, 58.488144031899132 ], [ -130.5386389354382, 58.484444057259417 ], [ -130.489445088691781, 58.468097953987147 ], [ -130.451741118737743, 58.464676044449298 ], [ -130.443530965301505, 58.46617099649675 ], [ -130.436023959136918, 58.472607051824625 ], [ -130.414600082758227, 58.514804986043359 ], [ -130.39989101444354, 58.52302196128236 ], [ -130.390856892219091, 58.524905972888391 ], [ -130.309955038403018, 58.523784980310154 ], [ -130.24718002866905, 58.529133002438229 ], [ -130.229052905887897, 58.533431991714139 ], [ -130.172915985010576, 58.554897050933185 ], [ -130.115436061056442, 58.565497949362779 ], [ -130.051316940221653, 58.566611955716063 ], [ -129.946306054043333, 58.563648030974399 ], [ -129.715548039441103, 58.471183970884425 ], [ -129.565415997431728, 58.418017956500897 ], [ -129.522493056754968, 58.39870502650146 ], [ -129.520722899567403, 58.39248998784128 ], [ -129.527069903901207, 58.385936939108518 ], [ -129.549853007666059, 58.376785059466087 ], [ -129.60681389472515, 58.36191201014767 ], [ -129.615618028133525, 58.356917953370761 ], [ -129.62860292609605, 58.34011103360745 ], [ -129.611741901690635, 58.269519987290728 ], [ -129.602891895887751, 58.263687006586537 ], [ -129.587968955004669, 58.258922953744474 ], [ -129.5342419166779, 58.245906999962557 ], [ -129.51316900123004, 58.243176061718323 ], [ -129.501328918783827, 58.247398058193276 ], [ -129.443847883563933, 58.280162973937422 ], [ -129.421234953105056, 58.298756004373651 ], [ -129.406479983657562, 58.305901045922589 ], [ -129.378937909800385, 58.310378974341468 ], [ -129.339142993152905, 58.304237056515831 ], [ -129.277679988292306, 58.28007900343195 ], [ -129.183304906735913, 58.252623969997281 ], [ -128.993684040817413, 58.229286028398249 ], [ -128.928101947614039, 58.215111021863578 ], [ -128.872529032198429, 58.197913967942299 ], [ -128.860581905204356, 58.202484056209478 ], [ -128.854706940391168, 58.208611020993374 ], [ -128.848984951859194, 58.243678979747308 ], [ -128.844772903796496, 58.246422058061192 ], [ -128.836366030632746, 58.247124014465193 ], [ -128.803788062600745, 58.240490051247392 ], [ -128.703385010611555, 58.253345050377554 ], [ -128.664689077452323, 58.243458003797187 ], [ -128.593352922047842, 58.212733987636106 ], [ -128.550065061947265, 58.165759977292502 ], [ -128.507020001952782, 58.158553976293724 ], [ -128.456954883332259, 58.157951030879723 ], [ -128.42681901606494, 58.151703012917864 ], [ -128.405089991825491, 58.1550710570327 ], [ -128.312102952450743, 58.216862032010617 ], [ -128.259323074415988, 58.244727986137306 ], [ -128.240799036902445, 58.260578032540671 ], [ -128.208465958221211, 58.267914023619255 ], [ -128.108947918726727, 58.255633955975441 ], [ -128.025191991198909, 58.239788006545524 ], [ -127.920096990418656, 58.213844044512285 ], [ -127.543999113422515, 58.142573936773367 ], [ -127.485595912502603, 58.102164944210308 ], [ -127.475226901271199, 58.091529963279193 ], [ -127.489760902477016, 58.063717061258139 ], [ -127.507659917957767, 58.040306007995426 ], [ -127.535224944188215, 58.015736029491642 ], [ -127.550689880587967, 57.991855963610575 ], [ -127.589760039166407, 57.958363032289562 ], [ -127.520682902805234, 57.904471974327208 ], [ -127.45568803024851, 57.859203049717294 ], [ -127.44369495885914, 57.816775982443367 ], [ -127.437469990591694, 57.740104974617182 ], [ -127.408263950634989, 57.688094962685632 ], [ -127.411041032989687, 57.676743006170135 ], [ -127.420372037849518, 57.653500039543303 ], [ -127.432602019729643, 57.641963962036868 ], [ -127.547751894117496, 57.579220039983262 ], [ -127.617310024340483, 57.526778987809948 ], [ -127.644332919144432, 57.486819952846908 ], [ -127.691605048147721, 57.43169397177121 ], [ -127.721710079745023, 57.36440998964045 ], [ -127.754592971345247, 57.336559002640001 ], [ -127.777152966248551, 57.298301973334191 ], [ -127.748520091127105, 57.295802973828913 ], [ -127.734382896067743, 57.290366971147193 ], [ -127.724610001443821, 57.27938806318776 ], [ -127.711745898726022, 57.254501039152451 ], [ -127.684760965766287, 57.238594021314363 ], [ -127.680678933469721, 57.231476046350188 ], [ -127.670485954772417, 57.225974981028138 ], [ -127.661537060354306, 57.210678003480815 ], [ -127.660622067404816, 57.198959022507047 ], [ -127.66958591623937, 57.186480986082699 ], [ -127.671020944862406, 57.174174951509123 ], [ -127.677185005039973, 57.168601983396542 ], [ -127.700988951173002, 57.1586269491835 ], [ -127.710700988021898, 57.151855051988264 ], [ -127.72224408424772, 57.134997938179282 ], [ -127.71612490888036, 57.10610198248817 ], [ -127.69686891914796, 57.100650987593546 ], [ -127.686789946819573, 57.093333982415473 ], [ -127.682998968870919, 57.086162973138713 ], [ -127.691764994574839, 57.081065995476884 ], [ -127.712677087899564, 57.081134986004649 ], [ -127.712265092548279, 57.076388958000486 ], [ -127.677010042243879, 57.052898052022641 ], [ -127.670234965627017, 57.043220004171332 ], [ -127.681030113746147, 57.036591055131623 ], [ -127.687126106638985, 57.028336047285791 ], [ -127.693076888227395, 57.026726065282496 ], [ -127.698424885283686, 57.026420971033417 ], [ -127.705559109153782, 57.035439026711479 ], [ -127.714988948309681, 57.039242026044498 ], [ -127.719849036918205, 57.040229984688473 ], [ -127.728637949419877, 57.037528962676646 ], [ -127.718391011283757, 57.02122901310954 ], [ -127.735900904170364, 57.011630972633839 ], [ -127.736664107218928, 57.00849194110495 ], [ -127.72035202121134, 56.999244966910389 ], [ -127.693146029856877, 57.002654970451751 ], [ -127.682121102363752, 56.991904962073427 ], [ -127.678893947180271, 56.9918520293174 ], [ -127.641647018502425, 57.007174978424622 ], [ -127.606849985328424, 57.012463012413846 ], [ -127.600021066095451, 57.012413056325229 ], [ -127.590446919271201, 57.007420064346206 ], [ -127.582915915551752, 56.991852042638591 ], [ -127.606415088297496, 56.988486951367804 ], [ -127.597771082288162, 56.981536940929566 ], [ -127.575264036785669, 56.972118026185498 ], [ -127.578666995363307, 56.967331001535015 ], [ -127.585968063670137, 56.964293966255823 ], [ -127.585303932010333, 56.961394990484763 ], [ -127.569518970492254, 56.955054988177018 ], [ -127.552367916776333, 56.954948000631653 ], [ -127.544601906440946, 56.950840020913546 ], [ -127.544578890480821, 56.947235033680123 ], [ -127.561263901832504, 56.936610957359036 ], [ -127.542075892451322, 56.912803946527532 ], [ -127.552795886115774, 56.911598018873953 ], [ -127.595351949644694, 56.921230006549855 ], [ -127.611724905182882, 56.91845701599604 ], [ -127.608017006601656, 56.910670963187805 ], [ -127.565451938402617, 56.881817061266503 ], [ -127.559227057941953, 56.873847992735939 ], [ -127.559165894321907, 56.86184296982298 ], [ -127.562958046407729, 56.858791012360967 ], [ -127.577919108668098, 56.855659047251358 ], [ -127.605957012401632, 56.86112606005463 ], [ -127.610085013382616, 56.86042401730537 ], [ -127.608191977828682, 56.853531041567933 ], [ -127.593697017140656, 56.842166943668616 ], [ -127.563270100233538, 56.826282984117007 ], [ -127.558059930623628, 56.810940030965156 ], [ -127.548080044968358, 56.80661805594093 ], [ -127.528129113061837, 56.791374044484996 ], [ -127.504462929168582, 56.788162042581803 ], [ -127.475539951997732, 56.778023045912498 ], [ -127.461852998880047, 56.776131009855092 ], [ -127.410308999809658, 56.749976969228371 ], [ -127.405449092429905, 56.749599046419718 ], [ -127.399902033669562, 56.755936024900329 ], [ -127.378288112180087, 56.762572977616614 ], [ -127.345763913528941, 56.765034031136466 ], [ -127.313271116024723, 56.775283997491556 ], [ -127.300651997217471, 56.773196950073263 ], [ -127.29483788460972, 56.774768940213256 ], [ -127.282409967689645, 56.787056038050359 ], [ -127.307732075667317, 56.790645936836277 ], [ -127.306938104507381, 56.793475971104741 ], [ -127.280616898351354, 56.798531047429023 ], [ -127.260490000303378, 56.805320984289722 ], [ -127.223479899874178, 56.832554056001911 ], [ -127.188186003396893, 56.852604031249854 ], [ -127.125609971957786, 56.873192048386827 ], [ -127.095085111065316, 56.886794963471829 ], [ -127.059203994462422, 56.891852940732804 ], [ -127.050322894603681, 56.894886021950889 ], [ -126.959182991608969, 56.946517988068443 ], [ -126.929000934744323, 56.978580956430697 ], [ -126.914055050070914, 57.020248030373885 ], [ -126.913101104153895, 57.02537493847818 ], [ -126.937286044875307, 57.076438959689803 ], [ -126.930327888625158, 57.103541975761935 ], [ -126.923278919272974, 57.109112043224833 ], [ -126.902541961526097, 57.107395048035272 ], [ -126.884193092028426, 57.10256995679206 ], [ -126.850151033933955, 57.102299038312282 ], [ -126.792487920957328, 57.110603022732874 ], [ -126.781532021465011, 57.109303058242965 ], [ -126.763045939856283, 57.101252986990836 ], [ -126.744637117246512, 57.099213041792048 ], [ -126.724639976923015, 57.100360978991091 ], [ -126.714507906972941, 57.09782400476616 ], [ -126.702911972602521, 57.105391944516583 ], [ -126.662529028716548, 57.114529055620473 ], [ -126.641212961917205, 57.10944700410316 ], [ -126.633063997044516, 57.100712015968746 ], [ -126.615638966510147, 57.092357975713604 ], [ -126.586722968471548, 57.089195021216341 ], [ -126.533424066002183, 57.0993349998094 ], [ -126.425896112048051, 57.104388936358461 ], [ -126.410103096943658, 57.110138003470816 ], [ -126.399367925881847, 57.119385059978754 ], [ -126.36970507077254, 57.124966060042446 ], [ -126.359390113092033, 57.122971048513421 ], [ -126.345848066797473, 57.114685057232983 ], [ -126.298019994590859, 57.097545962373395 ], [ -126.266295979115966, 57.09714503676247 ], [ -126.238441024038892, 57.100844942816799 ], [ -126.20332298144146, 57.098511060618122 ], [ -126.18360895662768, 57.10074595480755 ], [ -126.145598994579132, 57.098670958339149 ], [ -126.131110900571997, 57.086913950415898 ], [ -126.13742803072472, 57.074509028512061 ], [ -126.129593018175683, 57.069091979345828 ], [ -126.043563884434647, 57.058498050720871 ], [ -126.015701103538632, 57.057616938637516 ], [ -125.975502011753832, 57.062954050995906 ], [ -125.972702079634757, 57.06528904851163 ], [ -125.917609981619691, 57.074912975889319 ], [ -125.886757050218961, 57.086486952114591 ], [ -125.880278977394724, 57.096817005355511 ], [ -125.87006398567064, 57.103085037033743 ], [ -125.842391976180394, 57.101146963508199 ], [ -125.822525044212298, 57.10581594620681 ], [ -125.814339114764806, 57.111827989616032 ], [ -125.808806937063878, 57.109237982087627 ], [ -125.800713000661432, 57.111167945244304 ], [ -125.750747944890293, 57.111912009186696 ], [ -125.727263965919633, 57.109519957103096 ], [ -125.714530889351963, 57.104125954554 ], [ -125.645126085178802, 57.140407942425917 ], [ -125.580573953777517, 57.160507039087094 ], [ -125.563003888660234, 57.159507940806918 ], [ -125.553779975216997, 57.163161961939373 ], [ -125.539589117091992, 57.161002940732203 ], [ -125.514083947935333, 57.155388044052842 ], [ -125.511939914750059, 57.151535034639743 ], [ -125.503670004795879, 57.151530947402101 ], [ -125.498535104150349, 57.147736032945673 ], [ -125.478614960976103, 57.142867944975684 ], [ -125.458428080510728, 57.133838964090266 ], [ -125.446975970512014, 57.134402995733453 ], [ -125.41253696168566, 57.123988936509605 ], [ -125.393538989812612, 57.12251998840776 ], [ -125.38115688337794, 57.128597053238416 ], [ -125.372817934470604, 57.129481945221677 ], [ -125.375115008140853, 57.137164997184271 ], [ -125.369613891388681, 57.140834998819564 ], [ -125.357642999618008, 57.141345942910618 ], [ -125.360351888990095, 57.142280986205577 ], [ -125.357101917711447, 57.152294025027423 ], [ -125.349601988726675, 57.154460959691626 ], [ -125.345336888145283, 57.152466048518818 ], [ -125.331092914513491, 57.159435053848725 ], [ -125.311195039242406, 57.153809010934168 ], [ -125.302741930282892, 57.154239997827858 ], [ -125.305931038710568, 57.161067971721309 ], [ -125.302231024002865, 57.162270063151524 ], [ -125.307159058855561, 57.166232962361448 ], [ -125.302323099841374, 57.174334961701561 ], [ -125.294144023055679, 57.173244032866421 ], [ -125.284133931621639, 57.167342943147489 ], [ -125.260842117198649, 57.162684972843977 ], [ -125.253013969952619, 57.149574005026288 ], [ -125.241699049084346, 57.14591596523902 ], [ -125.252097929941428, 57.128421984113402 ], [ -125.252426006910625, 57.11455497052436 ], [ -125.242507885743805, 57.105948937463609 ], [ -125.235038997019586, 57.102782944172759 ], [ -125.215034076803434, 57.104298004854748 ], [ -125.187187070188088, 57.093932939901848 ], [ -125.18098489792753, 57.086685051967834 ], [ -125.174606106212607, 57.084876948477245 ], [ -125.163094017489058, 57.069561030934551 ], [ -125.160689886744507, 57.053538992052189 ], [ -125.16693102693327, 57.049041944071128 ], [ -125.16551989391705, 57.045872025195571 ], [ -125.138572932070403, 57.038475003600304 ], [ -125.128730986441013, 57.038787945020566 ], [ -125.121329906359932, 57.026675953421723 ], [ -125.115546978871649, 57.026810047150498 ], [ -125.092215894261329, 57.035866034602115 ], [ -125.091315938553379, 57.039172970739443 ], [ -125.085541046385089, 57.038241994360654 ], [ -125.084312025651386, 57.048573013006163 ], [ -125.074135047655318, 57.050899007362212 ], [ -125.0624078821767, 57.062717057958203 ], [ -125.066139026668836, 57.066085979937021 ], [ -125.058051918933529, 57.070712997704355 ], [ -125.060744967665926, 57.074733983064412 ], [ -125.058539887915614, 57.080752997824995 ], [ -125.050934017002291, 57.083125969701122 ], [ -125.046776004321359, 57.089706011666152 ], [ -125.034836073875709, 57.092373042126226 ], [ -125.035782108108549, 57.094840973005823 ], [ -125.02552805163306, 57.101493966762106 ], [ -125.025336905662101, 57.105251002187472 ], [ -125.005423901457107, 57.117477037255377 ], [ -125.000579907955625, 57.117374035676406 ], [ -125.000190964563913, 57.12023894440722 ], [ -124.984328953935389, 57.124882002011326 ], [ -124.989066897666248, 57.12827694469356 ], [ -124.949470888671357, 57.142406028893873 ], [ -124.946587114915204, 57.145443055188778 ], [ -124.951362060755855, 57.148853000366501 ], [ -124.929236909531184, 57.163994011831925 ], [ -124.931335073440025, 57.168429988808342 ], [ -124.925033934516648, 57.169333991548974 ], [ -124.918365890157546, 57.177539939283385 ], [ -124.902901091670444, 57.184127947331099 ], [ -124.902763106126713, 57.188880978501608 ], [ -124.909141894498518, 57.193774980183285 ], [ -124.906883029295457, 57.196872951716607 ], [ -124.919441077163611, 57.207230006549011 ], [ -124.915749097031451, 57.211787990155131 ], [ -124.927154932618635, 57.21732702942063 ], [ -124.92293492852545, 57.221316944559781 ], [ -124.938575916765572, 57.226737959523923 ], [ -124.954788089400338, 57.238158971571011 ], [ -124.955879007385221, 57.24881696893209 ], [ -124.962775985235552, 57.257229042791387 ], [ -124.960198037236466, 57.26070797494517 ], [ -124.975319038364745, 57.275955052694634 ], [ -124.977065964226412, 57.288750024841974 ], [ -124.983696045906186, 57.289570016213844 ], [ -124.986739926420356, 57.295189030649446 ], [ -124.97212991617296, 57.310593021597242 ], [ -124.959823891886643, 57.316226955242769 ], [ -124.960990934558879, 57.320942045656743 ], [ -124.950745016662964, 57.322586029432529 ], [ -124.939475954006227, 57.328723946947164 ], [ -124.9349359485131, 57.335921962496037 ], [ -124.929131029454624, 57.335426014863359 ], [ -124.915984921423671, 57.340835959212015 ], [ -124.897240015735647, 57.342388036539333 ], [ -124.891173952548343, 57.338577049841305 ], [ -124.85971793919056, 57.33619304811873 ], [ -124.848495008783516, 57.33103904365457 ], [ -124.819885089833065, 57.342128977521 ], [ -124.807350019484232, 57.352859060711552 ], [ -124.797081010160781, 57.352924000430448 ], [ -124.735710001102944, 57.339706034661319 ], [ -124.707603978820345, 57.329372021460685 ], [ -124.705330093646481, 57.325725972207081 ], [ -124.695716990683707, 57.327423061880879 ], [ -124.671814074101761, 57.321392055613018 ], [ -124.645790083683622, 57.320258950757271 ], [ -124.639151942975346, 57.315253948716133 ], [ -124.594238073475751, 57.319542047103845 ], [ -124.560646116754896, 57.316474958718111 ], [ -124.556068101908679, 57.319667976952388 ], [ -124.526008095845128, 57.315646966963854 ], [ -124.522979980115551, 57.318328964045335 ], [ -124.507117884969787, 57.317406049273096 ], [ -124.499702907884782, 57.324191995734658 ], [ -124.48308596572528, 57.327243981286244 ], [ -124.455413933916574, 57.324164960442481 ], [ -124.444443102156626, 57.320209944178693 ], [ -124.419303928162535, 57.3249779373417 ], [ -124.412413977577856, 57.328552031407654 ], [ -124.370872928972688, 57.332996013417457 ], [ -124.356086940945346, 57.337447939139047 ], [ -124.342368927748922, 57.349978952077947 ], [ -124.336296017863688, 57.363879958157675 ], [ -124.332023957769678, 57.365325961018968 ], [ -124.3236238958347, 57.363899045018492 ], [ -124.305138111321924, 57.373324998917518 ], [ -124.305945967189089, 57.374901020837925 ], [ -124.302634952815822, 57.373989016299745 ], [ -124.303032107190759, 57.375846997031239 ], [ -124.288757024887261, 57.379508957442155 ], [ -124.24964100126175, 57.381999941950411 ], [ -124.22936198714217, 57.387408962746953 ], [ -124.188018937248842, 57.40332801926057 ], [ -124.183989922594776, 57.401844031169901 ], [ -124.172745083333325, 57.409659992777136 ], [ -124.170478955811433, 57.408520035802582 ], [ -124.167305015458894, 57.411879993763662 ], [ -124.168387914361531, 57.422481993473639 ], [ -124.15885902644861, 57.426044017401232 ], [ -124.155944888118597, 57.431229031350384 ], [ -124.166205938822912, 57.444846990515302 ], [ -124.166144921669186, 57.450703051117841 ], [ -124.120933995977765, 57.452038057730356 ], [ -124.086623927667617, 57.449287036655718 ], [ -124.1617740781127, 57.464806008555342 ], [ -124.20423903000551, 57.480769994295706 ], [ -124.296043074129912, 57.508484003069348 ], [ -124.331657052857722, 57.522269973799446 ], [ -124.336693069820299, 57.52812999917991 ], [ -124.332832009159389, 57.535014945308014 ], [ -124.367362986348382, 57.53770404724925 ], [ -124.387329030463349, 57.547382030547752 ], [ -124.412407064765375, 57.586903040540342 ], [ -124.451766905045076, 57.630931998308341 ], [ -124.510627990925457, 57.729060994543438 ], [ -124.516953102517903, 57.733517035409683 ], [ -124.572945054901723, 57.755108003902365 ], [ -124.580672995768083, 57.762561955416025 ], [ -124.573799021888007, 57.784030937952487 ], [ -124.5466309690987, 57.819453969122648 ], [ -124.538780073025691, 57.836413990487266 ], [ -124.493499949175003, 57.871605040666253 ], [ -124.426063104885969, 57.90961503679322 ], [ -124.391303967956745, 57.941508981399515 ], [ -124.362030051102749, 58.008178963879111 ], [ -124.347252112208622, 58.022716054000213 ], [ -124.319205915514203, 58.035187017240389 ], [ -124.238632088356411, 58.057448976337163 ], [ -124.120284896238857, 58.094626993738686 ], [ -124.08641105834613, 58.107780017498612 ], [ -124.073448076518048, 58.117747995942018 ], [ -124.034118105920626, 58.175082963872633 ], [ -124.017952083574642, 58.183284958675173 ], [ -124.005561963047555, 58.186802036585568 ], [ -123.952202118794233, 58.19387101310361 ], [ -123.834235992640089, 58.222286062586825 ], [ -123.743476881803517, 58.254158040557435 ], [ -123.682456909762962, 58.28254299953764 ], [ -123.671105000510607, 58.290272030627911 ], [ -123.654502934275754, 58.314887958024997 ], [ -123.643195915271761, 58.347435029046828 ], [ -123.642401973709227, 58.366085017977014 ], [ -123.655571116039184, 58.393454950314094 ], [ -123.692223096914958, 58.433754055074985 ], [ -123.743576069435946, 58.470950972377899 ], [ -123.780022105238771, 58.503956064557762 ], [ -123.78813197519186, 58.518035985029314 ], [ -123.789588897636477, 58.54161497647145 ], [ -123.773499019980861, 58.567204045980205 ], [ -123.749428109175426, 58.58871097867317 ], [ -123.715644892618741, 58.629733984267105 ], [ -123.718933075497958, 58.638218036582863 ], [ -123.738089974048876, 58.651428047394411 ], [ -123.860175998518514, 58.702351027982786 ], [ -123.960807948789594, 58.769340022275571 ], [ -123.965140916094086, 58.808940978785905 ], [ -123.958313098914616, 58.869590944579969 ], [ -123.967079050416018, 58.928222991323011 ], [ -124.009460064658569, 59.024055989553723 ], [ -124.033691919556972, 59.056660056608877 ], [ -124.058151088923282, 59.075820957460152 ], [ -124.028236068601529, 59.233440019839477 ], [ -124.006531035505517, 59.40785602914054 ], [ -123.993758948791168, 59.458259982597362 ], [ -123.999313023196265, 59.619319991831283 ], [ -124.019172936061466, 59.858978053534173 ], [ -124.0159070251364, 59.999999988140829 ] ] ] } },
{ "type": "Feature", "properties": { "NAME": "Ross River Dena Council", "SCALE": "1:250000" }, "geometry": { "type": "Polygon", "coordinates": [ [ [ -124.0159070251364, 59.999999988140829 ], [ -130.890265031109408, 60.000000054818891 ], [ -130.788991048616367, 59.94815103935349 ], [ -130.760259073278803, 59.930477002214943 ], [ -130.743397918914468, 59.924743989612693 ], [ -130.774418887391619, 59.898787949616633 ], [ -130.795674007306985, 59.87089896476337 ], [ -130.823446029813709, 59.847621935971027 ], [ -130.853977992912718, 59.813293028468728 ], [ -130.929633025461641, 59.742476955965067 ], [ -130.938711013774366, 59.730289040979535 ], [ -130.970328007981408, 59.671164967505113 ], [ -130.97209803102848, 59.616982049312533 ], [ -130.963705002509641, 59.591536941788945 ], [ -130.954457882597922, 59.577316034033174 ], [ -130.934973054696115, 59.563076034546725 ], [ -130.842214077564194, 59.512885939527301 ], [ -130.778325103560576, 59.461554950719517 ], [ -130.656759020898733, 59.372307009884473 ], [ -130.617786937498124, 59.338669010595005 ], [ -130.476977959002454, 59.229744038458961 ], [ -130.489170042557191, 59.158877988202512 ], [ -130.490954996566018, 59.1239929687287 ], [ -130.510014034022873, 59.052978967972273 ], [ -130.512027927200876, 59.010010029189104 ], [ -130.516926012097002, 58.992152978079865 ], [ -130.514835995548253, 58.971302001002464 ], [ -130.517796103949081, 58.966422961126 ], [ -130.535709981668589, 58.960438007953634 ], [ -130.604449884163472, 58.964480976758203 ], [ -130.616291024673586, 58.961802952530526 ], [ -130.637304009324026, 58.948048059394594 ], [ -130.666280038238483, 58.916618044827565 ], [ -130.688100045625561, 58.884105967835794 ], [ -130.720937075728187, 58.803702996667802 ], [ -130.721760907697472, 58.780849015295423 ], [ -130.712056958888752, 58.748515947716037 ], [ -130.703603037851678, 58.735503972685642 ], [ -130.669606049415762, 58.704825977010174 ], [ -130.619083920994569, 58.678515978439336 ], [ -130.599917977396785, 58.677650021254692 ], [ -130.558627964214111, 58.681319943775613 ], [ -130.536548926911678, 58.68080106580026 ], [ -130.508243957888197, 58.674827979338694 ], [ -130.499500092235195, 58.667824052262503 ], [ -130.502185898189055, 58.662940955115928 ], [ -130.512684038826166, 58.659157059637224 ], [ -130.562213944896456, 58.645641025529976 ], [ -130.583195003385214, 58.634086989740226 ], [ -130.595967021801471, 58.623074047732288 ], [ -130.596591933357075, 58.617335985835638 ], [ -130.592074986701306, 58.613968062688755 ], [ -130.547839981340644, 58.598965041775806 ], [ -130.536609954241555, 58.585758065326431 ], [ -130.538943984925197, 58.565670029451908 ], [ -130.565571060745071, 58.509841978754132 ], [ -130.567004893714511, 58.491245030703723 ], [ -130.562228987734699, 58.488144031899132 ], [ -130.5386389354382, 58.484444057259417 ], [ -130.489445088691781, 58.468097953987147 ], [ -130.451741118737743, 58.464676044449298 ], [ -130.443530965301505, 58.46617099649675 ], [ -130.436023959136918, 58.472607051824625 ], [ -130.414600082758227, 58.514804986043359 ], [ -130.39989101444354, 58.52302196128236 ], [ -130.390856892219091, 58.524905972888391 ], [ -130.309955038403018, 58.523784980310154 ], [ -130.24718002866905, 58.529133002438229 ], [ -130.229052905887897, 58.533431991714139 ], [ -130.172915985010576, 58.554897050933185 ], [ -130.115436061056442, 58.565497949362779 ], [ -130.051316940221653, 58.566611955716063 ], [ -129.946306054043333, 58.563648030974399 ], [ -129.715548039441103, 58.471183970884425 ], [ -129.565415997431728, 58.418017956500897 ], [ -129.522493056754968, 58.39870502650146 ], [ -129.520722899567403, 58.39248998784128 ], [ -129.527069903901207, 58.385936939108518 ], [ -129.549853007666059, 58.376785059466087 ], [ -129.60681389472515, 58.36191201014767 ], [ -129.615618028133525, 58.356917953370761 ], [ -129.62860292609605, 58.34011103360745 ], [ -129.611741901690635, 58.269519987290728 ], [ -129.602891895887751, 58.263687006586537 ], [ -129.587968955004669, 58.258922953744474 ], [ -129.5342419166779, 58.245906999962557 ], [ -129.51316900123004, 58.243176061718323 ], [ -129.501328918783827, 58.247398058193276 ], [ -129.443847883563933, 58.280162973937422 ], [ -129.421234953105056, 58.298756004373651 ], [ -129.406479983657562, 58.305901045922589 ], [ -129.378937909800385, 58.310378974341468 ], [ -129.339142993152905, 58.304237056515831 ], [ -129.277679988292306, 58.28007900343195 ], [ -129.183304906735913, 58.252623969997281 ], [ -128.993684040817413, 58.229286028398249 ], [ -128.928101947614039, 58.215111021863578 ], [ -128.872529032198429, 58.197913967942299 ], [ -128.860581905204356, 58.202484056209478 ], [ -128.854706940391168, 58.208611020993374 ], [ -128.848984951859194, 58.243678979747308 ], [ -128.844772903796496, 58.246422058061192 ], [ -128.836366030632746, 58.247124014465193 ], [ -128.803788062600745, 58.240490051247392 ], [ -128.703385010611555, 58.253345050377554 ], [ -128.664689077452323, 58.243458003797187 ], [ -128.593352922047842, 58.212733987636106 ], [ -128.550065061947265, 58.165759977292502 ], [ -128.507020001952782, 58.158553976293724 ], [ -128.456954883332259, 58.157951030879723 ], [ -128.42681901606494, 58.151703012917864 ], [ -128.405089991825491, 58.1550710570327 ], [ -128.312102952450743, 58.216862032010617 ], [ -128.259323074415988, 58.244727986137306 ], [ -128.240799036902445, 58.260578032540671 ], [ -128.208465958221211, 58.267914023619255 ], [ -128.108947918726727, 58.255633955975441 ], [ -128.025191991198909, 58.239788006545524 ], [ -127.920096990418656, 58.213844044512285 ], [ -127.543999113422515, 58.142573936773367 ], [ -127.485595912502603, 58.102164944210308 ], [ -127.475226901271199, 58.091529963279193 ], [ -127.489760902477016, 58.063717061258139 ], [ -127.507659917957767, 58.040306007995426 ], [ -127.535224944188215, 58.015736029491642 ], [ -127.550689880587967, 57.991855963610575 ], [ -127.589760039166407, 57.958363032289562 ], [ -127.520682902805234, 57.904471974327208 ], [ -127.45568803024851, 57.859203049717294 ], [ -127.44369495885914, 57.816775982443367 ], [ -127.437469990591694, 57.740104974617182 ], [ -127.408263950634989, 57.688094962685632 ], [ -127.411041032989687, 57.676743006170135 ], [ -127.420372037849518, 57.653500039543303 ], [ -127.432602019729643, 57.641963962036868 ], [ -127.547751894117496, 57.579220039983262 ], [ -127.617310024340483, 57.526778987809948 ], [ -127.644332919144432, 57.486819952846908 ], [ -127.691605048147721, 57.43169397177121 ], [ -127.721710079745023, 57.36440998964045 ], [ -127.754592971345247, 57.336559002640001 ], [ -127.777152966248551, 57.298301973334191 ], [ -127.748520091127105, 57.295802973828913 ], [ -127.734382896067743, 57.290366971147193 ], [ -127.724610001443821, 57.27938806318776 ], [ -127.711745898726022, 57.254501039152451 ], [ -127.684760965766287, 57.238594021314363 ], [ -127.680678933469721, 57.231476046350188 ], [ -127.670485954772417, 57.225974981028138 ], [ -127.661537060354306, 57.210678003480815 ], [ -127.660622067404816, 57.198959022507047 ], [ -127.66958591623937, 57.186480986082699 ], [ -127.671020944862406, 57.174174951509123 ], [ -127.677185005039973, 57.168601983396542 ], [ -127.700988951173002, 57.1586269491835 ], [ -127.710700988021898, 57.151855051988264 ], [ -127.72224408424772, 57.134997938179282 ], [ -127.71612490888036, 57.10610198248817 ], [ -127.69686891914796, 57.100650987593546 ], [ -127.686789946819573, 57.093333982415473 ], [ -127.682998968870919, 57.086162973138713 ], [ -127.691764994574839, 57.081065995476884 ], [ -127.712677087899564, 57.081134986004649 ], [ -127.712265092548279, 57.076388958000486 ], [ -127.677010042243879, 57.052898052022641 ], [ -127.670234965627017, 57.043220004171332 ], [ -127.681030113746147, 57.036591055131623 ], [ -127.687126106638985, 57.028336047285791 ], [ -127.693076888227395, 57.026726065282496 ], [ -127.698424885283686, 57.026420971033417 ], [ -127.705559109153782, 57.035439026711479 ], [ -127.714988948309681, 57.039242026044498 ], [ -127.719849036918205, 57.040229984688473 ], [ -127.728637949419877, 57.037528962676646 ], [ -127.718391011283757, 57.02122901310954 ], [ -127.735900904170364, 57.011630972633839 ], [ -127.736664107218928, 57.00849194110495 ], [ -127.72035202121134, 56.999244966910389 ], [ -127.693146029856877, 57.002654970451751 ], [ -127.682121102363752, 56.991904962073427 ], [ -127.678893947180271, 56.9918520293174 ], [ -127.641647018502425, 57.007174978424622 ], [ -127.606849985328424, 57.012463012413846 ], [ -127.600021066095451, 57.012413056325229 ], [ -127.590446919271201, 57.007420064346206 ], [ -127.582915915551752, 56.991852042638591 ], [ -127.606415088297496, 56.988486951367804 ], [ -127.597771082288162, 56.981536940929566 ], [ -127.575264036785669, 56.972118026185498 ], [ -127.578666995363307, 56.967331001535015 ], [ -127.585968063670137, 56.964293966255823 ], [ -127.585303932010333, 56.961394990484763 ], [ -127.569518970492254, 56.955054988177018 ], [ -127.552367916776333, 56.954948000631653 ], [ -127.544601906440946, 56.950840020913546 ], [ -127.544578890480821, 56.947235033680123 ], [ -127.561263901832504, 56.936610957359036 ], [ -127.542075892451322, 56.912803946527532 ], [ -127.552795886115774, 56.911598018873953 ], [ -127.595351949644694, 56.921230006549855 ], [ -127.611724905182882, 56.91845701599604 ], [ -127.608017006601656, 56.910670963187805 ], [ -127.565451938402617, 56.881817061266503 ], [ -127.559227057941953, 56.873847992735939 ], [ -127.559165894321907, 56.86184296982298 ], [ -127.562958046407729, 56.858791012360967 ], [ -127.577919108668098, 56.855659047251358 ], [ -127.605957012401632, 56.86112606005463 ], [ -127.610085013382616, 56.86042401730537 ], [ -127.608191977828682, 56.853531041567933 ], [ -127.593697017140656, 56.842166943668616 ], [ -127.563270100233538, 56.826282984117007 ], [ -127.558059930623628, 56.810940030965156 ], [ -127.548080044968358, 56.80661805594093 ], [ -127.528129113061837, 56.791374044484996 ], [ -127.504462929168582, 56.788162042581803 ], [ -127.475539951997732, 56.778023045912498 ], [ -127.461852998880047, 56.776131009855092 ], [ -127.410308999809658, 56.749976969228371 ], [ -127.405449092429905, 56.749599046419718 ], [ -127.399902033669562, 56.755936024900329 ], [ -127.378288112180087, 56.762572977616614 ], [ -127.345763913528941, 56.765034031136466 ], [ -127.313271116024723, 56.775283997491556 ], [ -127.300651997217471, 56.773196950073263 ], [ -127.29483788460972, 56.774768940213256 ], [ -127.282409967689645, 56.787056038050359 ], [ -127.307732075667317, 56.790645936836277 ], [ -127.306938104507381, 56.793475971104741 ], [ -127.280616898351354, 56.798531047429023 ], [ -127.260490000303378, 56.805320984289722 ], [ -127.223479899874178, 56.832554056001911 ], [ -127.188186003396893, 56.852604031249854 ], [ -127.125609971957786, 56.873192048386827 ], [ -127.095085111065316, 56.886794963471829 ], [ -127.059203994462422, 56.891852940732804 ], [ -127.050322894603681, 56.894886021950889 ], [ -126.959182991608969, 56.946517988068443 ], [ -126.929000934744323, 56.978580956430697 ], [ -126.914055050070914, 57.020248030373885 ], [ -126.913101104153895, 57.02537493847818 ], [ -126.937286044875307, 57.076438959689803 ], [ -126.930327888625158, 57.103541975761935 ], [ -126.923278919272974, 57.109112043224833 ], [ -126.902541961526097, 57.107395048035272 ], [ -126.884193092028426, 57.10256995679206 ], [ -126.850151033933955, 57.102299038312282 ], [ -126.792487920957328, 57.110603022732874 ], [ -126.781532021465011, 57.109303058242965 ], [ -126.763045939856283, 57.101252986990836 ], [ -126.744637117246512, 57.099213041792048 ], [ -126.724639976923015, 57.100360978991091 ], [ -126.714507906972941, 57.09782400476616 ], [ -126.702911972602521, 57.105391944516583 ], [ -126.662529028716548, 57.114529055620473 ], [ -126.641212961917205, 57.10944700410316 ], [ -126.633063997044516, 57.100712015968746 ], [ -126.615638966510147, 57.092357975713604 ], [ -126.586722968471548, 57.089195021216341 ], [ -126.533424066002183, 57.0993349998094 ], [ -126.425896112048051, 57.104388936358461 ], [ -126.410103096943658, 57.110138003470816 ], [ -126.399367925881847, 57.119385059978754 ], [ -126.36970507077254, 57.124966060042446 ], [ -126.359390113092033, 57.122971048513421 ], [ -126.345848066797473, 57.114685057232983 ], [ -126.298019994590859, 57.097545962373395 ], [ -126.266295979115966, 57.09714503676247 ], [ -126.238441024038892, 57.100844942816799 ], [ -126.20332298144146, 57.098511060618122 ], [ -126.18360895662768, 57.10074595480755 ], [ -126.145598994579132, 57.098670958339149 ], [ -126.131110900571997, 57.086913950415898 ], [ -126.13742803072472, 57.074509028512061 ], [ -126.129593018175683, 57.069091979345828 ], [ -126.043563884434647, 57.058498050720871 ], [ -126.015701103538632, 57.057616938637516 ], [ -125.975502011753832, 57.062954050995906 ], [ -125.972702079634757, 57.06528904851163 ], [ -125.917609981619691, 57.074912975889319 ], [ -125.886757050218961, 57.086486952114591 ], [ -125.880278977394724, 57.096817005355511 ], [ -125.87006398567064, 57.103085037033743 ], [ -125.842391976180394, 57.101146963508199 ], [ -125.822525044212298, 57.10581594620681 ], [ -125.814339114764806, 57.111827989616032 ], [ -125.808806937063878, 57.109237982087627 ], [ -125.800713000661432, 57.111167945244304 ], [ -125.750747944890293, 57.111912009186696 ], [ -125.727263965919633, 57.109519957103096 ], [ -125.714530889351963, 57.104125954554 ], [ -125.645126085178802, 57.140407942425917 ], [ -125.580573953777517, 57.160507039087094 ], [ -125.563003888660234, 57.159507940806918 ], [ -125.553779975216997, 57.163161961939373 ], [ -125.539589117091992, 57.161002940732203 ], [ -125.514083947935333, 57.155388044052842 ], [ -125.511939914750059, 57.151535034639743 ], [ -125.503670004795879, 57.151530947402101 ], [ -125.498535104150349, 57.147736032945673 ], [ -125.478614960976103, 57.142867944975684 ], [ -125.458428080510728, 57.133838964090266 ], [ -125.446975970512014, 57.134402995733453 ], [ -125.41253696168566, 57.123988936509605 ], [ -125.393538989812612, 57.12251998840776 ], [ -125.38115688337794, 57.128597053238416 ], [ -125.372817934470604, 57.129481945221677 ], [ -125.375115008140853, 57.137164997184271 ], [ -125.369613891388681, 57.140834998819564 ], [ -125.357642999618008, 57.141345942910618 ], [ -125.360351888990095, 57.142280986205577 ], [ -125.357101917711447, 57.152294025027423 ], [ -125.349601988726675, 57.154460959691626 ], [ -125.345336888145283, 57.152466048518818 ], [ -125.331092914513491, 57.159435053848725 ], [ -125.311195039242406, 57.153809010934168 ], [ -125.302741930282892, 57.154239997827858 ], [ -125.305931038710568, 57.161067971721309 ], [ -125.302231024002865, 57.162270063151524 ], [ -125.307159058855561, 57.166232962361448 ], [ -125.302323099841374, 57.174334961701561 ], [ -125.294144023055679, 57.173244032866421 ], [ -125.284133931621639, 57.167342943147489 ], [ -125.260842117198649, 57.162684972843977 ], [ -125.253013969952619, 57.149574005026288 ], [ -125.241699049084346, 57.14591596523902 ], [ -125.252097929941428, 57.128421984113402 ], [ -125.252426006910625, 57.11455497052436 ], [ -125.242507885743805, 57.105948937463609 ], [ -125.235038997019586, 57.102782944172759 ], [ -125.215034076803434, 57.104298004854748 ], [ -125.187187070188088, 57.093932939901848 ], [ -125.18098489792753, 57.086685051967834 ], [ -125.174606106212607, 57.084876948477245 ], [ -125.163094017489058, 57.069561030934551 ], [ -125.160689886744507, 57.053538992052189 ], [ -125.16693102693327, 57.049041944071128 ], [ -125.16551989391705, 57.045872025195571 ], [ -125.138572932070403, 57.038475003600304 ], [ -125.128730986441013, 57.038787945020566 ], [ -125.121329906359932, 57.026675953421723 ], [ -125.115546978871649, 57.026810047150498 ], [ -125.092215894261329, 57.035866034602115 ], [ -125.091315938553379, 57.039172970739443 ], [ -125.085541046385089, 57.038241994360654 ], [ -125.084312025651386, 57.048573013006163 ], [ -125.074135047655318, 57.050899007362212 ], [ -125.0624078821767, 57.062717057958203 ], [ -125.066139026668836, 57.066085979937021 ], [ -125.058051918933529, 57.070712997704355 ], [ -125.060744967665926, 57.074733983064412 ], [ -125.058539887915614, 57.080752997824995 ], [ -125.050934017002291, 57.083125969701122 ], [ -125.046776004321359, 57.089706011666152 ], [ -125.034836073875709, 57.092373042126226 ], [ -125.035782108108549, 57.094840973005823 ], [ -125.02552805163306, 57.101493966762106 ], [ -125.025336905662101, 57.105251002187472 ], [ -125.005423901457107, 57.117477037255377 ], [ -125.000579907955625, 57.117374035676406 ], [ -125.000190964563913, 57.12023894440722 ], [ -124.984328953935389, 57.124882002011326 ], [ -124.989066897666248, 57.12827694469356 ], [ -124.949470888671357, 57.142406028893873 ], [ -124.946587114915204, 57.145443055188778 ], [ -124.951362060755855, 57.148853000366501 ], [ -124.929236909531184, 57.163994011831925 ], [ -124.931335073440025, 57.168429988808342 ], [ -124.925033934516648, 57.169333991548974 ], [ -124.918365890157546, 57.177539939283385 ], [ -124.902901091670444, 57.184127947331099 ], [ -124.902763106126713, 57.188880978501608 ], [ -124.909141894498518, 57.193774980183285 ], [ -124.906883029295457, 57.196872951716607 ], [ -124.919441077163611, 57.207230006549011 ], [ -124.915749097031451, 57.211787990155131 ], [ -124.927154932618635, 57.21732702942063 ], [ -124.92293492852545, 57.221316944559781 ], [ -124.938575916765572, 57.226737959523923 ], [ -124.954788089400338, 57.238158971571011 ], [ -124.955879007385221, 57.24881696893209 ], [ -124.962775985235552, 57.257229042791387 ], [ -124.960198037236466, 57.26070797494517 ], [ -124.975319038364745, 57.275955052694634 ], [ -124.977065964226412, 57.288750024841974 ], [ -124.983696045906186, 57.289570016213844 ], [ -124.986739926420356, 57.295189030649446 ], [ -124.97212991617296, 57.310593021597242 ], [ -124.959823891886643, 57.316226955242769 ], [ -124.960990934558879, 57.320942045656743 ], [ -124.950745016662964, 57.322586029432529 ], [ -124.939475954006227, 57.328723946947164 ], [ -124.9349359485131, 57.335921962496037 ], [ -124.929131029454624, 57.335426014863359 ], [ -124.915984921423671, 57.340835959212015 ], [ -124.897240015735647, 57.342388036539333 ], [ -124.891173952548343, 57.338577049841305 ], [ -124.85971793919056, 57.33619304811873 ], [ -124.848495008783516, 57.33103904365457 ], [ -124.819885089833065, 57.342128977521 ], [ -124.807350019484232, 57.352859060711552 ], [ -124.797081010160781, 57.352924000430448 ], [ -124.735710001102944, 57.339706034661319 ], [ -124.707603978820345, 57.329372021460685 ], [ -124.705330093646481, 57.325725972207081 ], [ -124.695716990683707, 57.327423061880879 ], [ -124.671814074101761, 57.321392055613018 ], [ -124.645790083683622, 57.320258950757271 ], [ -124.639151942975346, 57.315253948716133 ], [ -124.594238073475751, 57.319542047103845 ], [ -124.560646116754896, 57.316474958718111 ], [ -124.556068101908679, 57.319667976952388 ], [ -124.526008095845128, 57.315646966963854 ], [ -124.522979980115551, 57.318328964045335 ], [ -124.507117884969787, 57.317406049273096 ], [ -124.499702907884782, 57.324191995734658 ], [ -124.48308596572528, 57.327243981286244 ], [ -124.455413933916574, 57.324164960442481 ], [ -124.444443102156626, 57.320209944178693 ], [ -124.419303928162535, 57.3249779373417 ], [ -124.412413977577856, 57.328552031407654 ], [ -124.370872928972688, 57.332996013417457 ], [ -124.356086940945346, 57.337447939139047 ], [ -124.342368927748922, 57.349978952077947 ], [ -124.336296017863688, 57.363879958157675 ], [ -124.332023957769678, 57.365325961018968 ], [ -124.3236238958347, 57.363899045018492 ], [ -124.305138111321924, 57.373324998917518 ], [ -124.305945967189089, 57.374901020837925 ], [ -124.302634952815822, 57.373989016299745 ], [ -124.303032107190759, 57.375846997031239 ], [ -124.288757024887261, 57.379508957442155 ], [ -124.24964100126175, 57.381999941950411 ], [ -124.22936198714217, 57.387408962746953 ], [ -124.188018937248842, 57.40332801926057 ], [ -124.183989922594776, 57.401844031169901 ], [ -124.172745083333325, 57.409659992777136 ], [ -124.170478955811433, 57.408520035802582 ], [ -124.167305015458894, 57.411879993763662 ], [ -124.168387914361531, 57.422481993473639 ], [ -124.15885902644861, 57.426044017401232 ], [ -124.155944888118597, 57.431229031350384 ], [ -124.166205938822912, 57.444846990515302 ], [ -124.166144921669186, 57.450703051117841 ], [ -124.120933995977765, 57.452038057730356 ], [ -124.086623927667617, 57.449287036655718 ], [ -124.1617740781127, 57.464806008555342 ], [ -124.20423903000551, 57.480769994295706 ], [ -124.296043074129912, 57.508484003069348 ], [ -124.331657052857722, 57.522269973799446 ], [ -124.336693069820299, 57.52812999917991 ], [ -124.332832009159389, 57.535014945308014 ], [ -124.367362986348382, 57.53770404724925 ], [ -124.387329030463349, 57.547382030547752 ], [ -124.412407064765375, 57.586903040540342 ], [ -124.451766905045076, 57.630931998308341 ], [ -124.510627990925457, 57.729060994543438 ], [ -124.516953102517903, 57.733517035409683 ], [ -124.572945054901723, 57.755108003902365 ], [ -124.580672995768083, 57.762561955416025 ], [ -124.573799021888007, 57.784030937952487 ], [ -124.5466309690987, 57.819453969122648 ], [ -124.538780073025691, 57.836413990487266 ], [ -124.493499949175003, 57.871605040666253 ], [ -124.426063104885969, 57.90961503679322 ], [ -124.391303967956745, 57.941508981399515 ], [ -124.362030051102749, 58.008178963879111 ], [ -124.347252112208622, 58.022716054000213 ], [ -124.319205915514203, 58.035187017240389 ], [ -124.238632088356411, 58.057448976337163 ], [ -124.120284896238857, 58.094626993738686 ], [ -124.08641105834613, 58.107780017498612 ], [ -124.073448076518048, 58.117747995942018 ], [ -124.034118105920626, 58.175082963872633 ], [ -124.017952083574642, 58.183284958675173 ], [ -124.005561963047555, 58.186802036585568 ], [ -123.952202118794233, 58.19387101310361 ], [ -123.834235992640089, 58.222286062586825 ], [ -123.743476881803517, 58.254158040557435 ], [ -123.682456909762962, 58.28254299953764 ], [ -123.671105000510607, 58.290272030627911 ], [ -123.654502934275754, 58.314887958024997 ], [ -123.643195915271761, 58.347435029046828 ], [ -123.642401973709227, 58.366085017977014 ], [ -123.655571116039184, 58.393454950314094 ], [ -123.692223096914958, 58.433754055074985 ], [ -123.743576069435946, 58.470950972377899 ], [ -123.780022105238771, 58.503956064557762 ], [ -123.78813197519186, 58.518035985029314 ], [ -123.789588897636477, 58.54161497647145 ], [ -123.773499019980861, 58.567204045980205 ], [ -123.749428109175426, 58.58871097867317 ], [ -123.715644892618741, 58.629733984267105 ], [ -123.718933075497958, 58.638218036582863 ], [ -123.738089974048876, 58.651428047394411 ], [ -123.860175998518514, 58.702351027982786 ], [ -123.960807948789594, 58.769340022275571 ], [ -123.965140916094086, 58.808940978785905 ], [ -123.958313098914616, 58.869590944579969 ], [ -123.967079050416018, 58.928222991323011 ], [ -124.009460064658569, 59.024055989553723 ], [ -124.033691919556972, 59.056660056608877 ], [ -124.058151088923282, 59.075820957460152 ], [ -124.028236068601529, 59.233440019839477 ], [ -124.006531035505517, 59.40785602914054 ], [ -123.993758948791168, 59.458259982597362 ], [ -123.999313023196265, 59.619319991831283 ], [ -124.019172936061466, 59.858978053534173 ], [ -124.0159070251364, 59.999999988140829 ] ] ] } },
{ "type": "Feature", "properties": { "NAME": "Samahquam", "SCALE": "1:250000" }, "geometry": { "type": "Polygon", "coordinates": [ [ [ -122.804889485533337, 50.067613001157703 ], [ -122.792054101026224, 50.040910078901561 ], [ -122.764479736926276, 50.033756630356031 ], [ -122.76268786523562, 50.023971981321083 ], [ -122.756461986185073, 50.021036023069513 ], [ -122.750358432519803, 50.021661630527014 ], [ -122.74510531237506, 50.017027275360945 ], [ -122.720608424693197, 50.024390966030055 ], [ -122.704460295305068, 50.020937729518486 ], [ -122.680517498504585, 50.023972733063829 ], [ -122.68103035273792, 50.00963762535617 ], [ -122.686604499539072, 50.002336140264894 ], [ -122.684796560626481, 49.993400120750508 ], [ -122.675608581645832, 49.981736434710498 ], [ -122.688949877881399, 49.977563726938172 ], [ -122.691042778942091, 49.969942307789559 ], [ -122.707625425919346, 49.960635888869845 ], [ -122.714456779423173, 49.949333776352113 ], [ -122.723975786680953, 49.952666663905617 ], [ -122.737445073280938, 49.953147639573388 ], [ -122.756397647206825, 49.944945852269676 ], [ -122.765085062266721, 49.945665315198568 ], [ -122.770449947003783, 49.942055908987435 ], [ -122.768135648934958, 49.931878906536191 ], [ -122.775815266043992, 49.929168769383239 ], [ -122.784793322887381, 49.931515266552921 ], [ -122.791375016303533, 49.936707931606001 ], [ -122.794672884122846, 49.928502141075263 ], [ -122.806480656682837, 49.917036872028909 ], [ -122.814445328612152, 49.916339347107424 ], [ -122.820082986478184, 49.918736186997741 ], [ -122.839979086187782, 49.917357755712437 ], [ -122.854299174830984, 49.923834452910214 ], [ -122.865165801406832, 49.904433632089571 ], [ -122.884065095514501, 49.893089875894745 ], [ -122.890637767964307, 49.892934365346477 ], [ -122.900306181447391, 49.897323265259217 ], [ -122.904503544147033, 49.905151760463127 ], [ -122.911746055094355, 49.91034265449241 ], [ -122.929538807730836, 49.916385433408422 ], [ -122.932668559355051, 49.915433908831808 ], [ -122.940536972385246, 49.909547015195919 ], [ -122.948833373576448, 49.908233322978987 ], [ -122.952140330570515, 49.901448608731627 ], [ -122.963865935425943, 49.898651158968612 ], [ -122.966826216665169, 49.885187692513199 ], [ -122.978188555591856, 49.878642581634885 ], [ -122.992959423234026, 49.860961711196445 ], [ -123.004756574360982, 49.85165724701973 ], [ -122.993222300520074, 49.852857883901216 ], [ -122.984244141601621, 49.851256028426505 ], [ -122.958409176637147, 49.833584834129702 ], [ -122.936391106565495, 49.830318899900909 ], [ -122.916490601855045, 49.831372098128703 ], [ -122.901895940552635, 49.822892507578828 ], [ -122.878826941106894, 49.826769729191469 ], [ -122.868831425083272, 49.819608354209784 ], [ -122.880486418993854, 49.803943805132072 ], [ -122.887561999835398, 49.800447580326171 ], [ -122.885754235994554, 49.796749125897179 ], [ -122.879314079243215, 49.787258022973354 ], [ -122.874725321056275, 49.786074888280886 ], [ -122.874398326188583, 49.779229799260762 ], [ -122.866351947425855, 49.775519600621614 ], [ -122.858784802664999, 49.778618192604924 ], [ -122.851370344416537, 49.775334956143119 ], [ -122.859794535503397, 49.766539923079904 ], [ -122.85964393532376, 49.759182298338757 ], [ -122.845145044682297, 49.746886411325143 ], [ -122.854221817664722, 49.741348607642543 ], [ -122.848579161380243, 49.740909636316132 ], [ -122.835761715979672, 49.733134444441831 ], [ -122.829570937938556, 49.727935686654426 ], [ -122.826510323389243, 49.717906781320991 ], [ -122.8183712829169, 49.713212665986852 ], [ -122.809645620141282, 49.71174154469977 ], [ -122.806372010204413, 49.708394656796195 ], [ -122.809729132587805, 49.700237690741929 ], [ -122.815605394215197, 49.697157573380906 ], [ -122.811921776373637, 49.690729549466809 ], [ -122.820533402282777, 49.688984781053804 ], [ -122.825185360685339, 49.683401783216667 ], [ -122.840692491473433, 49.679133748398755 ], [ -122.853846332055213, 49.667341228687143 ], [ -122.844932922197003, 49.660286876734496 ], [ -122.827809529135962, 49.656588389006217 ], [ -122.821336761090606, 49.646387696634918 ], [ -122.823492018812971, 49.639334724564833 ], [ -122.818759002891042, 49.635185387189971 ], [ -122.813782579403593, 49.634592838969482 ], [ -122.819202652631418, 49.628624494612936 ], [ -122.803840000796114, 49.624367504291882 ], [ -122.807531500473232, 49.618693577135197 ], [ -122.820766483289702, 49.612234171153574 ], [ -122.847509586049881, 49.614309778064332 ], [ -122.849240652000347, 49.606090919689414 ], [ -122.841674509741594, 49.605307277404066 ], [ -122.825562639084865, 49.596419859757759 ], [ -122.831441019626155, 49.59194471409289 ], [ -122.814938880895355, 49.579650726279418 ], [ -122.811847528057342, 49.572247583069526 ], [ -122.801991201253031, 49.568493828194832 ], [ -122.79632605958497, 49.572859934957464 ], [ -122.784001815784961, 49.574461139675563 ], [ -122.779011286372082, 49.570507528892108 ], [ -122.779341903582065, 49.56456713395302 ], [ -122.764593418752284, 49.559698900031393 ], [ -122.754005250329044, 49.559384548644665 ], [ -122.743113055732948, 49.56334555939182 ], [ -122.727990300668566, 49.565037995105207 ], [ -122.714504987818216, 49.559149929891127 ], [ -122.694372075410172, 49.559251423031377 ], [ -122.680110175208412, 49.554054380965404 ], [ -122.652841221057244, 49.526528167640883 ], [ -122.629648921022209, 49.518657742670335 ], [ -122.600732775652688, 49.50488040477844 ], [ -122.597772678789937, 49.496558893992272 ], [ -122.588532395956904, 49.491799588822623 ], [ -122.5842965054606, 49.484071327097588 ], [ -122.575081441086596, 49.479212080415444 ], [ -122.568115348820939, 49.478795004009584 ], [ -122.563484217793572, 49.474869331707346 ], [ -122.552214592584065, 49.475316476826869 ], [ -122.539872913239876, 49.470271363284006 ], [ -122.537855786405686, 49.465437542164281 ], [ -122.541672244471741, 49.461503951503083 ], [ -122.512527958889507, 49.459815173747337 ], [ -122.5052718339698, 49.46548715880725 ], [ -122.463989030869911, 49.470178475736041 ], [ -122.43500807890743, 49.460667802520391 ], [ -122.430097967096501, 49.476951559644199 ], [ -122.415658963066392, 49.484102453954755 ], [ -122.395812116413637, 49.485592598492232 ], [ -122.385148792949195, 49.477130637678165 ], [ -122.364865834507043, 49.47025683517402 ], [ -122.364054551054934, 49.457358078955039 ], [ -122.358965964882884, 49.452418722993201 ], [ -122.358158665801525, 49.435917401582351 ], [ -122.352864157180804, 49.426465601361102 ], [ -122.347490516631211, 49.423134225070292 ], [ -122.333072058151842, 49.421167503205474 ], [ -122.328786646810102, 49.417607651572311 ], [ -122.311891918493089, 49.412093317883752 ], [ -122.29531141910239, 49.410108989483192 ], [ -122.269801712251891, 49.401702206983131 ], [ -122.260767362771091, 49.402350913852842 ], [ -122.241074126588927, 49.409734236359135 ], [ -122.224188796497074, 49.41135822777877 ], [ -122.203367194552641, 49.418250815584273 ], [ -122.179659812183758, 49.4203608145625 ], [ -122.170731573778141, 49.418016870354151 ], [ -122.151353053893402, 49.431535331024818 ], [ -122.149276706939361, 49.4356623133243 ], [ -122.139159974828701, 49.439977048586691 ], [ -122.136688034749099, 49.446471058887255 ], [ -122.145744616502967, 49.453194660366819 ], [ -122.142516809170047, 49.463820916748837 ], [ -122.146521364794864, 49.46914861558686 ], [ -122.135864399489066, 49.476301494562364 ], [ -122.135581511387286, 49.482667857252288 ], [ -122.121949362530017, 49.48862332586215 ], [ -122.127464674120759, 49.496441243026119 ], [ -122.133592429205748, 49.499837936535833 ], [ -122.132308691768714, 49.513613127808874 ], [ -122.119406538671015, 49.51856631919447 ], [ -122.110244593068117, 49.53146696007822 ], [ -122.088325658595295, 49.538514779798177 ], [ -122.073921262346317, 49.54045123812179 ], [ -122.07292917512774, 49.547180511148888 ], [ -122.083702923069794, 49.555154884540585 ], [ -122.07575860153392, 49.567752058839375 ], [ -122.073372007602018, 49.579534288749507 ], [ -122.040568305536496, 49.579284982995141 ], [ -122.027223496683916, 49.576888875321757 ], [ -122.019563570565396, 49.572317778050511 ], [ -122.013830176650501, 49.566624741420796 ], [ -122.010942860941825, 49.557699598641811 ], [ -121.995388255744302, 49.547113450712011 ], [ -121.993366087684535, 49.532497008730751 ], [ -121.983365955496552, 49.517104551293535 ], [ -121.98519911760205, 49.500245951118686 ], [ -121.982635947072069, 49.496099203839712 ], [ -121.970795256672801, 49.485168888145189 ], [ -121.961571849204233, 49.481965156140454 ], [ -121.949935781151908, 49.481288916469339 ], [ -121.942261280567521, 49.489588924307178 ], [ -121.924435931618973, 49.492734743818353 ], [ -121.905230584924382, 49.49081851646968 ], [ -121.895626598093742, 49.49366412261022 ], [ -121.841022378926453, 49.489329457453316 ], [ -121.76866785359519, 49.532788457457045 ], [ -121.766837477004415, 49.536771785109728 ], [ -121.777548762069756, 49.563654804408756 ], [ -121.772940971280775, 49.573968334675747 ], [ -121.776143868819759, 49.586968591411242 ], [ -121.751996286284992, 49.590556086886394 ], [ -121.730972094550879, 49.607854276930652 ], [ -121.718654212134453, 49.602362027201146 ], [ -121.705461368873785, 49.602318659808049 ], [ -121.691639955465291, 49.605109119093399 ], [ -121.681430165439366, 49.612337707041924 ], [ -121.679202739376336, 49.621572697033294 ], [ -121.681319603682269, 49.630124109177615 ], [ -121.685322117965868, 49.632841153136155 ], [ -121.676502677158794, 49.647447478492907 ], [ -121.689257005968557, 49.656052360622532 ], [ -121.698463571856266, 49.657136677363169 ], [ -121.70270164292377, 49.668504389637853 ], [ -121.685038537245973, 49.688930526910369 ], [ -121.689712816463498, 49.69372833013054 ], [ -121.69565738225414, 49.695463996766883 ], [ -121.70156215959787, 49.702838709186601 ], [ -121.68252713792883, 49.714928736829279 ], [ -121.681322561355358, 49.719133627852841 ], [ -121.687690420286756, 49.722511572252053 ], [ -121.709631051753121, 49.722996458025101 ], [ -121.72971406042123, 49.730747143901731 ], [ -121.732441692290337, 49.735508306198575 ], [ -121.723381429578637, 49.740553844515958 ], [ -121.714193813141733, 49.742206212359065 ], [ -121.709562408758615, 49.748086796877246 ], [ -121.715302648726706, 49.763054994111002 ], [ -121.712911410313225, 49.770341217364631 ], [ -121.705055414333231, 49.773491797275511 ], [ -121.707705999138966, 49.778306616422782 ], [ -121.705655199432158, 49.787863154684381 ], [ -121.709112356718322, 49.790330307798662 ], [ -121.722290506967909, 49.792045961527307 ], [ -121.730542810450942, 49.79855441230572 ], [ -121.730871634687034, 49.813516237835543 ], [ -121.713170333854279, 49.821416269828511 ], [ -121.726580384346619, 49.834615696529376 ], [ -121.724110213550134, 49.841289565773693 ], [ -121.727285554459471, 49.84798053034703 ], [ -121.758293263732313, 49.851568419624044 ], [ -121.756260624169201, 49.864197575645484 ], [ -121.760394324393801, 49.871531987515993 ], [ -121.77190489993869, 49.870966412381605 ], [ -121.77976610329759, 49.862198734696619 ], [ -121.778630320485476, 49.854473888785336 ], [ -121.78441465600028, 49.851822814808301 ], [ -121.787053910051611, 49.844717723203708 ], [ -121.793681721642727, 49.840941687489376 ], [ -121.804447420796123, 49.84429129969017 ], [ -121.812304482204596, 49.853258754087953 ], [ -121.820201335272913, 49.854783031587452 ], [ -121.83053170986318, 49.849999151385269 ], [ -121.83855092015105, 49.852913078394678 ], [ -121.847926074975746, 49.862361000294882 ], [ -121.866740879869496, 49.863504382362265 ], [ -121.875607716718108, 49.870143256219542 ], [ -121.904929025088421, 49.872744524310946 ], [ -121.927903010581446, 49.867427627492496 ], [ -121.932214162550139, 49.860132379612864 ], [ -121.94334524577819, 49.855174951332749 ], [ -121.962183703014588, 49.859406168043357 ], [ -121.966196445135566, 49.857548676817096 ], [ -121.973211348268947, 49.848877341198062 ], [ -121.966133195881866, 49.838709058532281 ], [ -121.970420765203443, 49.835527174028535 ], [ -121.986699023120366, 49.83191090725014 ], [ -121.992936543427035, 49.824958515220828 ], [ -121.993289009882545, 49.818651891885615 ], [ -122.006364165086609, 49.820014974444113 ], [ -122.018408139959419, 49.816079052030673 ], [ -122.030959858198912, 49.816940224148098 ], [ -122.040183987566763, 49.818393149472527 ], [ -122.050462154496543, 49.830256156217636 ], [ -122.064370445961544, 49.833004657312479 ], [ -122.06934453077973, 49.83136272898998 ], [ -122.085901392473005, 49.840803795597417 ], [ -122.092397998240273, 49.841133675530571 ], [ -122.098573071911801, 49.844829125684399 ], [ -122.098527026625177, 49.84735171936844 ], [ -122.106053386138171, 49.848417387627677 ], [ -122.108211048791929, 49.853763229676133 ], [ -122.132614877216838, 49.87647046842217 ], [ -122.135502332234907, 49.884928793451671 ], [ -122.144890690840839, 49.889122345840576 ], [ -122.153438623683911, 49.901754720535571 ], [ -122.164227284504079, 49.910467570597611 ], [ -122.170348187880563, 49.913178348536626 ], [ -122.184885804666223, 49.908653852278647 ], [ -122.228145122159987, 49.916266742778753 ], [ -122.228568746582198, 49.92190899902527 ], [ -122.235799013152089, 49.926863262892553 ], [ -122.239069016148605, 49.940011933539218 ], [ -122.243597205054868, 49.945033375757667 ], [ -122.25739099322908, 49.952412358384827 ], [ -122.271554329084864, 49.967108815655571 ], [ -122.269913831732367, 49.971105430177964 ], [ -122.251925828773395, 49.977313771387152 ], [ -122.243652170609806, 49.986793995741714 ], [ -122.253075785498567, 49.990362785069038 ], [ -122.259615020195127, 50.004970784383467 ], [ -122.254898806853888, 50.009671530286241 ], [ -122.258293759732879, 50.016411921445851 ], [ -122.253502797350848, 50.025573223826314 ], [ -122.257659384939998, 50.043763534687699 ], [ -122.273841962820384, 50.050242732244548 ], [ -122.289214227686315, 50.053000140723512 ], [ -122.291366084604206, 50.059655431073381 ], [ -122.27955532778104, 50.072313838713406 ], [ -122.280112786689699, 50.082507563989729 ], [ -122.271027869849434, 50.087141268260936 ], [ -122.244011376198799, 50.094339107569681 ], [ -122.237816686794545, 50.106746351961498 ], [ -122.230247721015658, 50.109677940009846 ], [ -122.221876860663414, 50.119259237375374 ], [ -122.228858664886573, 50.126829300264625 ], [ -122.258760933327679, 50.123188085130579 ], [ -122.276602905871357, 50.138194631817136 ], [ -122.276497421756986, 50.141535232113021 ], [ -122.271922509257465, 50.14340436655344 ], [ -122.27284399660202, 50.146261224081229 ], [ -122.291709252769152, 50.155187374878665 ], [ -122.290121556255144, 50.160722439441685 ], [ -122.297800305308314, 50.172398247950738 ], [ -122.305322887062786, 50.174152321012748 ], [ -122.314377158179624, 50.172708632053109 ], [ -122.317565293654269, 50.186681422503376 ], [ -122.301719166596726, 50.192963913387807 ], [ -122.299542002422072, 50.200172882737085 ], [ -122.279431590381904, 50.202550188667416 ], [ -122.277924686283001, 50.21344138942856 ], [ -122.269570147978143, 50.218106441585029 ], [ -122.268657306000748, 50.222975361944385 ], [ -122.289373219817591, 50.223800924318816 ], [ -122.302665504229552, 50.229219288072294 ], [ -122.349283155861798, 50.229543655854705 ], [ -122.361953078937233, 50.233890463727654 ], [ -122.397919527463458, 50.233479793455011 ], [ -122.450371006518282, 50.228190559092319 ], [ -122.476529365598424, 50.219974115153221 ], [ -122.508083023773011, 50.218430145747099 ], [ -122.524316772213012, 50.212332505358553 ], [ -122.537478830891828, 50.198746568091615 ], [ -122.562122677476367, 50.201463751831099 ], [ -122.579932718102299, 50.214462555804602 ], [ -122.589006500805255, 50.214742333872088 ], [ -122.597795810080115, 50.210734890496312 ], [ -122.599558222999946, 50.203402061846603 ], [ -122.595826109289249, 50.188508915716469 ], [ -122.598360854429416, 50.187033729055031 ], [ -122.664000794963968, 50.192539458240539 ], [ -122.676376988472981, 50.189022048153063 ], [ -122.686957742493675, 50.176900426714639 ], [ -122.695159937744251, 50.155759789045788 ], [ -122.706850508237537, 50.144830887716189 ], [ -122.735294290858249, 50.144899199153571 ], [ -122.748771285677591, 50.151130384379904 ], [ -122.761894731870171, 50.153851680910648 ], [ -122.7723874049111, 50.151048654700254 ], [ -122.779473626833209, 50.136478811548265 ], [ -122.781450098400953, 50.117096266619924 ], [ -122.808467820259779, 50.094160066756942 ], [ -122.803963246617116, 50.080810058684563 ], [ -122.804889485533337, 50.067613001157703 ] ] ] } },
{ "type": "Feature", "properties": { "NAME": "Nuu-chah-nulth Tribal Council", "SCALE": "1:1000000" }, "geometry": { "type": "Polygon", "coordinates": [ [ [ -127.297393896790254, 49.937671411534787 ], [ -127.377528353267394, 49.880073172372789 ], [ -127.593071635739918, 49.768026645986843 ], [ -126.750877692119801, 49.234946886694665 ], [ -125.988192327822034, 48.875317781012328 ], [ -125.695336731837543, 49.038573381668634 ], [ -125.657187544206309, 49.0273594806266 ], [ -125.652634011023579, 49.027794806833626 ], [ -125.64396112687615, 49.031366073526989 ], [ -125.629053754470462, 49.046164064409098 ], [ -125.621774190652033, 49.045688734260047 ], [ -125.628769855276872, 49.025174814426741 ], [ -125.6285400331207, 49.022658918278012 ], [ -125.621629170479409, 49.01942057015723 ], [ -125.620025066109989, 49.013508624844462 ], [ -125.599511577190981, 49.015865003475867 ], [ -125.575939669237272, 49.01195697683157 ], [ -125.560597714256772, 49.01447029392704 ], [ -125.553463497443445, 49.01236103149806 ], [ -125.547268467625187, 49.002160947281062 ], [ -125.53919675360261, 49.010932187828949 ], [ -125.532553494409541, 49.01174980336021 ], [ -125.526202688527093, 49.003906775753251 ], [ -125.521962684515742, 49.003392769675152 ], [ -125.50987139214466, 49.008326286345444 ], [ -125.507824355240459, 49.004373296583047 ], [ -125.498898814473918, 49.000379339770973 ], [ -125.493483493368217, 49.011383479378502 ], [ -125.491742162226203, 49.025861955550603 ], [ -125.479311758387979, 49.032221830329021 ], [ -125.47422221746794, 49.041461435097339 ], [ -125.463055000617075, 49.044341249413868 ], [ -125.454403354189509, 49.050473836434016 ], [ -125.456080190622046, 49.053147260270642 ], [ -125.451473505143255, 49.055608690977124 ], [ -125.449074721195416, 49.063167952920139 ], [ -125.451929517939291, 49.069133479297101 ], [ -125.448013619606925, 49.073137714172979 ], [ -125.450707497752362, 49.077715927092555 ], [ -125.433387536938795, 49.099997544897001 ], [ -125.405061748921653, 49.10620933211478 ], [ -125.394350182964416, 49.116709310310853 ], [ -125.393861583890285, 49.12165778980615 ], [ -125.380258238936875, 49.12785482658429 ], [ -125.380417412235943, 49.135435492182921 ], [ -125.374445732896291, 49.139748924759679 ], [ -125.370845757994218, 49.150845295073303 ], [ -125.3598427986568, 49.151347564156303 ], [ -125.353022626660902, 49.157302002062011 ], [ -125.346225555712849, 49.159538400278159 ], [ -125.346065265959339, 49.167044829266274 ], [ -125.320951907758229, 49.170130044753307 ], [ -125.315724595095986, 49.167632332626766 ], [ -125.315687486946217, 49.162940404336624 ], [ -125.301484129466289, 49.157412160463508 ], [ -125.281725830208757, 49.156219985545178 ], [ -125.271306131431373, 49.151685045588636 ], [ -125.26553207874602, 49.144435222639309 ], [ -125.260476777725614, 49.142897275296697 ], [ -125.258673716866994, 49.134035778780834 ], [ -125.274782001439164, 49.121965453923963 ], [ -125.273735101110702, 49.116259885606354 ], [ -125.282219820076165, 49.110879341469889 ], [ -125.286058966457674, 49.104098975281445 ], [ -125.284228149532424, 49.100386738552679 ], [ -125.27820913815718, 49.098636013637694 ], [ -125.265514860483762, 49.103879638728429 ], [ -125.247278971293156, 49.102205124201276 ], [ -125.245696324233307, 49.093497414256042 ], [ -125.23666530144726, 49.08790595556097 ], [ -125.239200058681291, 49.080910650463657 ], [ -125.227599376880917, 49.076299419631127 ], [ -125.221530224485733, 49.070493663137547 ], [ -125.220565513008324, 49.059511760323609 ], [ -125.224568588595076, 49.056308535792951 ], [ -125.21480860429206, 49.056444735398259 ], [ -125.198380572148949, 49.051740705452666 ], [ -125.182945568524502, 49.052155637475565 ], [ -125.172856260775092, 49.047783773146847 ], [ -125.276987344783564, 48.980619304496344 ], [ -125.294333178022768, 48.980359678608004 ], [ -125.286884534681533, 48.974228812489642 ], [ -125.301056107302983, 48.976186399315047 ], [ -125.323080610109216, 48.970168676606214 ], [ -125.414279864340656, 48.87244300431005 ], [ -125.576441147284669, 48.754422346886855 ], [ -125.402585588681134, 48.695673014867708 ], [ -125.258098984299423, 48.832459277977328 ], [ -125.169374914507074, 48.866508163649918 ], [ -125.158599080063141, 48.876132474662271 ], [ -125.140427168796322, 48.882670467055483 ], [ -125.126652442950345, 48.893383984937572 ], [ -125.115068312722713, 48.893811185877375 ], [ -125.103352051375808, 48.898991074755351 ], [ -125.096209931388344, 48.905595239536886 ], [ -125.093494419593711, 48.91286682544181 ], [ -125.068250382723832, 48.923006526195152 ], [ -125.067358189847511, 48.940415066650132 ], [ -125.050531159665752, 48.95203703034916 ], [ -125.0316415699603, 48.955497093421705 ], [ -125.023630611236825, 48.965573057421508 ], [ -125.003485629706745, 48.977652362945236 ], [ -125.003015110868589, 48.980520510550633 ], [ -125.0138765201865, 48.99278618301782 ], [ -125.046720849727137, 49.00314096604766 ], [ -125.048255000036917, 49.008242016992867 ], [ -125.074202303593239, 49.014060566428846 ], [ -125.103738528433894, 49.01607603845553 ], [ -125.121668809716454, 49.029775177644467 ], [ -125.132593033292366, 49.034329859571521 ], [ -125.130976170385154, 49.037531126921735 ], [ -125.121286246126843, 49.041386909391377 ], [ -125.117454380756726, 49.046784698350464 ], [ -125.111822810952646, 49.048331925485861 ], [ -125.097581130680268, 49.048519362594085 ], [ -125.086283240792412, 49.042814569280672 ], [ -125.079601225331828, 49.042865566829718 ], [ -125.069361842733784, 49.058236599254649 ], [ -125.069391504719817, 49.068392765145596 ], [ -125.077355202253969, 49.07353030540861 ], [ -125.086225961994785, 49.07433534669633 ], [ -125.086266234172257, 49.078558214678935 ], [ -125.092405822662343, 49.081347193540495 ], [ -125.090086809890281, 49.086666455482927 ], [ -125.092701391807665, 49.09145117037481 ], [ -125.111810477271476, 49.094185551506669 ], [ -125.116618614681258, 49.100293116704336 ], [ -125.131493614779927, 49.100729356018 ], [ -125.133941754612337, 49.111057262144207 ], [ -125.141524578408266, 49.116105503559076 ], [ -125.160213939076741, 49.117783430807108 ], [ -125.162591066412546, 49.12028665777413 ], [ -125.173821341961755, 49.122894161658905 ], [ -125.183497256933364, 49.129917867176054 ], [ -125.196352879096509, 49.129762556495024 ], [ -125.198127473436074, 49.139579264322947 ], [ -125.216095278506316, 49.149001774212401 ], [ -125.211535552939722, 49.157880455002051 ], [ -125.212887143304002, 49.161374078934593 ], [ -125.2332732787807, 49.179362544390415 ], [ -125.225771169145915, 49.192946206683288 ], [ -125.214636187272745, 49.190831321936066 ], [ -125.200876650085704, 49.183591962865869 ], [ -125.192857408447523, 49.186898789926758 ], [ -125.17031951789528, 49.182703918901005 ], [ -125.166085671625027, 49.184966656872312 ], [ -125.160955534413986, 49.195863727535318 ], [ -125.145197082297784, 49.196334017660966 ], [ -125.143147769681875, 49.191501925649426 ], [ -125.138762285792879, 49.191475975896623 ], [ -125.118353970492706, 49.180625976773719 ], [ -125.111877958606627, 49.170292697160789 ], [ -125.081774327502728, 49.165674355885287 ], [ -125.075032972462608, 49.157487794535506 ], [ -125.074915216442704, 49.146188992181635 ], [ -125.040804527676528, 49.142271557101324 ], [ -124.977779083511635, 49.074997383600241 ], [ -124.906461538144754, 48.987665964563739 ], [ -124.859827020719933, 49.001191964635105 ], [ -124.829838054885457, 48.992377559769608 ], [ -124.781844465354808, 48.985242648127191 ], [ -124.746352877536509, 48.972910728963676 ], [ -124.731843356253592, 48.989246824421777 ], [ -124.724205275412871, 48.991569649283676 ], [ -124.716831816007812, 49.002116736404567 ], [ -124.701861823127032, 48.995516043921668 ], [ -124.695918313090644, 48.999145082737925 ], [ -124.68316821767786, 49.002051111752188 ], [ -124.673421136313678, 48.998193918423411 ], [ -124.665401842658568, 49.006055024134966 ], [ -124.657001201100442, 49.002870469886489 ], [ -124.638705238836835, 49.002468835374934 ], [ -124.634496187726668, 49.004945819249365 ], [ -124.64376457337643, 49.021461534752476 ], [ -124.621691713981576, 49.024764390113688 ], [ -124.631145252044178, 49.041003921414635 ], [ -124.637638210157348, 49.042311109464464 ], [ -124.649633763319159, 49.051323073262601 ], [ -124.646294028955481, 49.054324556121372 ], [ -124.648195670260648, 49.063217825740985 ], [ -124.63763774430295, 49.082560621719914 ], [ -124.644419829195002, 49.094819736245377 ], [ -124.618505896999338, 49.110687881492019 ], [ -124.604702423715324, 49.109195178509843 ], [ -124.592325123130479, 49.104910156023337 ], [ -124.582291158405937, 49.105516692070218 ], [ -124.577017084878676, 49.10840933098779 ], [ -124.576731176476343, 49.125377635459252 ], [ -124.587321243176532, 49.14718851020519 ], [ -124.579692179237142, 49.155299127240006 ], [ -124.580010578786585, 49.161920658257053 ], [ -124.584849675008741, 49.164064065874918 ], [ -124.598694132454952, 49.16335377326611 ], [ -124.608677434915151, 49.171261771461673 ], [ -124.618947784693034, 49.170079501324416 ], [ -124.629008074594239, 49.1746104067864 ], [ -124.645579233877285, 49.177745907322738 ], [ -124.655959997759751, 49.186032313898664 ], [ -124.70996383984226, 49.205696251889115 ], [ -124.707900339549269, 49.221227182049823 ], [ -124.699159723240825, 49.230655184990248 ], [ -124.689693288627282, 49.231638849123073 ], [ -124.676188066671315, 49.228458310949179 ], [ -124.670155163982386, 49.228825202687013 ], [ -124.668931989660663, 49.230817555692745 ], [ -124.673820807985734, 49.234973642396746 ], [ -124.676472125351538, 49.249301039606117 ], [ -124.69285430004301, 49.261175739138778 ], [ -124.700686169633329, 49.275150410408258 ], [ -124.70681910937158, 49.277312320456829 ], [ -124.711509472834408, 49.275559134830239 ], [ -124.719084781827917, 49.282202121300628 ], [ -124.733098125980945, 49.287065971392217 ], [ -124.73634290019875, 49.293503686791993 ], [ -124.734222992708041, 49.302722786177817 ], [ -124.749432238192369, 49.31295368951249 ], [ -124.766916541244626, 49.305089978268242 ], [ -124.77360550443224, 49.305715140278423 ], [ -124.79450006857266, 49.311206608519818 ], [ -124.828596235469732, 49.33237237811619 ], [ -124.848228126758144, 49.336291335815311 ], [ -124.857659471599746, 49.325735158181097 ], [ -124.882628141249171, 49.310137552505353 ], [ -124.877563726107681, 49.295117200906155 ], [ -124.883051137935865, 49.291438805564304 ], [ -124.921297653819309, 49.287696191413914 ], [ -124.961421803388887, 49.265434624253523 ], [ -124.967619299170693, 49.264548972470315 ], [ -125.01257357890897, 49.274474227859869 ], [ -125.047557749189238, 49.265886805667186 ], [ -125.099357315020342, 49.275646894733654 ], [ -125.130950038556122, 49.271378513649928 ], [ -125.138262630039748, 49.26870996650662 ], [ -125.143228418164767, 49.261495029727016 ], [ -125.152393871786245, 49.257958129612405 ], [ -125.166475126069045, 49.258796824277859 ], [ -125.173900504054131, 49.251104340441529 ], [ -125.187781199220808, 49.247618403837528 ], [ -125.189387112370639, 49.244453212167862 ], [ -125.210030699044438, 49.242473121720522 ], [ -125.227812543490586, 49.246634147769811 ], [ -125.231338117986056, 49.254156842808953 ], [ -125.240709347429856, 49.254313174798604 ], [ -125.247927209734826, 49.256928859064729 ], [ -125.265468016223494, 49.257796680000418 ], [ -125.285576209554307, 49.24974116200061 ], [ -125.293994009574675, 49.249373525798646 ], [ -125.298929679712714, 49.25149382459886 ], [ -125.302400632429581, 49.249408632128784 ], [ -125.320305530469952, 49.249047400205562 ], [ -125.323905533520175, 49.255325350804021 ], [ -125.323062561694897, 49.261368340423694 ], [ -125.339415418449008, 49.268750875594563 ], [ -125.345967032493888, 49.276323913443349 ], [ -125.355144738590539, 49.277900122201387 ], [ -125.356495658055763, 49.282471213976301 ], [ -125.370289394791499, 49.292128464682222 ], [ -125.386368993159934, 49.295586933435452 ], [ -125.389458348697886, 49.301949279805442 ], [ -125.406727841203065, 49.30835424343276 ], [ -125.437044435139171, 49.309002384038088 ], [ -125.454103359421225, 49.304887077765756 ], [ -125.473848001006687, 49.304742021547831 ], [ -125.481105177982485, 49.309384892695924 ], [ -125.49576265946699, 49.310966186855751 ], [ -125.50201591642012, 49.315971884105025 ], [ -125.510275472927972, 49.315928625340753 ], [ -125.515225465525276, 49.319604692709653 ], [ -125.55251197578373, 49.330897554958639 ], [ -125.553247693464471, 49.340940574559902 ], [ -125.548657956875914, 49.34384041320385 ], [ -125.552912317935366, 49.353368135469601 ], [ -125.54414013689437, 49.356602442976047 ], [ -125.540822159759315, 49.362370181054622 ], [ -125.543715268390258, 49.363889880042635 ], [ -125.544467564733296, 49.370197769881422 ], [ -125.564307554588041, 49.379673132781114 ], [ -125.572721872279331, 49.3792701577743 ], [ -125.578386011195079, 49.382274638189493 ], [ -125.579531820827938, 49.389203277705732 ], [ -125.57651928342284, 49.393516788881982 ], [ -125.582021955266782, 49.405296167509277 ], [ -125.589844846165349, 49.408161874890673 ], [ -125.602185276482786, 49.406274278534475 ], [ -125.605689338503581, 49.409847851816366 ], [ -125.613022060120542, 49.410518933071486 ], [ -125.613121939872357, 49.413080647979299 ], [ -125.610404406629399, 49.4163627793993 ], [ -125.598423347482623, 49.419637597477823 ], [ -125.5951502333468, 49.431199505197348 ], [ -125.583038446581327, 49.428628003752706 ], [ -125.570828650081381, 49.434963787538258 ], [ -125.552265953346364, 49.43284725060365 ], [ -125.554001065019335, 49.441535336095363 ], [ -125.574365061123203, 49.449684014799629 ], [ -125.574266150787196, 49.45936624233849 ], [ -125.569684193830327, 49.462607903859421 ], [ -125.561697749796878, 49.463234990064585 ], [ -125.560781237167276, 49.46876101930507 ], [ -125.555543197807964, 49.472178569633719 ], [ -125.561207910195535, 49.484099190472399 ], [ -125.555222827883796, 49.487474171298352 ], [ -125.543257950908881, 49.48892279136399 ], [ -125.520128173074241, 49.478834989652391 ], [ -125.51219726920425, 49.480177328437605 ], [ -125.501653829947244, 49.478751713161117 ], [ -125.497411040219177, 49.480454275825188 ], [ -125.491881775779262, 49.503159705301329 ], [ -125.482772857597695, 49.514826139432408 ], [ -125.485372593797607, 49.518626978751783 ], [ -125.482201606716288, 49.518611906714305 ], [ -125.475246418462135, 49.526155166268431 ], [ -125.482622274164413, 49.528256965341285 ], [ -125.484682275380081, 49.533088091927169 ], [ -125.501489005867555, 49.542809340598041 ], [ -125.501856124366142, 49.557963651283266 ], [ -125.51669592913359, 49.579898128557211 ], [ -125.51665258125422, 49.584030428594183 ], [ -125.525592910138784, 49.589235087209481 ], [ -125.536331622609808, 49.652812686804552 ], [ -125.560538291878075, 49.698190476186298 ], [ -125.560073878972602, 49.719018709769522 ], [ -125.584739866685027, 49.749412447140436 ], [ -125.591793972539691, 49.762349389271286 ], [ -125.611828019796491, 49.779980382350089 ], [ -125.605976149687066, 49.81180291057548 ], [ -125.616477562902091, 49.827675449029236 ], [ -125.61485415297787, 49.83111225686514 ], [ -125.624139611461459, 49.846047478666918 ], [ -125.633182186310165, 49.851700678896407 ], [ -125.642517751291393, 49.870644560942537 ], [ -125.664137044227132, 49.887325234294096 ], [ -125.677547383159862, 49.892476862207751 ], [ -125.705641656363781, 49.92079542213321 ], [ -125.713573726781036, 49.920816434056881 ], [ -125.721824895497562, 49.917737296667205 ], [ -125.731163000643221, 49.920509187404271 ], [ -125.731581338551663, 49.924848594061977 ], [ -125.725914416458281, 49.932884676637158 ], [ -125.730277857756818, 49.938818516357529 ], [ -125.724799222036822, 49.953866248678693 ], [ -125.769158980526583, 49.959790807813512 ], [ -125.774717906256654, 49.957246668865459 ], [ -125.776320388232421, 49.953161269828811 ], [ -125.772383593055409, 49.948553663090571 ], [ -125.778743075209036, 49.943455764259994 ], [ -125.806466070012561, 49.941974625891802 ], [ -125.819125349280185, 49.944551975770942 ], [ -125.827078120130068, 49.93536510510647 ], [ -125.824728868792121, 49.928716795963268 ], [ -125.84770638550259, 49.922617872454516 ], [ -125.860362627900329, 49.925190529087573 ], [ -125.867505993032822, 49.91804390576781 ], [ -125.864385135604323, 49.90321749880831 ], [ -125.874690356146715, 49.896074063853348 ], [ -125.881807127919473, 49.89659337820089 ], [ -125.892074371232553, 49.903759667233146 ], [ -125.898404661973984, 49.903765719041537 ], [ -125.908696680521672, 49.900196660099141 ], [ -125.913338126446618, 49.900200429377875 ], [ -125.914706913139113, 49.906911514176834 ], [ -125.908488296739478, 49.915659205100106 ], [ -125.920062417459704, 49.926819867060701 ], [ -125.916114034021049, 49.954124273278282 ], [ -125.909772725968438, 49.956163572714672 ], [ -125.90816903372621, 49.965872453936193 ], [ -125.897061355563963, 49.973017615750443 ], [ -125.893888971739159, 49.979125500140192 ], [ -125.904961536468136, 49.984779545050252 ], [ -125.903856459689678, 49.994746898484756 ], [ -125.916755400864943, 50.001206421693276 ], [ -125.914893830588454, 50.01915982644671 ], [ -125.944495783544042, 50.000473804372866 ], [ -125.954483598260808, 49.999405723729758 ], [ -125.96130361651079, 50.00602360516929 ], [ -125.982071410645332, 50.001015678799355 ], [ -125.999611112434579, 50.010616625670608 ], [ -126.006744206750582, 50.002924029587412 ], [ -126.016527097482381, 50.001836838092856 ], [ -126.033169864723845, 50.011049334211201 ], [ -126.054055751052317, 50.01477539025165 ], [ -126.06418023989032, 50.013138765450528 ], [ -126.072622417077241, 50.014508462201917 ], [ -126.088815195375034, 50.029886655158009 ], [ -126.103917338789003, 50.032485596873364 ], [ -126.109136013996263, 50.028564227282473 ], [ -126.131766654281392, 50.030087409699959 ], [ -126.137529555206342, 50.023272557569122 ], [ -126.158482501332941, 50.017621507027471 ], [ -126.17362449219867, 50.021769534165948 ], [ -126.178390498899546, 50.02079151826792 ], [ -126.181147033638709, 50.014787688575446 ], [ -126.179017078828281, 49.999558073436894 ], [ -126.173735021422658, 49.993775535418955 ], [ -126.182562488315597, 49.994345600630233 ], [ -126.195688627133308, 49.984228214059392 ], [ -126.198795478117503, 49.991469086125434 ], [ -126.205030052253136, 49.993445664881051 ], [ -126.210276390879386, 49.998568783519623 ], [ -126.206090095571341, 50.004289043325933 ], [ -126.206744595525876, 50.009045988853501 ], [ -126.218777004508965, 50.014493878874084 ], [ -126.231095796974856, 50.014618120436211 ], [ -126.263009474006097, 49.989398820266231 ], [ -126.271306309644388, 49.986716833522053 ], [ -126.28642233394099, 49.98879855326301 ], [ -126.296766687487874, 49.98533382738723 ], [ -126.301561082599335, 49.98118165183854 ], [ -126.307982572277595, 49.966879039528273 ], [ -126.321590210079989, 49.959448846090048 ], [ -126.324778149397417, 49.953471627097954 ], [ -126.344613084428559, 49.951305500610786 ], [ -126.350338366716798, 49.947965125605258 ], [ -126.355318064370877, 49.942010396463061 ], [ -126.343238142632444, 49.93254053936159 ], [ -126.343333667427771, 49.922661453989058 ], [ -126.37105780434473, 49.915343026106598 ], [ -126.373142521130305, 49.911915195169122 ], [ -126.383249584574273, 49.908007150374367 ], [ -126.392175379194583, 49.907150019242344 ], [ -126.415415139957801, 49.91049079748808 ], [ -126.419826104894099, 49.915019844596848 ], [ -126.432246962078452, 49.916919382729887 ], [ -126.45812608759951, 49.907387585318304 ], [ -126.466649584804799, 49.910474573570411 ], [ -126.471227783139369, 49.918324968864944 ], [ -126.478089423620006, 49.920498209376746 ], [ -126.469899444173677, 49.928528816431147 ], [ -126.471125115760827, 49.934370273640425 ], [ -126.475678170347862, 49.940002850246813 ], [ -126.484406504620353, 49.942999235766685 ], [ -126.484103933518099, 49.945668752715321 ], [ -126.476533181635048, 49.949776648528562 ], [ -126.492754775045881, 49.965224898557317 ], [ -126.503385967886317, 49.961303154677751 ], [ -126.512929661905844, 49.961526443396217 ], [ -126.519101120838457, 49.971661862866796 ], [ -126.543383814879192, 49.981030401957781 ], [ -126.553074648470428, 49.981026959142241 ], [ -126.572275058982015, 49.991861496236133 ], [ -126.567948844893664, 50.000303835662542 ], [ -126.556228650598683, 50.002728377935604 ], [ -126.546830527028973, 50.011390850881831 ], [ -126.548140619982988, 50.015340731717799 ], [ -126.553142134122183, 50.016512529294793 ], [ -126.555417406249234, 50.019807873669365 ], [ -126.563607015750748, 50.021303545201071 ], [ -126.555122662573069, 50.034858735777561 ], [ -126.57023048454792, 50.049568651469087 ], [ -126.56341851517189, 50.055887853287622 ], [ -126.563170204647122, 50.059031708158628 ], [ -126.567195109504297, 50.059380738513504 ], [ -126.571297983848055, 50.066013221110211 ], [ -126.571960575534092, 50.073033710015558 ], [ -126.567393025710572, 50.075275046741474 ], [ -126.651524057622524, 50.08517530407881 ], [ -126.65307902074052, 50.092896854916944 ], [ -126.667788538317566, 50.091388209204318 ], [ -126.68367956303365, 50.106267464170607 ], [ -126.697686795010725, 50.114360098070428 ], [ -126.718566619509545, 50.115394465625542 ], [ -126.723148376632523, 50.111561887251909 ], [ -126.743716202192104, 50.10381064111256 ], [ -126.765231701455889, 50.115430661918019 ], [ -126.776277462460627, 50.115335370243827 ], [ -126.781143446430022, 50.119382237062993 ], [ -126.787990459581906, 50.120663915095271 ], [ -126.78706096088473, 50.131610784313111 ], [ -126.780974016873103, 50.133955396798576 ], [ -126.77001147823151, 50.134275278367376 ], [ -126.763043192528002, 50.140031993390117 ], [ -126.769224268104438, 50.148942315977521 ], [ -126.783149569492522, 50.155496237710665 ], [ -126.788562299006813, 50.167377175580548 ], [ -126.779576102135835, 50.174830007917144 ], [ -126.784353454177804, 50.177411902503529 ], [ -126.794445191509794, 50.175550866496266 ], [ -126.803876249750019, 50.168048625987048 ], [ -126.807260738623299, 50.168635151187964 ], [ -126.809748919295714, 50.174702455371758 ], [ -126.818383747470904, 50.170557703079574 ], [ -126.815931522717051, 50.158746236571055 ], [ -126.818204429448954, 50.147375993871272 ], [ -126.822093014559485, 50.14340972824079 ], [ -126.838274529082852, 50.136896342142016 ], [ -126.834387149007711, 50.133195223796463 ], [ -126.836351289801428, 50.128173168046153 ], [ -126.830660669513691, 50.119118759792642 ], [ -126.830307650899385, 50.109736171881501 ], [ -126.823233661408565, 50.103613309223185 ], [ -126.817768571325715, 50.092012144735953 ], [ -126.823536528330365, 50.090989229085068 ], [ -126.835223037441452, 50.075860754875379 ], [ -126.832261104798292, 50.071280223045882 ], [ -126.838460688567437, 50.06957893888611 ], [ -126.845614347433141, 50.061351986455222 ], [ -126.84371474195801, 50.056071237735438 ], [ -126.856127633689795, 50.043280690283304 ], [ -126.85406393560956, 50.038208053218973 ], [ -126.857567040679797, 50.035186884341591 ], [ -126.868787614821656, 50.034298590047072 ], [ -126.870356833375581, 50.028019616319 ], [ -126.878952948851847, 50.019967314990154 ], [ -126.889195722271751, 50.023535203149898 ], [ -126.898468867879728, 50.02314508968842 ], [ -126.905686485138332, 50.028884950799899 ], [ -126.921029862284769, 50.032524594052681 ], [ -126.931110755134881, 50.028546605471995 ], [ -126.94206414563071, 50.029729960810627 ], [ -126.967763402918521, 50.045618243652498 ], [ -126.975040842964688, 50.045742745821947 ], [ -126.991290162894302, 50.039789355193115 ], [ -126.995308888981555, 50.033935928614198 ], [ -126.980484320974469, 50.021625659373058 ], [ -126.977579882400406, 50.00787712153619 ], [ -126.984940159919319, 50.005653468387614 ], [ -126.998675628831194, 49.996448184855154 ], [ -127.012857083339625, 49.992505922651766 ], [ -127.017855611116175, 49.983998670934263 ], [ -127.032510685773474, 49.975346710943299 ], [ -127.031878195355787, 49.970802839889032 ], [ -127.044700863513825, 49.966428395329956 ], [ -127.050301748166916, 49.967525885220041 ], [ -127.058552820579095, 49.96567520540399 ], [ -127.068222694761616, 49.968494863852179 ], [ -127.074278397565521, 49.964002742206972 ], [ -127.086956935162874, 49.966701348207273 ], [ -127.101587815788605, 49.963588096237331 ], [ -127.11671521995423, 49.954640935099405 ], [ -127.122946018312078, 49.954703221282728 ], [ -127.131753688813205, 49.963712714506606 ], [ -127.154663462207793, 49.96791610193808 ], [ -127.170155845452882, 49.974100369818999 ], [ -127.19018006335115, 50.001517080038191 ], [ -127.215546995780372, 49.999620713348982 ], [ -127.264724778709379, 49.973102504520213 ], [ -127.297393896790254, 49.937671411534787 ] ], [ [ -124.856783808633253, 49.199611344456216 ], [ -124.823469332806525, 49.189890705969788 ], [ -124.82288097907751, 49.184978077777707 ], [ -124.832537919159904, 49.176449940793006 ], [ -124.85613383591145, 49.177000106989411 ], [ -124.856783808633253, 49.199611344456216 ] ], [ [ -124.937257992276045, 49.076630200305082 ], [ -124.931652780436167, 49.086145318452751 ], [ -124.911830917450416, 49.094589775232187 ], [ -124.907848920997722, 49.095242664745221 ], [ -124.884192895002698, 49.085780315052958 ], [ -124.854945305472768, 49.069995515518798 ], [ -124.861431532242349, 49.067507349763872 ], [ -124.862328763150472, 49.045304116150426 ], [ -124.883690356960528, 49.047383064689136 ], [ -124.91267327075586, 49.059079251577025 ], [ -124.916598854574985, 49.06307155972577 ], [ -124.932363309814448, 49.070054110351272 ], [ -124.937257992276045, 49.076630200305082 ] ] ] } },
{ "type": "Feature", "properties": { "NAME": "Hul'qumi'num Treaty Group (Core)", "SCALE": "n/a" }, "geometry": { "type": "Polygon", "coordinates": [ [ [ -122.912963000022003, 49.194790001202165 ], [ -122.883742000316957, 49.214464000965862 ], [ -122.860879000169163, 49.221535000370899 ], [ -122.802218999618546, 49.220138000956226 ], [ -122.773724000399824, 49.214604000913539 ], [ -122.761339999379445, 49.216085000987569 ], [ -122.757265000210495, 49.219775000611172 ], [ -122.764911000264902, 49.226759000907755 ], [ -122.773781000364707, 49.228114000908079 ], [ -122.799909000452018, 49.222357000673327 ], [ -122.820575999288295, 49.221116000368546 ], [ -122.837486000435462, 49.22139600046215 ], [ -122.872624999719307, 49.226228000463486 ], [ -122.881484000588301, 49.225016000554007 ], [ -122.888537000191405, 49.222509001199825 ], [ -122.924865000428525, 49.196330001203485 ], [ -122.968792999667613, 49.171419000567838 ], [ -122.990648000522782, 49.167941000419077 ], [ -123.016360000611982, 49.159317000425254 ], [ -123.052861000334545, 49.151212000434995 ], [ -123.096119000217627, 49.121696000850655 ], [ -123.124536000475089, 49.112841000745441 ], [ -123.134112000601604, 49.112095001041851 ], [ -123.142775999643831, 49.113019000419101 ], [ -123.173448000122733, 49.12745000039164 ], [ -123.187758999299703, 49.130206000875859 ], [ -123.199302000122088, 49.129617001149796 ], [ -123.210742999279418, 49.166749001178324 ], [ -123.226164000265044, 49.185798000309916 ], [ -123.237560999830478, 49.193085000420012 ], [ -123.308150000035013, 49.220514000878886 ], [ -123.326864999989525, 49.22447600076697 ], [ -123.372230999755857, 49.228311000789525 ], [ -123.551128999645158, 49.226068000847256 ], [ -123.631349000007262, 49.218589000559071 ], [ -123.655447999704364, 49.213895000555866 ], [ -123.684051000593854, 49.202332000808639 ], [ -123.693242999826225, 49.192584000799506 ], [ -123.716608999668679, 49.152391001180703 ], [ -123.742290000150817, 49.138713000809446 ], [ -123.75063700057801, 49.138490000831965 ], [ -123.782027000386847, 49.146530000983446 ], [ -123.810324000139175, 49.144609000997917 ], [ -123.821822000258507, 49.13305900064195 ], [ -123.827480999817482, 49.117008000613559 ], [ -123.845024000404237, 49.110440000652389 ], [ -123.850837000136138, 49.086217000781474 ], [ -123.839302999659424, 49.07170900051085 ], [ -123.872813999902334, 49.082647000660501 ], [ -123.878931999936626, 49.071663000569416 ], [ -123.884555000415858, 49.071396000719062 ], [ -123.885377999612601, 49.068725001135796 ], [ -123.894564999584858, 49.069997001143086 ], [ -123.898723000519382, 49.068273000890372 ], [ -123.909958000467583, 49.07508500091906 ], [ -123.91499799939831, 49.072159000458413 ], [ -123.923968000073273, 49.072627001001798 ], [ -123.928111999869586, 49.069768000963393 ], [ -123.933724000321376, 49.072605000537813 ], [ -123.942924000636708, 49.072194000619859 ], [ -123.94509199990803, 49.069296000610791 ], [ -123.953999999432398, 49.068248001115677 ], [ -123.961889000448423, 49.064241000536597 ], [ -123.96557300026889, 49.064563000882181 ], [ -123.969980999545768, 49.07165800068082 ], [ -123.988154000520566, 49.073092000961438 ], [ -124.008944999552781, 49.071464000775087 ], [ -124.01569600042663, 49.077635000505012 ], [ -124.020817999862288, 49.077141000984362 ], [ -124.024578000020639, 49.080192000970996 ], [ -124.028713999508412, 49.075901000455758 ], [ -124.033182000377394, 49.075773000308473 ], [ -124.034996999944184, 49.078115000317901 ], [ -124.048102000015746, 49.0757930009026 ], [ -124.052936000224349, 49.077602000716595 ], [ -124.056322999567627, 49.072835000404517 ], [ -124.100767999967232, 49.080967000988316 ], [ -124.095818999946289, 49.082380000589033 ], [ -124.098054999537652, 49.086698001120865 ], [ -124.121806999429367, 49.092586000533188 ], [ -124.131902999905321, 49.091524001165553 ], [ -124.132351000119073, 49.104611000512449 ], [ -124.135233999670319, 49.108051000678465 ], [ -124.148786999702395, 49.113912000714997 ], [ -124.163025000351709, 49.115646000495815 ], [ -124.175612000032487, 49.119980000984697 ], [ -124.200313999891236, 49.115705000662928 ], [ -124.214272999685562, 49.118222000789231 ], [ -124.225571000214401, 49.115921001192525 ], [ -124.240189000149272, 49.129533001182281 ], [ -124.266562999668565, 49.138122001018708 ], [ -124.269237999771448, 49.143800000926916 ], [ -124.260872999871609, 49.148115000890527 ], [ -124.26053600025341, 49.151155000690373 ], [ -124.266412000606152, 49.160743000968182 ], [ -124.274479999446726, 49.159305000570541 ], [ -124.273640000436927, 49.152590000552479 ], [ -124.288370000388682, 49.145486001088408 ], [ -124.297750000192167, 49.135499001177465 ], [ -124.305337999520589, 49.116685000955108 ], [ -124.313904999922443, 49.112422000824083 ], [ -124.322217999483399, 49.112197000950793 ], [ -124.326830000318495, 49.117776000732015 ], [ -124.336240000391484, 49.119745000696774 ], [ -124.337700000086826, 49.122976000921796 ], [ -124.349952999641147, 49.128145000726455 ], [ -124.357458000125433, 49.13438100081747 ], [ -124.364648999865594, 49.13471000114022 ], [ -124.369776999421276, 49.143934001042865 ], [ -124.401589999570064, 49.143255000838735 ], [ -124.407982000324452, 49.139502000400576 ], [ -124.405426000003516, 49.134932000827739 ], [ -124.416804000469654, 49.129450000374995 ], [ -124.423448999950068, 49.127285001033989 ], [ -124.436944000642924, 49.128949001026719 ], [ -124.436232999534909, 49.126065000311428 ], [ -124.425901000581888, 49.119672000428103 ], [ -124.430886999697307, 49.114198001125921 ], [ -124.43911400015557, 49.114631000889972 ], [ -124.451349000041333, 49.119944000892581 ], [ -124.465892999413768, 49.110508000707306 ], [ -124.475338999341588, 49.116406000525188 ], [ -124.487055000398485, 49.119858001193968 ], [ -124.493809999824478, 49.119123000540434 ], [ -124.515158000603947, 49.126258000305739 ], [ -124.524148999481227, 49.122388000795631 ], [ -124.530901000322373, 49.113703000438107 ], [ -124.523004999604026, 49.101339000431146 ], [ -124.526672000604037, 49.077424000322473 ], [ -124.517558000347734, 49.065161000372775 ], [ -124.532031999405987, 49.066895000576842 ], [ -124.550870000010448, 49.060503000352711 ], [ -124.53495600020922, 49.054788001175311 ], [ -124.530178000102779, 49.049773000322496 ], [ -124.521896000194886, 49.028971000709923 ], [ -124.511649999873129, 49.029038000479773 ], [ -124.507116999757855, 49.016705001040748 ], [ -124.493006000424003, 49.013060000694722 ], [ -124.493962999520818, 49.006633000533945 ], [ -124.508719999525042, 48.991260000424639 ], [ -124.518374000199529, 48.974965000430593 ], [ -124.518798000274444, 48.963412000939066 ], [ -124.527584000350444, 48.958766000911638 ], [ -124.529742000363967, 48.954182000901078 ], [ -124.539440000160823, 48.958681000736981 ], [ -124.555879999764016, 48.950612000632525 ], [ -124.560740000422129, 48.967428000421677 ], [ -124.574454999951428, 48.969410000292122 ], [ -124.57775399983332, 48.975316000314663 ], [ -124.58061000023649, 48.974220000429504 ], [ -124.585728000330818, 48.977887000648998 ], [ -124.602271999792492, 48.97689800082567 ], [ -124.601045999568996, 48.971590000462122 ], [ -124.607506000553869, 48.967344000832419 ], [ -124.604656999918802, 48.962881001154045 ], [ -124.61173899986531, 48.952917000828485 ], [ -124.607762999302153, 48.94946400092573 ], [ -124.608037000536584, 48.938125000317989 ], [ -124.603508999815347, 48.930477000854609 ], [ -124.608505999949301, 48.926962000919254 ], [ -124.607244999598066, 48.923350000710599 ], [ -124.611170999419755, 48.919760000277094 ], [ -124.607713000149815, 48.912714001068409 ], [ -124.615662999816294, 48.903368000967681 ], [ -124.603287999315981, 48.903424000881614 ], [ -124.594348999794676, 48.91493800044352 ], [ -124.569881999737873, 48.914220000465228 ], [ -124.563186000513682, 48.912062000524173 ], [ -124.560254999940383, 48.895562001145649 ], [ -124.563416999428256, 48.89175100075159 ], [ -124.554805000080137, 48.886070000968104 ], [ -124.533988999566546, 48.879682000628186 ], [ -124.509688000351701, 48.86501600100906 ], [ -124.499127999846806, 48.850355000825566 ], [ -124.490218999671939, 48.848460000465501 ], [ -124.484521000015505, 48.849762001109433 ], [ -124.473237000514857, 48.841512000893609 ], [ -124.467981999483655, 48.84503800051116 ], [ -124.449481999724668, 48.841435000982727 ], [ -124.441007999301917, 48.833940001016757 ], [ -124.416444999423589, 48.829071000920386 ], [ -124.408931000057834, 48.825407001031785 ], [ -124.414463000563686, 48.811520000957238 ], [ -124.412355000317802, 48.803199000648 ], [ -124.402140999311342, 48.78823200039043 ], [ -124.386646000203882, 48.7824170006092 ], [ -124.376573999958254, 48.770900000511496 ], [ -124.358216999647496, 48.768004000916775 ], [ -124.356322999434212, 48.765777000404952 ], [ -124.358851999402987, 48.761108000839357 ], [ -124.345620000195353, 48.756144000870712 ], [ -124.321385999688019, 48.752417000983606 ], [ -124.304121999335408, 48.745092000531464 ], [ -124.286435000338514, 48.754210000530378 ], [ -124.272509000352329, 48.755704000640662 ], [ -124.266596000139927, 48.753621000564628 ], [ -124.257173000304874, 48.753914000254355 ], [ -124.250735000584044, 48.756910001122527 ], [ -124.236399000157903, 48.756978000676128 ], [ -124.222934999570029, 48.762435000530232 ], [ -124.196814999835382, 48.755174000579153 ], [ -124.193066000408379, 48.756234000581181 ], [ -124.190835999973118, 48.761696000522043 ], [ -124.178583000626702, 48.763743000699257 ], [ -124.171169000525836, 48.755645000470523 ], [ -124.173279999474403, 48.751256000763895 ], [ -124.176987000462205, 48.750134000575471 ], [ -124.17828199979877, 48.74305400104388 ], [ -124.16227999977356, 48.740801001113788 ], [ -124.148682000558878, 48.733838001026484 ], [ -124.131211000455608, 48.735505000459121 ], [ -124.112691999594929, 48.742513000857457 ], [ -124.113259000536416, 48.737991000747606 ], [ -124.099674999681255, 48.733583000874155 ], [ -124.08670700027487, 48.71860100047455 ], [ -124.075756999985472, 48.717588000295116 ], [ -124.071743000263822, 48.714373000948179 ], [ -124.069744999895761, 48.703947000595967 ], [ -124.07549199975584, 48.692530000629233 ], [ -124.070769999517154, 48.685250000904396 ], [ -124.060056000033924, 48.679781000655844 ], [ -124.032476000355629, 48.671969000446971 ], [ -124.021554999451482, 48.676259000954488 ], [ -124.008145000175915, 48.678259000456755 ], [ -123.994792000258727, 48.677333000325369 ], [ -123.980659000111757, 48.665184000978584 ], [ -123.96153500017779, 48.657436000617864 ], [ -123.954296000621824, 48.641420001097465 ], [ -123.944608999367006, 48.640078000891663 ], [ -123.932767999474393, 48.634588000665431 ], [ -123.935892000321232, 48.628850000986425 ], [ -123.942839999696048, 48.627673000791866 ], [ -123.945596000109987, 48.623615000333324 ], [ -123.932625000464711, 48.61760300078484 ], [ -123.920465000463778, 48.616479000683547 ], [ -123.912906999945932, 48.604033000564769 ], [ -123.90407600046376, 48.60135800082611 ], [ -123.89831099929151, 48.594052000647032 ], [ -123.893937000021722, 48.582366000792931 ], [ -123.887707999904919, 48.579616000725046 ], [ -123.866264999653623, 48.574227000632987 ], [ -123.841624999818094, 48.571833001031983 ], [ -123.83194299937675, 48.572803000212112 ], [ -123.816853000596481, 48.578243000984784 ], [ -123.807160999862788, 48.58705600047135 ], [ -123.817889999653431, 48.5998180002778 ], [ -123.821804000023704, 48.609848000286696 ], [ -123.812504000166982, 48.613638001097002 ], [ -123.802471000340304, 48.612377000969495 ], [ -123.789037000437105, 48.615394001099375 ], [ -123.781737999554792, 48.612601000557213 ], [ -123.77342399968046, 48.605073000215953 ], [ -123.757517999616795, 48.602525000743675 ], [ -123.745508999960904, 48.607227001007651 ], [ -123.743490000473088, 48.610470000259532 ], [ -123.744792000613828, 48.623138000612386 ], [ -123.736571000541346, 48.624153000529439 ], [ -123.727357000201792, 48.622017000691685 ], [ -123.713648999735213, 48.615968000665411 ], [ -123.71366499994005, 48.610641000211032 ], [ -123.708730000114002, 48.609232001018995 ], [ -123.701107999758548, 48.617070000331644 ], [ -123.691639999792443, 48.621194000229053 ], [ -123.669738999362778, 48.618723000465579 ], [ -123.665930999917208, 48.616712000885059 ], [ -123.662518999698875, 48.605621000692167 ], [ -123.65707199943752, 48.605149000359994 ], [ -123.647766000506891, 48.594280000938511 ], [ -123.647370000268211, 48.573365000986946 ], [ -123.657215999788349, 48.565554001061592 ], [ -123.657200999466468, 48.557727000664379 ], [ -123.641137000537171, 48.546321000715665 ], [ -123.63347700019564, 48.550312000423141 ], [ -123.625955000506735, 48.539153000467685 ], [ -123.627396999823503, 48.534953000647938 ], [ -123.616151999658868, 48.529796000591389 ], [ -123.60642600037491, 48.529290001089706 ], [ -123.608126000079068, 48.523928000387478 ], [ -123.602391999344903, 48.521808000381654 ], [ -123.593038000354767, 48.522342000950857 ], [ -123.572785999996356, 48.511406000700987 ], [ -123.564418000534218, 48.487917000969361 ], [ -123.558798999365735, 48.48479500045493 ], [ -123.550782999440642, 48.484753000304373 ], [ -123.548835999963842, 48.503189000517501 ], [ -123.538919999769604, 48.520278000719294 ], [ -123.544648999372171, 48.533605000301918 ], [ -123.546114999589633, 48.54268100043803 ], [ -123.543653999543821, 48.547608000695121 ], [ -123.537901999483623, 48.551533000757907 ], [ -123.514957000190563, 48.558027000252601 ], [ -123.50640300011888, 48.57085400021586 ], [ -123.500950999570676, 48.609356001085899 ], [ -123.51145800013316, 48.664618000649938 ], [ -123.510992000383808, 48.678402000625802 ], [ -123.508580000446557, 48.686703000715426 ], [ -123.501781000251114, 48.693542001054851 ], [ -123.477619999611363, 48.701924000926198 ], [ -123.449321000433187, 48.705649001008453 ], [ -123.439759999854431, 48.704659001068102 ], [ -123.410803999581574, 48.694229000257906 ], [ -123.367046999513789, 48.690876000284952 ], [ -123.358510999271175, 48.688085000805984 ], [ -123.340970000112492, 48.674472000897936 ], [ -123.31323399955393, 48.659079000894735 ], [ -123.283004000155955, 48.648166000265221 ], [ -123.250072320695253, 48.641430241094092 ], [ -123.261291123469036, 48.67287465351643 ], [ -123.259941469373047, 48.69603772421776 ], [ -123.221337430311678, 48.712881930338341 ], [ -123.124285319730731, 48.7107493548138 ], [ -123.022327728285035, 48.757473380513325 ], [ -122.99399098873802, 48.779876672668564 ], [ -123.008139426182808, 48.853431401604958 ], [ -123.23634684631179, 49.002513704946956 ], [ -123.098706000028415, 49.001324000733852 ], [ -123.120406000340353, 49.047701001153939 ], [ -123.130406000480463, 49.053735000601051 ], [ -123.131508000490626, 49.067433000763785 ], [ -123.129016999512871, 49.072979000648168 ], [ -123.115236000072528, 49.083170000933464 ], [ -123.084455000136217, 49.094981000878192 ], [ -123.083928000287358, 49.115765000564537 ], [ -123.042140999487728, 49.144189000564474 ], [ -123.027413999336616, 49.148983001153844 ], [ -122.977393999495135, 49.157351000331765 ], [ -122.945961000353847, 49.158250000866822 ], [ -122.926653999548421, 49.171554000714494 ], [ -122.912963000022003, 49.194790001202165 ] ] ] } },
{ "type": "Feature", "properties": { "NAME": "Hul'qumi'num Treaty Group (Marine)", "SCALE": "n/a" }, "geometry": { "type": "Polygon", "coordinates": [ [ [ -122.757813000651353, 49.001192000346123 ], [ -122.778725999892004, 49.014057001146348 ], [ -122.821463999752126, 49.025222001133571 ], [ -122.867534999638039, 49.025024000523629 ], [ -122.874692999893952, 49.028927000760511 ], [ -122.88434399954879, 49.043519000546816 ], [ -122.88769099977273, 49.057978000523022 ], [ -122.877642999627753, 49.064031000753118 ], [ -122.876381999265533, 49.059244000997523 ], [ -122.879300999362314, 49.057843000416888 ], [ -122.877002000503566, 49.057553000760571 ], [ -122.862763999984026, 49.063420000736429 ], [ -122.859717999375206, 49.070892001093426 ], [ -122.861887000090348, 49.078882000668635 ], [ -122.851687000228466, 49.082792000992697 ], [ -122.867130000420133, 49.089755000435879 ], [ -122.885014999292082, 49.090926000657689 ], [ -122.889932999913441, 49.131677000888118 ], [ -122.881070999478538, 49.170032000507184 ], [ -122.84615900043481, 49.189700000829141 ], [ -122.789300000532833, 49.192157000939424 ], [ -122.734080999461369, 49.171190000969403 ], [ -122.639540999847227, 49.172418000937512 ], [ -122.608328000130996, 49.168681000655376 ], [ -122.582015000353479, 49.155435000851128 ], [ -122.54453799947018, 49.151480000673232 ], [ -122.466674999825273, 49.154469000741443 ], [ -122.423776000312543, 49.139257000366577 ], [ -122.392004999891995, 49.116125000476046 ], [ -122.341126999370687, 49.096470000410108 ], [ -122.305808999999613, 49.09250300068215 ], [ -122.231541000510006, 49.103721000885507 ], [ -122.163851000510363, 49.110984000352659 ], [ -122.089288999381424, 49.124855001131309 ], [ -121.881224999704671, 49.176424000505371 ], [ -121.794782999899056, 49.179981001123735 ], [ -121.715940999646136, 49.192053000304156 ], [ -121.674752999419994, 49.205588000551202 ], [ -121.63832900018653, 49.280023000896321 ], [ -121.57946699969014, 49.323168000366053 ], [ -121.55032599941174, 49.341291000983418 ], [ -121.408869000244579, 49.364353000731292 ], [ -121.391971999679214, 49.385716000973908 ], [ -121.382825999451399, 49.435007000634656 ], [ -121.372687000410821, 49.593592000971924 ], [ -121.381440999464346, 49.608219000810777 ], [ -121.401812999319105, 49.617363000559592 ], [ -121.425347000243818, 49.619985000829622 ], [ -121.447393999843598, 49.616567000776669 ], [ -121.460328000323088, 49.60394100084126 ], [ -121.473456999472489, 49.545077001221529 ], [ -121.474117999642843, 49.430583000685324 ], [ -121.483878999909948, 49.417192000997773 ], [ -121.554885000301852, 49.40357400114685 ], [ -121.619803000400168, 49.386905000815453 ], [ -121.704875999677625, 49.311671000854076 ], [ -121.736974000061679, 49.260508000892244 ], [ -121.762765000258014, 49.254625000323188 ], [ -121.911365999692535, 49.239666000975895 ], [ -121.966825999907314, 49.23071700042383 ], [ -122.142257999383915, 49.194373000419908 ], [ -122.314232000297082, 49.171427001106913 ], [ -122.349069999851878, 49.182270000301592 ], [ -122.397202999423456, 49.21147800055526 ], [ -122.440476000372669, 49.222571000732351 ], [ -122.546984999490647, 49.231552000730353 ], [ -122.658224999522773, 49.233679000333538 ], [ -122.721044000566351, 49.236986000358385 ], [ -122.779102999515246, 49.248388000647331 ], [ -122.835317999471442, 49.281063000483194 ], [ -122.835853000097103, 49.285522000602278 ], [ -122.860494999943484, 49.294780000745938 ], [ -122.871581999557563, 49.301739000784686 ], [ -122.885820000277064, 49.300789001190175 ], [ -122.909315999626202, 49.2937200009032 ], [ -122.919297000564725, 49.293732000418991 ], [ -122.921638999515139, 49.297237001075203 ], [ -122.926780000222081, 49.298080000437643 ], [ -122.929199999264966, 49.304207000824775 ], [ -122.925811000213088, 49.315746001153002 ], [ -122.926857000529651, 49.318203000380478 ], [ -122.931633000119291, 49.317737000523074 ], [ -122.927009999577692, 49.321590000698478 ], [ -122.936949999782669, 49.322109001047828 ], [ -122.948517000428922, 49.315479000355879 ], [ -122.948188999254882, 49.305927001125916 ], [ -122.956253000424056, 49.300549000485056 ], [ -122.980550999870076, 49.307457000763527 ], [ -122.996292000068252, 49.308231000904271 ], [ -122.999740000630055, 49.307972000718813 ], [ -123.007468999398213, 49.299171000854585 ], [ -123.008667000379475, 49.302547000814457 ], [ -123.008665999578696, 49.298767000428832 ], [ -123.011252999271832, 49.300720000994218 ], [ -123.013266999380761, 49.298012000733657 ], [ -123.0205230003113, 49.299828001099065 ], [ -123.020362999997545, 49.297642000462943 ], [ -123.024590999908284, 49.297905001160274 ], [ -123.028283000358797, 49.301277000518567 ], [ -123.029868999468334, 49.297306000519455 ], [ -123.039383000067915, 49.298168000921564 ], [ -123.039414000087589, 49.299816001085034 ], [ -123.057113999400272, 49.305988000580925 ], [ -123.069473999779845, 49.304603000884669 ], [ -123.075027999384176, 49.30687700100232 ], [ -123.076728999858886, 49.305660000672958 ], [ -123.076683999906848, 49.307514000706142 ], [ -123.078772999518904, 49.305553000927084 ], [ -123.077910999867882, 49.307964000972831 ], [ -123.081252999569912, 49.307735000849704 ], [ -123.088501999603608, 49.314072000684185 ], [ -123.102622999894479, 49.31333200063721 ], [ -123.102989000024692, 49.310806000831597 ], [ -123.105408000369209, 49.313572001039638 ], [ -123.110602999962282, 49.31033000056766 ], [ -123.116150000609409, 49.313553001031728 ], [ -123.115646000430175, 49.308895000823817 ], [ -123.133264000480949, 49.315891001224685 ], [ -123.132684000592405, 49.318951000654771 ], [ -123.137222999425603, 49.317116000317782 ], [ -123.137711000466652, 49.320957000376438 ], [ -123.140548999939526, 49.319828001001092 ], [ -123.148688999430661, 49.322544000760288 ], [ -123.153450000012597, 49.326767000828511 ], [ -123.16954799941854, 49.327255000855246 ], [ -123.178422000201309, 49.332291000959287 ], [ -123.194802000192411, 49.335388000426043 ], [ -123.20630600028754, 49.34054200119116 ], [ -123.212852000096404, 49.341087000598669 ], [ -123.219481999662051, 49.338341000395893 ], [ -123.228103999954428, 49.341648000762575 ], [ -123.237677999513423, 49.338615000506799 ], [ -123.248787999579974, 49.340824000700792 ], [ -123.250997999339177, 49.337570000573351 ], [ -123.255676000613306, 49.33894700105423 ], [ -123.256181000076566, 49.334251001119206 ], [ -123.262063000009903, 49.333660000545116 ], [ -123.265891999569163, 49.330433000584627 ], [ -123.269811999571345, 49.337826000761417 ], [ -123.267050999291413, 49.344715000931075 ], [ -123.273010000402749, 49.348495001026983 ], [ -123.269784000315354, 49.348431000406705 ], [ -123.268752999572712, 49.350906000897851 ], [ -123.267928999772323, 49.354263000703575 ], [ -123.271691000410939, 49.354858001072124 ], [ -123.269995999276546, 49.358227000742531 ], [ -123.276282999804735, 49.355934001145123 ], [ -123.284630000603954, 49.358677000715439 ], [ -123.282371000522076, 49.362747001061393 ], [ -123.287110000396723, 49.363159001203449 ], [ -123.287903000238359, 49.365433000733752 ], [ -123.284072999346989, 49.373016001000018 ], [ -123.29296900042965, 49.374252000410372 ], [ -123.289266999760969, 49.37833800072967 ], [ -123.287468999530276, 49.376335000994708 ], [ -123.274727000301198, 49.381558001121405 ], [ -123.270738000106576, 49.389737000527127 ], [ -123.271875999353924, 49.400932001046293 ], [ -123.277090000517475, 49.41164100037988 ], [ -123.289647000289023, 49.419890001134007 ], [ -123.30823600016069, 49.425055000433233 ], [ -123.395923999568339, 49.425435000773604 ], [ -123.480238999786394, 49.419499000535261 ], [ -123.482231000098921, 49.416515001053121 ], [ -123.494871999484829, 49.412132000767507 ], [ -123.507247999639063, 49.399990000815464 ], [ -123.506147999330594, 49.397495000350041 ], [ -123.50035899989183, 49.397053001178172 ], [ -123.499602000165211, 49.393554000582036 ], [ -123.511300000010436, 49.39140300079216 ], [ -123.514107000322596, 49.387413000633885 ], [ -123.535743000453536, 49.383583001038524 ], [ -123.558188000444957, 49.389961000634528 ], [ -123.560019000243017, 49.396274001068676 ], [ -123.569297000435299, 49.401447000977299 ], [ -123.586196999295396, 49.402893000440116 ], [ -123.603437999879276, 49.410244001027309 ], [ -123.631415999689239, 49.418072001033011 ], [ -123.644868000264481, 49.418159001199292 ], [ -123.685416999796942, 49.436657000344866 ], [ -123.710221000538638, 49.43614600057758 ], [ -123.708578999666898, 49.438118000591842 ], [ -123.71109799991757, 49.438309000817767 ], [ -123.711898000307869, 49.435535001073198 ], [ -123.722901999361568, 49.437992001215832 ], [ -123.721801000304225, 49.440006000362786 ], [ -123.728370999485321, 49.441753000614597 ], [ -123.730247999872532, 49.449219000853823 ], [ -123.744269999563755, 49.465114000803915 ], [ -123.744689999834719, 49.470314001197593 ], [ -123.773178000302792, 49.470001000484935 ], [ -123.788429999896863, 49.465672000586224 ], [ -123.80458699933321, 49.467903000505814 ], [ -123.816047999331502, 49.467148000661979 ], [ -123.824211000143251, 49.470562000563028 ], [ -123.842277999970975, 49.472229001130664 ], [ -123.849038000042157, 49.476303000900039 ], [ -123.858490000141032, 49.47803900110415 ], [ -123.863967000141798, 49.475239001078293 ], [ -123.85700999979116, 49.4686510009603 ], [ -123.872726000174779, 49.4683150005797 ], [ -123.889443000375366, 49.47367900119967 ], [ -123.908126000529975, 49.484695000808074 ], [ -123.907118000352085, 49.488247001142177 ], [ -123.912484000246508, 49.498638001125009 ], [ -123.90868400024614, 49.512245000883368 ], [ -123.912391000272038, 49.511089000702619 ], [ -123.914947000063052, 49.512932000999406 ], [ -123.91931199959501, 49.510899001003303 ], [ -123.927511999848079, 49.514164000494574 ], [ -123.926818999343297, 49.512035000526332 ], [ -123.931876999882618, 49.509937000959809 ], [ -123.9399420003475, 49.511761001002334 ], [ -123.940500000307864, 49.507301000532543 ], [ -123.952688999734761, 49.509369001051788 ], [ -123.944876999550388, 49.504570000482325 ], [ -123.946875000447093, 49.503868000439425 ], [ -123.965659000470097, 49.509567000673194 ], [ -123.969274999635417, 49.515942001078137 ], [ -123.962142999686478, 49.519169001081266 ], [ -123.963547000417961, 49.521534000754393 ], [ -123.960343000547724, 49.523151001176856 ], [ -123.964400999548047, 49.527767001099086 ], [ -123.961646999929727, 49.529579000881128 ], [ -123.957282000272826, 49.530518000415121 ], [ -123.948807000385187, 49.525154001212364 ], [ -123.940139000388811, 49.523003001005478 ], [ -123.950248999895919, 49.527218000778781 ], [ -123.951577000060198, 49.530007000707819 ], [ -123.959328000395701, 49.531536001054327 ], [ -123.952165000173437, 49.530602000930585 ], [ -123.952667000540984, 49.532280001122892 ], [ -123.964850000556254, 49.53451900122645 ], [ -123.966971000562324, 49.538467000672483 ], [ -123.978255999589038, 49.537296000615648 ], [ -123.990226000077328, 49.550316000399512 ], [ -124.000649000493311, 49.55491200109244 ], [ -124.003724000519995, 49.561802001099288 ], [ -124.00160999994614, 49.56720000107746 ], [ -124.004463999542267, 49.572968000719271 ], [ -124.008085999660778, 49.57119400075586 ], [ -124.010040999563586, 49.573154001064552 ], [ -124.010856999534397, 49.582302000846575 ], [ -124.015960000604991, 49.588131001007767 ], [ -124.015318999616284, 49.593994000915714 ], [ -124.021682000477824, 49.597664000890454 ], [ -124.026993999832001, 49.608994000704449 ], [ -124.033179000044242, 49.60867700099336 ], [ -124.037070999448105, 49.61316700082174 ], [ -124.031189999532828, 49.612579000881411 ], [ -124.033958000414813, 49.614544000570049 ], [ -124.030532999387617, 49.617741001243431 ], [ -124.02921999945174, 49.614677000801436 ], [ -124.027060999657166, 49.619518000482557 ], [ -124.029502999426299, 49.620396001106755 ], [ -124.026572999495116, 49.621139001044845 ], [ -124.032912999894293, 49.621426000677687 ], [ -124.027381999461568, 49.624229000875367 ], [ -124.02496400047707, 49.6228560005463 ], [ -124.02091199993518, 49.62528200048277 ], [ -124.016775999435666, 49.624142000553064 ], [ -124.017928999326159, 49.625725000466574 ], [ -124.011573999746332, 49.62698400059795 ], [ -123.986686999712305, 49.624382000605621 ], [ -123.988218999619377, 49.626980000914592 ], [ -123.99629200015093, 49.626694001146141 ], [ -123.996236999614879, 49.628780000580406 ], [ -123.992410000166728, 49.632320000676337 ], [ -123.994187000125891, 49.633774000711391 ], [ -123.984130000144134, 49.639904001038204 ], [ -123.988661999942494, 49.640270000487583 ], [ -124.002418000194766, 49.62888000048077 ], [ -124.007004000154708, 49.630539000867884 ], [ -124.016921999563024, 49.626984000430298 ], [ -124.023009999656338, 49.631893000977129 ], [ -124.027526000076591, 49.632126000414772 ], [ -124.024902000598118, 49.629082001095725 ], [ -124.029504000115566, 49.628372000429515 ], [ -124.034057000045735, 49.630394000710382 ], [ -124.029189999659266, 49.631928000705358 ], [ -124.037879999682175, 49.635441000552611 ], [ -124.039421000576496, 49.633305000560853 ], [ -124.044098999749039, 49.634430001063308 ], [ -124.044159000364743, 49.632164000896047 ], [ -124.057297000423546, 49.63260300075283 ], [ -124.057822999735308, 49.63115700118005 ], [ -124.062392999552415, 49.638824000643837 ], [ -124.07230300024365, 49.637844000868895 ], [ -124.074150000200589, 49.645752001126631 ], [ -124.068787999781648, 49.651737000488851 ], [ -124.073126999815159, 49.652534000425639 ], [ -124.074761000299347, 49.658951000556641 ], [ -124.073531999626539, 49.663692001198754 ], [ -124.065918999508256, 49.669350000861449 ], [ -124.067938999672165, 49.674881001276205 ], [ -124.064713000223833, 49.690388000649641 ], [ -124.067543999629322, 49.692352000513182 ], [ -124.059249999443438, 49.700684000999757 ], [ -124.060729999414193, 49.706484000555974 ], [ -124.077790999780504, 49.724553000600409 ], [ -124.107912999472546, 49.742564000785599 ], [ -124.130644000656076, 49.771719000775896 ], [ -124.143545999496041, 49.779793001106121 ], [ -124.155586999381228, 49.780906001144707 ], [ -124.166717999284742, 49.77877800124044 ], [ -124.171066999364228, 49.779419000441649 ], [ -124.170638000629125, 49.782150000648947 ], [ -124.174797000037088, 49.783302000985579 ], [ -124.181190000343022, 49.778831000530936 ], [ -124.191305999417281, 49.78003300072011 ], [ -124.207047000536633, 49.775955000750223 ], [ -124.217207999652189, 49.782307000637786 ], [ -124.231391999528839, 49.778370001218171 ], [ -124.278549999950329, 49.775120000839166 ], [ -124.279952000520694, 49.771172001005432 ], [ -124.271758999566771, 49.766826000935097 ], [ -124.27217799942764, 49.760853000716509 ], [ -124.26872299976786, 49.760727000427423 ], [ -124.266824000067857, 49.764084000979459 ], [ -124.261076999842686, 49.759598000626099 ], [ -124.263472999631304, 49.758221000518908 ], [ -124.258827000063107, 49.749359000858021 ], [ -124.268950999700962, 49.740441001233364 ], [ -124.269043999663594, 49.742222000795223 ], [ -124.275137999838748, 49.742813000840179 ], [ -124.277046000434055, 49.750984000450558 ], [ -124.280502999538371, 49.750893000747979 ], [ -124.278838999367096, 49.747329001242306 ], [ -124.287757000285524, 49.749211001107462 ], [ -124.285560999695463, 49.755668000748102 ], [ -124.293953000106399, 49.757587001268888 ], [ -124.296188999974177, 49.761990001224973 ], [ -124.300628999382766, 49.762486001031043 ], [ -124.30335099978916, 49.757652001017391 ], [ -124.310592999452368, 49.757115001173808 ], [ -124.317489999389849, 49.763359000666796 ], [ -124.310784000461666, 49.767273001004064 ], [ -124.317045999843003, 49.769829001059485 ], [ -124.325148999700886, 49.769558000734257 ], [ -124.33104700055712, 49.773052000999549 ], [ -124.342422999346979, 49.77229300122854 ], [ -124.346473000489112, 49.768459000821167 ], [ -124.345413999482616, 49.771610001233491 ], [ -124.352318000492971, 49.776551000434083 ], [ -124.361503999403652, 49.77435300076948 ], [ -124.370429999872727, 49.776356000447855 ], [ -124.366546999986554, 49.771282001136115 ], [ -124.368652000288961, 49.770439000662783 ], [ -124.372709999684844, 49.770218000425771 ], [ -124.373336999858012, 49.77264000065982 ], [ -124.378967000481296, 49.773949000673483 ], [ -124.396148999594331, 49.766151001093476 ], [ -124.441429999806928, 49.774620000673451 ], [ -124.453644000194117, 49.77988400044768 ], [ -124.454139999647751, 49.782955000864966 ], [ -124.472656999961742, 49.795513001179742 ], [ -124.498916000458507, 49.79554800067605 ], [ -124.510116999982031, 49.801445000474942 ], [ -124.526313999494107, 49.804283000795621 ], [ -124.525413000259775, 49.821213001065829 ], [ -124.53003800054168, 49.832775001098689 ], [ -124.530485999725641, 49.845604001061695 ], [ -124.55175700014756, 49.865002001164925 ], [ -124.554388999855462, 49.871731001267776 ], [ -124.563637999730418, 49.872436000933995 ], [ -124.554206999282954, 49.876724001168242 ], [ -124.565772999313396, 49.874825001050247 ], [ -124.577133000611255, 49.878895001250356 ], [ -124.591721000095589, 49.889534001137939 ], [ -124.606682000505415, 49.895699000823861 ], [ -124.619689999581908, 49.895542000618136 ], [ -124.623367000471276, 49.902039001157149 ], [ -124.631041999749584, 49.905250000422377 ], [ -124.623008000088234, 49.905598000900113 ], [ -124.624602999675503, 49.908329000938949 ], [ -124.656866999447786, 49.918900000710664 ], [ -124.689781000014221, 49.935711000700849 ], [ -124.698868000468011, 49.936298001057679 ], [ -124.698622999454727, 49.938221001006603 ], [ -124.702941000340402, 49.938480000477156 ], [ -124.706993000060322, 49.942368000710744 ], [ -124.712806000212154, 49.94318400066328 ], [ -124.73298700014972, 49.958985000927655 ], [ -124.75182400022311, 49.963497001184798 ], [ -124.760405999630834, 49.971741000840794 ], [ -124.75968999939127, 49.977497001150461 ], [ -124.764526999871109, 49.978531001067253 ], [ -124.762496999923158, 49.982563001135063 ], [ -124.768692999315974, 49.987236000980822 ], [ -124.770508000545888, 49.984936000791613 ], [ -124.775719000342988, 49.98616000069881 ], [ -124.780670000279258, 49.997028000541974 ], [ -124.78575899981675, 49.996818001071766 ], [ -124.79097800025508, 50.003231001057856 ], [ -124.806084000596016, 50.010624000761908 ], [ -124.813117000168532, 50.020508001214203 ], [ -124.811920999283387, 50.024826000909528 ], [ -124.819679999414959, 50.027592000675 ], [ -124.852791999374006, 50.026246000798011 ], [ -124.937605000659048, 50.00971300093552 ], [ -124.963693999748827, 50.00716700114382 ], [ -124.98826299951952, 50.007862000797317 ], [ -125.009869999728153, 50.011786000781264 ], [ -125.026615999420713, 50.017800001103836 ], [ -125.046455999940804, 50.032355000812842 ], [ -125.165355999487758, 50.103569001225182 ], [ -125.191390999384708, 50.110358000683107 ], [ -125.213290000400221, 50.109338000572357 ], [ -125.25005300042973, 50.098902000899614 ], [ -125.271741000275952, 50.085466000612961 ], [ -125.277879999335454, 50.075477000589522 ], [ -125.263887999341321, 50.05601100099711 ], [ -125.261667000637786, 50.045819001032079 ], [ -125.264637000354725, 50.03508900052865 ], [ -125.25962300068538, 50.042541000653806 ], [ -125.256112000283565, 50.043417000775342 ], [ -125.258255999908286, 50.04056200076046 ], [ -125.254982999744158, 50.042959001197495 ], [ -125.253874000298353, 50.041320000487637 ], [ -125.249931000028425, 50.041968000790995 ], [ -125.257140999909794, 50.050009000848455 ], [ -125.24411899957019, 50.039283000569057 ], [ -125.24470400011819, 50.030395000958784 ], [ -125.239556000610207, 50.02467500130372 ], [ -125.237031999938011, 50.024921000614391 ], [ -125.233176000174225, 50.006885001258652 ], [ -125.220030999993739, 49.974685000662681 ], [ -125.208031000364841, 49.967545000723746 ], [ -125.209190000603002, 49.962223001227251 ], [ -125.203262999347047, 49.953449001255478 ], [ -125.185256999966057, 49.942448000480084 ], [ -125.187400999427979, 49.936245001306489 ], [ -125.181870000412857, 49.928829001155812 ], [ -125.184380000514253, 49.919788000714739 ], [ -125.181602000301822, 49.914253000426754 ], [ -125.155402999466219, 49.897465000725447 ], [ -125.135963000310625, 49.894207000530258 ], [ -125.122772999924933, 49.888882000583848 ], [ -125.115187999511377, 49.881214000962139 ], [ -125.116340999796307, 49.873302001057333 ], [ -125.119851999912882, 49.872386000607506 ], [ -125.116653000457461, 49.871689000468898 ], [ -125.113296999735823, 49.86089000129342 ], [ -125.09266699983219, 49.849175000490582 ], [ -125.07862900025475, 49.846745000901713 ], [ -125.064743000103235, 49.840042000890577 ], [ -125.055105999373097, 49.829033001074151 ], [ -125.03276800063864, 49.818710000495763 ], [ -125.008322999728378, 49.794231000712657 ], [ -124.996849000097242, 49.790100000944264 ], [ -124.982977999525701, 49.777023000590823 ], [ -124.973578999572396, 49.774357000999679 ], [ -124.97205300050544, 49.768383000943921 ], [ -124.963248999439799, 49.76128400052972 ], [ -124.949981000013707, 49.759315000854002 ], [ -124.926712999799491, 49.739369000635328 ], [ -124.924149000318195, 49.741776001275475 ], [ -124.924552000467159, 49.739514000959943 ], [ -124.913148000370697, 49.739582000740057 ], [ -124.892929999287404, 49.728088000904812 ], [ -124.876067999757865, 49.707165000526935 ], [ -124.862831000540936, 49.707226001082915 ], [ -124.860099000621304, 49.701153000853516 ], [ -124.86446400009541, 49.693966000588034 ], [ -124.874283000214277, 49.688816001187483 ], [ -124.886208000024311, 49.675758000968848 ], [ -124.897338999384559, 49.668984000466708 ], [ -124.902351999856677, 49.663407000689411 ], [ -124.906120000255228, 49.661182000566448 ], [ -124.921516999824163, 49.658997000572342 ], [ -124.925498999690674, 49.660835001127666 ], [ -124.915673000030154, 49.661297000690389 ], [ -124.914862999614598, 49.663551001135438 ], [ -124.904456999993641, 49.662399000892265 ], [ -124.900542999836134, 49.666386000668702 ], [ -124.903001000137706, 49.668576000968393 ], [ -124.90905000029791, 49.669044000724597 ], [ -124.912430000210946, 49.666962000988633 ], [ -124.923659999996374, 49.668449000431984 ], [ -124.930930999297871, 49.672074000467006 ], [ -124.946326999868418, 49.671833001182435 ], [ -124.956496999640862, 49.677956000402169 ], [ -124.96800199931323, 49.679230000706752 ], [ -124.978310000322352, 49.684288000773932 ], [ -124.979927000667686, 49.673378000726771 ], [ -124.969001000511696, 49.661934000746086 ], [ -124.951629000535192, 49.65083700041869 ], [ -124.938019000191872, 49.644768001052597 ], [ -124.933738000458476, 49.645668001158214 ], [ -124.931808000549964, 49.642731001268906 ], [ -124.926560000413417, 49.645420000786629 ], [ -124.926460999520771, 49.642261000730507 ], [ -124.923186999403001, 49.643524000753921 ], [ -124.922828999288981, 49.634815000909576 ], [ -124.908867000032274, 49.625405001024149 ], [ -124.905982000133207, 49.616692000579917 ], [ -124.888611999592584, 49.594231000486857 ], [ -124.881141999582098, 49.592964000855872 ], [ -124.883262999456122, 49.585457001042634 ], [ -124.886811000514186, 49.586521000649235 ], [ -124.872428000236283, 49.555309000687224 ], [ -124.848298000562352, 49.525349001130479 ], [ -124.844275999952174, 49.522274000510777 ], [ -124.835159999849509, 49.523014000566391 ], [ -124.830779000112457, 49.520985000476493 ], [ -124.834837999577204, 49.519268000526772 ], [ -124.835007000085866, 49.513210000524936 ], [ -124.820938999736441, 49.503277000464315 ], [ -124.822066999516991, 49.501793001226254 ], [ -124.81909099963616, 49.502945000521834 ], [ -124.819296999698608, 49.495907001115491 ], [ -124.807930000249925, 49.498489000572654 ], [ -124.807250999613544, 49.505695000607183 ], [ -124.793028999995485, 49.498325000465556 ], [ -124.790658000181779, 49.491611000673892 ], [ -124.796782999995528, 49.494400001173332 ], [ -124.800987000521999, 49.493038000542775 ], [ -124.796988999796909, 49.492439000961056 ], [ -124.796067000343314, 49.486149000540181 ], [ -124.798728999705588, 49.481312000875995 ], [ -124.801163000011869, 49.48212800038619 ], [ -124.792006999395255, 49.474777001197822 ], [ -124.793854000651521, 49.464394000600279 ], [ -124.791892999384245, 49.462006000834329 ], [ -124.787230999932532, 49.461796000912869 ], [ -124.788779999643197, 49.459904000846315 ], [ -124.779373000457937, 49.460804000582101 ], [ -124.780678000229415, 49.4626010004676 ], [ -124.786085999773334, 49.461941001153171 ], [ -124.780836999572657, 49.466431000666404 ], [ -124.787591000271476, 49.466270000512587 ], [ -124.773010999654517, 49.467983000389545 ], [ -124.759062999591706, 49.463623001007726 ], [ -124.756942999448569, 49.460049000917572 ], [ -124.759231999425324, 49.457703001219421 ], [ -124.757018000123367, 49.455623001144517 ], [ -124.751549000606516, 49.455689001207759 ], [ -124.747961999686609, 49.4511450008971 ], [ -124.744323999721516, 49.455975000455766 ], [ -124.735045999730573, 49.45669200113749 ], [ -124.72413699999241, 49.465653000839126 ], [ -124.735107999949008, 49.466522000482883 ], [ -124.725053000416182, 49.467697000686435 ], [ -124.719352999464562, 49.459095000637795 ], [ -124.697182000205856, 49.450485001195112 ], [ -124.685630999639613, 49.44847500085374 ], [ -124.654449999385363, 49.425228000390121 ], [ -124.640899999545539, 49.421139001161393 ], [ -124.631394000244526, 49.404011000641709 ], [ -124.611457000310054, 49.401272000439668 ], [ -124.604300999901326, 49.394104000388431 ], [ -124.57441000004485, 49.380570001165395 ], [ -124.537643000487748, 49.37599900098698 ], [ -124.502090999466802, 49.364697000715267 ], [ -124.494719999700237, 49.364361001055187 ], [ -124.491203999482295, 49.365585000413596 ], [ -124.499924999944, 49.365894001128588 ], [ -124.485413999423429, 49.36871700096556 ], [ -124.458710000272674, 49.353817001132384 ], [ -124.417068000542173, 49.359627000654442 ], [ -124.378067000380355, 49.353050000595751 ], [ -124.365731000384372, 49.353218000515504 ], [ -124.360450999371849, 49.351841000876121 ], [ -124.361716999598272, 49.347877001168648 ], [ -124.355538000458836, 49.351475000720022 ], [ -124.359010000174649, 49.348167001158139 ], [ -124.355826999506931, 49.350628000355179 ], [ -124.357048000365623, 49.344955000551806 ], [ -124.341553000280555, 49.340988001121872 ], [ -124.331787000551145, 49.33572000057211 ], [ -124.32032099967077, 49.323467000993404 ], [ -124.313903999984632, 49.323086000785715 ], [ -124.307022000080408, 49.328205000535135 ], [ -124.29913299992981, 49.329659001096616 ], [ -124.296203000185727, 49.328938001174713 ], [ -124.301772999309307, 49.326481000647291 ], [ -124.291205999640226, 49.32930000091676 ], [ -124.286772999998618, 49.325722000930718 ], [ -124.284117999884842, 49.328732001115789 ], [ -124.293265999864801, 49.330429000431103 ], [ -124.283813000595472, 49.331215000809358 ], [ -124.264572999675522, 49.324699000467945 ], [ -124.262268000242884, 49.312283000871375 ], [ -124.253271999853638, 49.305241000678535 ], [ -124.240172999965353, 49.305302001082261 ], [ -124.237671999363499, 49.308201001017416 ], [ -124.241013000266548, 49.313084000658804 ], [ -124.222999999799669, 49.30007900057813 ], [ -124.219740999405644, 49.300457001058405 ], [ -124.219063999573706, 49.303021001168517 ], [ -124.213227000556742, 49.301273000575108 ], [ -124.206596000004723, 49.29373200047975 ], [ -124.198707999443755, 49.295322000430268 ], [ -124.198067000545294, 49.298828000778016 ], [ -124.214950000070957, 49.312191000584882 ], [ -124.214881999295869, 49.314541000804752 ], [ -124.209823000588528, 49.313706000335976 ], [ -124.194206000055985, 49.303894000529112 ], [ -124.189826999475812, 49.308014000659135 ], [ -124.186943000408803, 49.307224000974543 ], [ -124.19022400064749, 49.311706000822376 ], [ -124.186301000014112, 49.312691000804691 ], [ -124.178497999726119, 49.307518000932795 ], [ -124.180350999519504, 49.30609500066236 ], [ -124.172828000597889, 49.301239001216999 ], [ -124.170318999560678, 49.30184900043924 ], [ -124.166313000319462, 49.294296001117651 ], [ -124.156677000565608, 49.290760000812533 ], [ -124.150611999760002, 49.293617000382419 ], [ -124.143043000161526, 49.292641001047016 ], [ -124.141273000553014, 49.290516000442153 ], [ -124.135841999830348, 49.291100000359613 ], [ -124.134597999692716, 49.289017000385329 ], [ -124.13848900064211, 49.287224000552293 ], [ -124.120505999674208, 49.279259000691198 ], [ -124.118393000554505, 49.271748001058924 ], [ -124.109322000079189, 49.270744000449447 ], [ -124.120507000480984, 49.268730000896539 ], [ -124.125235999446843, 49.265545000394035 ], [ -124.145576000324894, 49.265591000392753 ], [ -124.17334700005965, 49.273686000461502 ], [ -124.174597999634486, 49.270344001080566 ], [ -124.190490999716459, 49.26900500053469 ], [ -124.189195000139591, 49.261848000510888 ], [ -124.181633000214788, 49.257229000693052 ], [ -124.169868000307829, 49.253777001136569 ], [ -124.141448000388678, 49.251777000615384 ], [ -124.126182999593084, 49.254047001044007 ], [ -124.127066999463949, 49.258450000518387 ], [ -124.125831999851243, 49.254360000409761 ], [ -124.121833000094867, 49.253983000558016 ], [ -124.11045099977936, 49.256172001059355 ], [ -124.091956999538994, 49.254055000646616 ], [ -124.083656999989543, 49.257378000496338 ], [ -124.075622000609584, 49.253174000502703 ], [ -124.062232000507677, 49.251720000414039 ], [ -124.0538790001835, 49.248112000475849 ], [ -124.034148999676646, 49.24878700039865 ], [ -124.025168999825482, 49.243542001050066 ], [ -124.006363000388731, 49.238274000461459 ], [ -123.990884000353816, 49.239777000753129 ], [ -123.98116100063406, 49.238949000350914 ], [ -123.969786999638856, 49.234718001073489 ], [ -123.969758000196109, 49.236347000610508 ], [ -123.964361999968958, 49.23645400080602 ], [ -123.96214199969225, 49.233357000712147 ], [ -123.96492100014747, 49.230034001175433 ], [ -123.957655000298757, 49.226673000988271 ], [ -123.952591000232275, 49.2271310005003 ], [ -123.94867600044887, 49.223041000840119 ], [ -123.947797999964322, 49.226532001061699 ], [ -123.952749999743318, 49.22772200086213 ], [ -123.948347000337932, 49.228729000723625 ], [ -123.940322999789501, 49.213077000586431 ], [ -123.951186999752494, 49.209965001184379 ], [ -123.958686999632889, 49.210552000534861 ], [ -123.969516000602212, 49.206463000594667 ], [ -123.968612000391133, 49.199566000731792 ], [ -123.956230000047739, 49.192299001084848 ], [ -123.948918999349132, 49.19329500041777 ], [ -123.950997000357617, 49.18893800053943 ], [ -123.941567000442973, 49.171875000318138 ], [ -123.93438700059194, 49.166058000818829 ], [ -123.932373000438758, 49.168411001143504 ], [ -123.929024999744911, 49.163422000863214 ], [ -123.923698000047594, 49.162124001159434 ], [ -123.921622999327454, 49.15815400075487 ], [ -123.928000999387635, 49.15498300075749 ], [ -123.928412999288199, 49.14625200111341 ], [ -123.915648999875572, 49.131142001119734 ], [ -123.91739499959327, 49.135864001047906 ], [ -123.907897999429395, 49.131489001032079 ], [ -123.893982000486602, 49.129631000752283 ], [ -123.895264000473219, 49.138344000694445 ], [ -123.890762999549779, 49.138470000794229 ], [ -123.890908000296633, 49.136616000821078 ], [ -123.887122000150555, 49.141026001124835 ], [ -123.886437000121973, 49.137150000309802 ], [ -123.889700999654863, 49.134918000849915 ], [ -123.889878000004813, 49.134533001077912 ], [ -123.889426999444936, 49.133995001004564 ], [ -123.885170999413475, 49.137772000786498 ], [ -123.882790000655575, 49.137184000435866 ], [ -123.885398000655172, 49.138451000546667 ], [ -123.884933999512839, 49.140602000433681 ], [ -123.880150999809317, 49.13499400050074 ], [ -123.874930999302634, 49.134361001005757 ], [ -123.877325999497998, 49.131851000432079 ], [ -123.872382999782914, 49.133274000844523 ], [ -123.878851999588477, 49.136638000626959 ], [ -123.886969999901993, 49.146324000309178 ], [ -123.893944000015168, 49.162296000449423 ], [ -123.892515999596654, 49.16598900065673 ], [ -123.886818999604074, 49.153877000802012 ], [ -123.87239799935162, 49.142158001049374 ], [ -123.862091000356173, 49.139126000968936 ], [ -123.8468630000758, 49.139912000884728 ], [ -123.831422000415841, 49.134621000609023 ], [ -123.819447999617324, 49.135865000586023 ], [ -123.827480999817482, 49.117008000613559 ], [ -123.845024000404237, 49.110440000652389 ], [ -123.850837000136138, 49.086217000781474 ], [ -123.839302999659424, 49.07170900051085 ], [ -123.872813999902334, 49.082647000660501 ], [ -123.878931999936626, 49.071663000569416 ], [ -123.884555000415858, 49.071396000719062 ], [ -123.885377999612601, 49.068725001135796 ], [ -123.894564999584858, 49.069997001143086 ], [ -123.898723000519382, 49.068273000890372 ], [ -123.909958000467583, 49.07508500091906 ], [ -123.91499799939831, 49.072159000458413 ], [ -123.923968000073273, 49.072627001001798 ], [ -123.928111999869586, 49.069768000963393 ], [ -123.933724000321376, 49.072605000537813 ], [ -123.942924000636708, 49.072194000619859 ], [ -123.94509199990803, 49.069296000610791 ], [ -123.953999999432398, 49.068248001115677 ], [ -123.961889000448423, 49.064241000536597 ], [ -123.96557300026889, 49.064563000882181 ], [ -123.969980999545768, 49.07165800068082 ], [ -123.988154000520566, 49.073092000961438 ], [ -124.008944999552781, 49.071464000775087 ], [ -124.01569600042663, 49.077635000505012 ], [ -124.020817999862288, 49.077141000984362 ], [ -124.024578000020639, 49.080192000970996 ], [ -124.028713999508412, 49.075901000455758 ], [ -124.033182000377394, 49.075773000308473 ], [ -124.034996999944184, 49.078115000317901 ], [ -124.048102000015746, 49.0757930009026 ], [ -124.052936000224349, 49.077602000716595 ], [ -124.056322999567627, 49.072835000404517 ], [ -124.100767999967232, 49.080967000988316 ], [ -124.095818999946289, 49.082380000589033 ], [ -124.098054999537652, 49.086698001120865 ], [ -124.121806999429367, 49.092586000533188 ], [ -124.131902999905321, 49.091524001165553 ], [ -124.132351000119073, 49.104611000512449 ], [ -124.135233999670319, 49.108051000678465 ], [ -124.148786999702395, 49.113912000714997 ], [ -124.163025000351709, 49.115646000495815 ], [ -124.175612000032487, 49.119980000984697 ], [ -124.200313999891236, 49.115705000662928 ], [ -124.214272999685562, 49.118222000789231 ], [ -124.225571000214401, 49.115921001192525 ], [ -124.240189000149272, 49.129533001182281 ], [ -124.266562999668565, 49.138122001018708 ], [ -124.269237999771448, 49.143800000926916 ], [ -124.260872999871609, 49.148115000890527 ], [ -124.26053600025341, 49.151155000690373 ], [ -124.266412000606152, 49.160743000968182 ], [ -124.274479999446726, 49.159305000570541 ], [ -124.273640000436927, 49.152590000552479 ], [ -124.288370000388682, 49.145486001088408 ], [ -124.297750000192167, 49.135499001177465 ], [ -124.305337999520589, 49.116685000955108 ], [ -124.313904999922443, 49.112422000824083 ], [ -124.322217999483399, 49.112197000950793 ], [ -124.326830000318495, 49.117776000732015 ], [ -124.336240000391484, 49.119745000696774 ], [ -124.337700000086826, 49.122976000921796 ], [ -124.349952999641147, 49.128145000726455 ], [ -124.357458000125433, 49.13438100081747 ], [ -124.364648999865594, 49.13471000114022 ], [ -124.369776999421276, 49.143934001042865 ], [ -124.401589999570064, 49.143255000838735 ], [ -124.407982000324452, 49.139502000400576 ], [ -124.405426000003516, 49.134932000827739 ], [ -124.416804000469654, 49.129450000374995 ], [ -124.423448999950068, 49.127285001033989 ], [ -124.436944000642924, 49.128949001026719 ], [ -124.436232999534909, 49.126065000311428 ], [ -124.425901000581888, 49.119672000428103 ], [ -124.430886999697307, 49.114198001125921 ], [ -124.43911400015557, 49.114631000889972 ], [ -124.451349000041333, 49.119944000892581 ], [ -124.465892999413768, 49.110508000707306 ], [ -124.475338999341588, 49.116406000525188 ], [ -124.487055000398485, 49.119858001193968 ], [ -124.493809999824478, 49.119123000540434 ], [ -124.515158000603947, 49.126258000305739 ], [ -124.524148999481227, 49.122388000795631 ], [ -124.530901000322373, 49.113703000438107 ], [ -124.523004999604026, 49.101339000431146 ], [ -124.526672000604037, 49.077424000322473 ], [ -124.517558000347734, 49.065161000372775 ], [ -124.532031999405987, 49.066895000576842 ], [ -124.550870000010448, 49.060503000352711 ], [ -124.53495600020922, 49.054788001175311 ], [ -124.530178000102779, 49.049773000322496 ], [ -124.521896000194886, 49.028971000709923 ], [ -124.511649999873129, 49.029038000479773 ], [ -124.507116999757855, 49.016705001040748 ], [ -124.493006000424003, 49.013060000694722 ], [ -124.493962999520818, 49.006633000533945 ], [ -124.508719999525042, 48.991260000424639 ], [ -124.518374000199529, 48.974965000430593 ], [ -124.518798000274444, 48.963412000939066 ], [ -124.527584000350444, 48.958766000911638 ], [ -124.529742000363967, 48.954182000901078 ], [ -124.539440000160823, 48.958681000736981 ], [ -124.555879999764016, 48.950612000632525 ], [ -124.560740000422129, 48.967428000421677 ], [ -124.574454999951428, 48.969410000292122 ], [ -124.57775399983332, 48.975316000314663 ], [ -124.58061000023649, 48.974220000429504 ], [ -124.585728000330818, 48.977887000648998 ], [ -124.602271999792492, 48.97689800082567 ], [ -124.601045999568996, 48.971590000462122 ], [ -124.607506000553869, 48.967344000832419 ], [ -124.604656999918802, 48.962881001154045 ], [ -124.61173899986531, 48.952917000828485 ], [ -124.607762999302153, 48.94946400092573 ], [ -124.608037000536584, 48.938125000317989 ], [ -124.603508999815347, 48.930477000854609 ], [ -124.608505999949301, 48.926962000919254 ], [ -124.607244999598066, 48.923350000710599 ], [ -124.611170999419755, 48.919760000277094 ], [ -124.607713000149815, 48.912714001068409 ], [ -124.61423199937839, 48.907414000613237 ], [ -124.615241000088574, 48.902955000596542 ], [ -124.603287999315981, 48.903424000881614 ], [ -124.594348999794676, 48.91493800044352 ], [ -124.569881999737873, 48.914220000465228 ], [ -124.563186000513682, 48.912062000524173 ], [ -124.560254999940383, 48.895562001145649 ], [ -124.563416999428256, 48.89175100075159 ], [ -124.554805000080137, 48.886070000968104 ], [ -124.533988999566546, 48.879682000628186 ], [ -124.509688000351701, 48.86501600100906 ], [ -124.499127999846806, 48.850355000825566 ], [ -124.490218999671939, 48.848460000465501 ], [ -124.484521000015505, 48.849762001109433 ], [ -124.473237000514857, 48.841512000893609 ], [ -124.467981999483655, 48.84503800051116 ], [ -124.449481999724668, 48.841435000982727 ], [ -124.441007999301917, 48.833940001016757 ], [ -124.416444999423589, 48.829071000920386 ], [ -124.408931000057834, 48.825407001031785 ], [ -124.414463000563686, 48.811520000957238 ], [ -124.412355000317802, 48.803199000648 ], [ -124.402140999311342, 48.78823200039043 ], [ -124.386646000203882, 48.7824170006092 ], [ -124.376573999958254, 48.770900000511496 ], [ -124.358216999647496, 48.768004000916775 ], [ -124.356322999434212, 48.765777000404952 ], [ -124.358851999402987, 48.761108000839357 ], [ -124.345620000195353, 48.756144000870712 ], [ -124.321385999688019, 48.752417000983606 ], [ -124.304121999335408, 48.745092000531464 ], [ -124.286435000338514, 48.754210000530378 ], [ -124.272509000352329, 48.755704000640662 ], [ -124.266596000139927, 48.753621000564628 ], [ -124.257173000304874, 48.753914000254355 ], [ -124.250735000584044, 48.756910001122527 ], [ -124.236399000157903, 48.756978000676128 ], [ -124.222934999570029, 48.762435000530232 ], [ -124.196814999835382, 48.755174000579153 ], [ -124.193066000408379, 48.756234000581181 ], [ -124.190835999973118, 48.761696000522043 ], [ -124.178583000626702, 48.763743000699257 ], [ -124.171169000525836, 48.755645000470523 ], [ -124.173279999474403, 48.751256000763895 ], [ -124.176987000462205, 48.750134000575471 ], [ -124.17828199979877, 48.74305400104388 ], [ -124.16227999977356, 48.740801001113788 ], [ -124.148682000558878, 48.733838001026484 ], [ -124.131211000455608, 48.735505000459121 ], [ -124.112691999594929, 48.742513000857457 ], [ -124.113259000536416, 48.737991000747606 ], [ -124.099674999681255, 48.733583000874155 ], [ -124.08670700027487, 48.71860100047455 ], [ -124.075756999985472, 48.717588000295116 ], [ -124.071743000263822, 48.714373000948179 ], [ -124.069744999895761, 48.703947000595967 ], [ -124.07549199975584, 48.692530000629233 ], [ -124.070769999517154, 48.685250000904396 ], [ -124.060056000033924, 48.679781000655844 ], [ -124.032476000355629, 48.671969000446971 ], [ -124.021554999451482, 48.676259000954488 ], [ -124.008145000175915, 48.678259000456755 ], [ -123.994792000258727, 48.677333000325369 ], [ -123.980659000111757, 48.665184000978584 ], [ -123.96153500017779, 48.657436000617864 ], [ -123.954296000621824, 48.641420001097465 ], [ -123.944608999367006, 48.640078000891663 ], [ -123.932767999474393, 48.634588000665431 ], [ -123.935892000321232, 48.628850000986425 ], [ -123.942839999696048, 48.627673000791866 ], [ -123.945596000109987, 48.623615000333324 ], [ -123.932625000464711, 48.61760300078484 ], [ -123.920465000463778, 48.616479000683547 ], [ -123.912906999945932, 48.604033000564769 ], [ -123.90407600046376, 48.60135800082611 ], [ -123.89831099929151, 48.594052000647032 ], [ -123.893937000021722, 48.582366000792931 ], [ -123.887707999904919, 48.579616000725046 ], [ -123.866264999653623, 48.574227000632987 ], [ -123.841624999818094, 48.571833001031983 ], [ -123.83194299937675, 48.572803000212112 ], [ -123.816853000596481, 48.578243000984784 ], [ -123.807160999862788, 48.58705600047135 ], [ -123.817889999653431, 48.5998180002778 ], [ -123.821804000023704, 48.609848000286696 ], [ -123.812504000166982, 48.613638001097002 ], [ -123.802471000340304, 48.612377000969495 ], [ -123.789037000437105, 48.615394001099375 ], [ -123.781737999554792, 48.612601000557213 ], [ -123.77342399968046, 48.605073000215953 ], [ -123.757517999616795, 48.602525000743675 ], [ -123.745508999960904, 48.607227001007651 ], [ -123.743490000473088, 48.610470000259532 ], [ -123.744792000613828, 48.623138000612386 ], [ -123.736571000541346, 48.624153000529439 ], [ -123.727357000201792, 48.622017000691685 ], [ -123.713648999735213, 48.615968000665411 ], [ -123.71366499994005, 48.610641000211032 ], [ -123.708730000114002, 48.609232001018995 ], [ -123.701107999758548, 48.617070000331644 ], [ -123.691639999792443, 48.621194000229053 ], [ -123.669738999362778, 48.618723000465579 ], [ -123.665930999917208, 48.616712000885059 ], [ -123.662518999698875, 48.605621000692167 ], [ -123.65707199943752, 48.605149000359994 ], [ -123.647766000506891, 48.594280000938511 ], [ -123.647370000268211, 48.573365000986946 ], [ -123.657215999788349, 48.565554001061592 ], [ -123.657200999466468, 48.557727000664379 ], [ -123.641137000537171, 48.546321000715665 ], [ -123.63347700019564, 48.550312000423141 ], [ -123.625955000506735, 48.539153000467685 ], [ -123.627396999823503, 48.534953000647938 ], [ -123.616151999658868, 48.529796000591389 ], [ -123.60642600037491, 48.529290001089706 ], [ -123.608126000079068, 48.523928000387478 ], [ -123.602391999344903, 48.521808000381654 ], [ -123.593038000354767, 48.522342000950857 ], [ -123.572785999996356, 48.511406000700987 ], [ -123.566851000328526, 48.491922000650661 ], [ -123.558798999365735, 48.48479500045493 ], [ -123.548232999292267, 48.484821000589989 ], [ -123.550085999815892, 48.491524001030861 ], [ -123.547827999920756, 48.498711000894147 ], [ -123.534552999720248, 48.517559000916641 ], [ -123.538694999446051, 48.538853000628031 ], [ -123.536484000181176, 48.547203000902918 ], [ -123.507537999655796, 48.552334000294138 ], [ -123.504561999999879, 48.554237000972343 ], [ -123.505532000460008, 48.557453001059713 ], [ -123.49446800047933, 48.565769000233388 ], [ -123.487794000441113, 48.577446000701229 ], [ -123.473794999805676, 48.572746000330717 ], [ -123.476646000524511, 48.565907000790894 ], [ -123.475990999512391, 48.560513000803056 ], [ -123.463592000272541, 48.558906000566289 ], [ -123.475455999357095, 48.564094001076356 ], [ -123.473632000242347, 48.568455000987527 ], [ -123.469642000153769, 48.566963000448595 ], [ -123.471128999878061, 48.570022000416621 ], [ -123.462463999426461, 48.571075000465342 ], [ -123.465462000105035, 48.577450000723196 ], [ -123.470756000325679, 48.579849000493027 ], [ -123.466583000228169, 48.582500000636514 ], [ -123.464331999390865, 48.590401000374065 ], [ -123.481192999374741, 48.597942000389338 ], [ -123.474906999466498, 48.599262000398539 ], [ -123.479826999938908, 48.600880000316153 ], [ -123.481483000000935, 48.606983000341444 ], [ -123.464339000259386, 48.628887000397974 ], [ -123.467436999583441, 48.630962000475449 ], [ -123.47843099939702, 48.626076000511283 ], [ -123.479438999725701, 48.630692001029395 ], [ -123.472969000098814, 48.641533000743784 ], [ -123.445715000395467, 48.654232000791517 ], [ -123.45510800021566, 48.665340000899675 ], [ -123.462675999669599, 48.666287000640629 ], [ -123.470619000522632, 48.664085001082803 ], [ -123.473314000476833, 48.665279000611484 ], [ -123.472458000093567, 48.668461000699608 ], [ -123.478440000339518, 48.668407000404088 ], [ -123.482452000373556, 48.671764000917165 ], [ -123.481788000032594, 48.674549000839853 ], [ -123.488472000415626, 48.676922000274686 ], [ -123.480988999711741, 48.680832001101535 ], [ -123.478025999782304, 48.679234000654112 ], [ -123.473823000251926, 48.680679000482279 ], [ -123.475731000354941, 48.683002000848461 ], [ -123.472992999392218, 48.686237000702363 ], [ -123.475013000322846, 48.688316000944376 ], [ -123.485122999862455, 48.688946000354193 ], [ -123.483458000209566, 48.692452000494384 ], [ -123.476272999336786, 48.695328000986997 ], [ -123.445832000178882, 48.699337000779913 ], [ -123.428495999931599, 48.695579000661944 ], [ -123.407569999597769, 48.686874000542929 ], [ -123.402357999500012, 48.688381001062439 ], [ -123.400595999545715, 48.685104000447801 ], [ -123.405670999354442, 48.683182001057524 ], [ -123.396712999521483, 48.674713000210232 ], [ -123.408172999555831, 48.675869000590481 ], [ -123.410758000230018, 48.674339001042007 ], [ -123.414032000480191, 48.681500000520892 ], [ -123.425871999589447, 48.676346000771233 ], [ -123.42281299949677, 48.674946000258288 ], [ -123.423027000063072, 48.676895000222117 ], [ -123.414718999725466, 48.678833000362616 ], [ -123.414228999830556, 48.67556800072002 ], [ -123.416456999926766, 48.673778000643523 ], [ -123.420059000137286, 48.675701001074337 ], [ -123.422492999289915, 48.671787000737467 ], [ -123.417190000587325, 48.671116000737925 ], [ -123.41850199953781, 48.67244300095502 ], [ -123.415496000179417, 48.672821000752634 ], [ -123.41243700002758, 48.668026001043138 ], [ -123.408814000280913, 48.669632000378328 ], [ -123.411712000098206, 48.667015000439903 ], [ -123.409972000155207, 48.665535000382022 ], [ -123.404312999824825, 48.667023000954977 ], [ -123.40422799971131, 48.669262000729169 ], [ -123.39790400032031, 48.667565000849301 ], [ -123.403954999584158, 48.664604000785943 ], [ -123.402182000324331, 48.658951000982704 ], [ -123.393012999399886, 48.6622470008638 ], [ -123.397378000207624, 48.652931000285911 ], [ -123.393968000447089, 48.646114000780045 ], [ -123.408234999524495, 48.632939000341132 ], [ -123.410080000074871, 48.626995000809586 ], [ -123.39566899948008, 48.60927600087188 ], [ -123.393462000314727, 48.600414000385783 ], [ -123.389053999871493, 48.599476000916837 ], [ -123.391502000612576, 48.594296000222521 ], [ -123.373094000605789, 48.589260000447148 ], [ -123.377082000177396, 48.592339000438798 ], [ -123.37335099968162, 48.593712000956486 ], [ -123.372047000167001, 48.59832000051474 ], [ -123.370452000110859, 48.59643900057587 ], [ -123.373220999680441, 48.591770000803145 ], [ -123.366957999856638, 48.573669000851957 ], [ -123.367652999369881, 48.560829000724738 ], [ -123.361849000227878, 48.558106000268815 ], [ -123.365888999686305, 48.549564000288441 ], [ -123.361350999642895, 48.543056000362462 ], [ -123.366882000272327, 48.532417000971648 ], [ -123.3661719999388, 48.516949000745214 ], [ -123.350371999916376, 48.505749000852845 ], [ -123.329673000193907, 48.49541100074515 ], [ -123.318047999329167, 48.493950000794612 ], [ -123.315353999748979, 48.498016000740755 ], [ -123.311858999560172, 48.495407000863274 ], [ -123.30587599952672, 48.495251000440369 ], [ -123.30024600021676, 48.488384000591964 ], [ -123.300752000119772, 48.486584000343576 ], [ -123.303193000171291, 48.487289000741931 ], [ -123.302961999956793, 48.476772000444896 ], [ -123.298620999307531, 48.473381000465622 ], [ -123.287780999615507, 48.470879000691959 ], [ -123.280921999555019, 48.466728000871136 ], [ -123.280486000630717, 48.463886000591678 ], [ -123.276176000075907, 48.464138000298028 ], [ -123.265031000500329, 48.453152001079296 ], [ -123.267189999557829, 48.450600001002421 ], [ -123.280883999514259, 48.45013400073212 ], [ -123.289436999477886, 48.459728000641228 ], [ -123.299368999491634, 48.455280000621848 ], [ -123.295967000126637, 48.450142000980087 ], [ -123.293699999417285, 48.449707000517968 ], [ -123.29321199983255, 48.450924000274448 ], [ -123.292152999822349, 48.450672000498116 ], [ -123.29173199979904, 48.438492000661157 ], [ -123.30005600022875, 48.437573000326175 ], [ -123.307563999346868, 48.427055000957431 ], [ -123.305815999494655, 48.42434300025127 ], [ -123.299880999739699, 48.425610000872872 ], [ -123.301659000215452, 48.423058000962293 ], [ -123.297820000294152, 48.420998000778759 ], [ -123.293602999803454, 48.411499000602966 ], [ -123.298407000244339, 48.411991000867189 ], [ -123.303970000268933, 48.409504000807132 ], [ -123.308701000252839, 48.412826000836738 ], [ -123.314208999716698, 48.41292200049908 ], [ -123.317543999442819, 48.410816000308991 ], [ -123.316115999664234, 48.40852300092137 ], [ -123.321806999457309, 48.405323000375247 ], [ -123.326249000271304, 48.411297000707549 ], [ -123.330144999839931, 48.411121000827769 ], [ -123.33151900047865, 48.40819500088714 ], [ -123.340490999765777, 48.410103000429423 ], [ -123.348777999583007, 48.406273000280734 ], [ -123.348899999596668, 48.402447000876705 ], [ -123.355476000443588, 48.407062000917904 ], [ -123.364616999378796, 48.406494000785081 ], [ -123.376410000245826, 48.409248000380195 ], [ -123.384085999379494, 48.415081000933654 ], [ -123.38568100004133, 48.41404000104616 ], [ -123.391007000062132, 48.412800001066735 ], [ -123.393966999992898, 48.41348300062662 ], [ -123.385337999334212, 48.414429000311635 ], [ -123.391470999710066, 48.414589000634628 ], [ -123.388182000255668, 48.416264000348967 ], [ -123.391418000431813, 48.416775001081461 ], [ -123.385971000412098, 48.418827000748635 ], [ -123.389053000300251, 48.42023800074687 ], [ -123.387733999807423, 48.423527000618499 ], [ -123.381950000249461, 48.422104000572219 ], [ -123.376359000379182, 48.424400000307052 ], [ -123.369170999963572, 48.420998000875407 ], [ -123.371833999340538, 48.433621000436595 ], [ -123.368500000394477, 48.434101000730109 ], [ -123.371262000177282, 48.435684000453506 ], [ -123.374558000552213, 48.433323000611658 ], [ -123.377283000511824, 48.434040000574846 ], [ -123.378340999370081, 48.437809000810304 ], [ -123.374601999287933, 48.438332001032478 ], [ -123.379464000265344, 48.438549000806219 ], [ -123.379701000180802, 48.442768000260045 ], [ -123.388513000468748, 48.440842000259785 ], [ -123.396134999671347, 48.446060000315526 ], [ -123.423240999939082, 48.453007000580875 ], [ -123.420242999780314, 48.458851000575933 ], [ -123.418554999794324, 48.456005000925259 ], [ -123.412458999998989, 48.459614000463368 ], [ -123.401626999426099, 48.455055001032605 ], [ -123.401108999904011, 48.455868000561324 ], [ -123.401334999561669, 48.457901000224467 ], [ -123.401786000304696, 48.455200000644894 ], [ -123.419181999293158, 48.464157000510767 ], [ -123.428628000280042, 48.463184000220004 ], [ -123.426824999305495, 48.459023000832445 ], [ -123.431091000252536, 48.460258000232308 ], [ -123.429558000586454, 48.455826000559107 ], [ -123.435767999634251, 48.458073000203157 ], [ -123.436277999620032, 48.460075000201861 ], [ -123.437315999923285, 48.460434000680358 ], [ -123.435364999862571, 48.461136000840668 ], [ -123.43540199990224, 48.462143000782063 ], [ -123.436287000470756, 48.46300500027516 ], [ -123.438294000484063, 48.460629000543975 ], [ -123.435677999754375, 48.457649000606267 ], [ -123.43026599998457, 48.455151000521184 ], [ -123.429621000507495, 48.453083001009738 ], [ -123.422042000570912, 48.460850000922512 ], [ -123.426375999385371, 48.454842000756308 ], [ -123.423247999831844, 48.451283000276021 ], [ -123.410208999788708, 48.448963000607286 ], [ -123.405584999327587, 48.444302000448637 ], [ -123.406258000385805, 48.447052000370682 ], [ -123.40025099950725, 48.446217000624429 ], [ -123.386915999880571, 48.43783200107034 ], [ -123.382987999546188, 48.438431001050631 ], [ -123.373771999499553, 48.430504000450917 ], [ -123.375763999489379, 48.425552000553601 ], [ -123.391745999890574, 48.430306000541137 ], [ -123.398139000054712, 48.428337000408249 ], [ -123.394172000429904, 48.424278000213825 ], [ -123.398215999634516, 48.424084000426163 ], [ -123.397164000060599, 48.419266000642025 ], [ -123.399276999871347, 48.42056300050735 ], [ -123.409684000071223, 48.417141001063989 ], [ -123.413458999937959, 48.41980000037141 ], [ -123.410552000055745, 48.419201000677234 ], [ -123.411582999341732, 48.420952001022627 ], [ -123.420279999954346, 48.422142000903115 ], [ -123.418952000564033, 48.426205000247997 ], [ -123.424635999438735, 48.425205000718591 ], [ -123.432311000053161, 48.428280000577139 ], [ -123.436761000314689, 48.427563000607833 ], [ -123.43958399964562, 48.430969000245994 ], [ -123.435333999468725, 48.432766000252236 ], [ -123.430168999835317, 48.430408000490175 ], [ -123.419150999787064, 48.433960000342452 ], [ -123.424027999515602, 48.434734000853084 ], [ -123.422318000139953, 48.43689700030351 ], [ -123.431479999800146, 48.437252000944603 ], [ -123.431183999676321, 48.439484000604487 ], [ -123.436257000542824, 48.440968000450376 ], [ -123.43055700021884, 48.443474001078947 ], [ -123.435981999613006, 48.44612500081594 ], [ -123.432349000510911, 48.447838000234469 ], [ -123.433966000079479, 48.450100000259518 ], [ -123.43968300002328, 48.448971000422375 ], [ -123.439812000084814, 48.450966000561642 ], [ -123.44420499956621, 48.451687000738055 ], [ -123.443162000231311, 48.45412800044874 ], [ -123.447694000623926, 48.452637000256189 ], [ -123.453787000571353, 48.458283001040172 ], [ -123.456208000003912, 48.456112000625389 ], [ -123.463837000325171, 48.457127000935309 ], [ -123.465843000100506, 48.452034000584085 ], [ -123.463378999656527, 48.455849001015224 ], [ -123.459535000352886, 48.456036000925167 ], [ -123.450111999309357, 48.448895000369838 ], [ -123.451080999768848, 48.441772000972058 ], [ -123.453957000142111, 48.442032000344277 ], [ -123.448128000191204, 48.437790000851429 ], [ -123.450104000264886, 48.434239000234783 ], [ -123.447738999646447, 48.430027000510407 ], [ -123.458762999479859, 48.432152000579997 ], [ -123.46830000029388, 48.431496000863355 ], [ -123.474960999608058, 48.427444000469904 ], [ -123.471551000077682, 48.421513000874235 ], [ -123.473106999797764, 48.41707200087621 ], [ -123.46219700040524, 48.42704800028406 ], [ -123.457656999293846, 48.43014200083126 ], [ -123.454085999381093, 48.430427000963135 ], [ -123.472602000200951, 48.416927000382181 ], [ -123.489013000380467, 48.393265000839818 ], [ -123.489759999476064, 48.396236001053978 ], [ -123.493055999959537, 48.39533200064654 ], [ -123.483122999887087, 48.389458000244744 ], [ -123.479026999274851, 48.390335000911996 ], [ -123.478401999752549, 48.386307000470687 ], [ -123.483689000357728, 48.384514000388826 ], [ -123.504438999606137, 48.387539000409234 ], [ -123.507018000591145, 48.382900000768259 ], [ -123.511075999808128, 48.386700000215583 ], [ -123.51580000050393, 48.389492000978542 ], [ -123.518661000295836, 48.387341000723218 ], [ -123.522636000318528, 48.388832000300539 ], [ -123.52147699997785, 48.386185000796587 ], [ -123.514890999901908, 48.385235000614642 ], [ -123.515991000564696, 48.383854000495752 ], [ -123.513472000122078, 48.385582000447428 ], [ -123.511367999739079, 48.386124000182519 ], [ -123.529328000460893, 48.37083800061891 ], [ -123.536215999908777, 48.359173000671845 ], [ -123.543733000122643, 48.356167000174025 ], [ -123.545059000560926, 48.351349000342424 ], [ -123.539848000556077, 48.347218000176404 ], [ -123.540067999760353, 48.340126000185862 ], [ -123.532783000276822, 48.34108700039468 ], [ -123.53111299966271, 48.343254000279799 ], [ -123.527282000020648, 48.343010000586226 ], [ -123.527573000211262, 48.34133500089613 ], [ -123.535681999406563, 48.337356000328334 ], [ -123.541633000468451, 48.337437000422 ], [ -123.546515000585586, 48.340717000401121 ], [ -123.552680000601569, 48.340183000366622 ], [ -123.573197000576258, 48.350609000796467 ], [ -123.572257999889572, 48.347340000863859 ], [ -123.577971999524848, 48.34921600039079 ], [ -123.574240000309189, 48.346958000867801 ], [ -123.560896999567348, 48.343803000159191 ], [ -123.551460000583745, 48.331616000676171 ], [ -123.548652999963551, 48.33257300100437 ], [ -123.54017699991617, 48.325153000598952 ], [ -123.540648999706093, 48.320179001007411 ], [ -123.557509999855711, 48.313026000278285 ], [ -123.560599999756704, 48.309025000965555 ], [ -123.564017999477912, 48.309070000240268 ], [ -123.564087999898433, 48.313427000338415 ], [ -123.576506999694644, 48.313183000433519 ], [ -123.578308000411766, 48.315136000309153 ], [ -123.586571999473307, 48.309994000333432 ], [ -123.590843999824031, 48.315891000953989 ], [ -123.600954000591912, 48.314606001033567 ], [ -123.598739999674208, 48.316490000483881 ], [ -123.603180000037739, 48.319614000296134 ], [ -123.59200999991296, 48.327961000539261 ], [ -123.588402000598009, 48.342739000961586 ], [ -123.595037999370348, 48.337856000880549 ], [ -123.603393000529522, 48.338039000465876 ], [ -123.603637000075011, 48.334946000682905 ], [ -123.608222999558123, 48.333767000520176 ], [ -123.614562000627174, 48.336758000383483 ], [ -123.626128999532412, 48.335174000185717 ], [ -123.627564000610334, 48.337208000552813 ], [ -123.632560000375605, 48.334366000654128 ], [ -123.634774000257863, 48.328831000714352 ], [ -123.629464000538206, 48.325710000426469 ], [ -123.635321999819567, 48.324714000616318 ], [ -123.637993999768042, 48.316891000424839 ], [ -123.651122999919934, 48.31388500065701 ], [ -123.65405299989483, 48.314281000692581 ], [ -123.653580000417975, 48.316524000523849 ], [ -123.667441999547805, 48.320385000466807 ], [ -123.668342999884672, 48.323376000477886 ], [ -123.67201199966027, 48.323967000836056 ], [ -123.669700000523008, 48.325520000594892 ], [ -123.682098000103849, 48.330791000961504 ], [ -123.685837000059252, 48.335903000400897 ], [ -123.704964000058396, 48.3397250007473 ], [ -123.707442999958886, 48.336670000409171 ], [ -123.708670999775322, 48.339569000897342 ], [ -123.714347999393084, 48.338947000625978 ], [ -123.710990999792443, 48.342587001028718 ], [ -123.716170999306328, 48.347755000909949 ], [ -123.717901999892433, 48.346764000652065 ], [ -123.718482999473352, 48.347103000679866 ], [ -123.715271000465776, 48.353645000339043 ], [ -123.702727999957617, 48.358795000628959 ], [ -123.704720000594691, 48.362766000819711 ], [ -123.71259299980801, 48.364510000859987 ], [ -123.716162000555144, 48.363190000174605 ], [ -123.717145999649333, 48.365837000909053 ], [ -123.712676999999601, 48.365967000508505 ], [ -123.707366000425026, 48.372345000467526 ], [ -123.698485999769559, 48.375332000464752 ], [ -123.691146999779704, 48.373917000854121 ], [ -123.682351000451874, 48.376453001009374 ], [ -123.682288999568797, 48.370075000214904 ], [ -123.677620000440214, 48.367127000569276 ], [ -123.66262700010725, 48.36319300026139 ], [ -123.657333000291644, 48.367912000403727 ], [ -123.651907999840063, 48.365566000201348 ], [ -123.662497999887634, 48.361286000241378 ], [ -123.652229000310015, 48.357647000360217 ], [ -123.652442999706196, 48.363377000969066 ], [ -123.648726999507218, 48.365639000544896 ], [ -123.644865999531035, 48.363175000664512 ], [ -123.638351000311303, 48.364708000658744 ], [ -123.635268999571508, 48.362995000782099 ], [ -123.636643000043819, 48.371868000888391 ], [ -123.623808999458106, 48.370129001039714 ], [ -123.636541999338789, 48.373596000350673 ], [ -123.633392999468981, 48.377914000274515 ], [ -123.638284999762917, 48.381683000169893 ], [ -123.634986000117664, 48.383339000369084 ], [ -123.635191999571433, 48.386692000783071 ], [ -123.632711999948384, 48.388172000259459 ], [ -123.63295800012655, 48.389286000944224 ], [ -123.638901000455121, 48.38973200055301 ], [ -123.64644600058854, 48.385784000488805 ], [ -123.655196000395051, 48.394642000636345 ], [ -123.662215999635563, 48.388790000240462 ], [ -123.660879999965431, 48.387394000284132 ], [ -123.653647999921958, 48.389065000627383 ], [ -123.65535799932141, 48.386833000497589 ], [ -123.660681999687071, 48.386795000910858 ], [ -123.664169000074949, 48.389542001051595 ], [ -123.681585999800646, 48.38845800075152 ], [ -123.691590000599746, 48.377819000722567 ], [ -123.699929999557966, 48.38549200047391 ], [ -123.69978200031909, 48.383778000615372 ], [ -123.706886999865091, 48.382530001056544 ], [ -123.725601000303328, 48.371731000943662 ], [ -123.732619000638522, 48.363709000231971 ], [ -123.726020999759172, 48.360241000609506 ], [ -123.726561999363255, 48.356690001028497 ], [ -123.716232999392219, 48.360226000524612 ], [ -123.711195999695491, 48.358238000925709 ], [ -123.717649999755565, 48.35880300058836 ], [ -123.734412000596009, 48.353897000697422 ], [ -123.753563999282036, 48.359161000863224 ], [ -123.756577000415263, 48.365486001014318 ], [ -123.76438799965905, 48.370468000878006 ], [ -123.760353999920653, 48.369846000955384 ], [ -123.76229800049849, 48.37153600024952 ], [ -123.779053000618788, 48.368824000628067 ], [ -123.786178999625037, 48.364502000496245 ], [ -123.803480999678925, 48.362915000581012 ], [ -123.822111999330644, 48.356854000664413 ], [ -123.836120999676638, 48.370239000864395 ], [ -123.863295999644578, 48.379585000577315 ], [ -123.892066999452069, 48.382748000473065 ], [ -123.905007000515994, 48.379463000261055 ], [ -123.911405999819053, 48.380077001009163 ], [ -123.921415999533025, 48.376411000694681 ], [ -123.943580999470029, 48.385704000204775 ], [ -123.944328999448402, 48.392498000496758 ], [ -123.950599999587965, 48.39645000104413 ], [ -123.962304000603339, 48.394230000705065 ], [ -123.971901000519708, 48.39521000061562 ], [ -123.975753000349854, 48.392567000759236 ], [ -123.981468000003289, 48.395783000587841 ], [ -123.986107000396672, 48.395466000617809 ], [ -123.984947999320127, 48.397362000184643 ], [ -123.99234600027529, 48.406307000271028 ], [ -124.01141400027123, 48.410793000556374 ], [ -124.036926000223843, 48.420776000840725 ], [ -124.04730999964336, 48.419819000478263 ], [ -124.069253000537145, 48.423000000514605 ], [ -124.095351000408414, 48.43559300032144 ], [ -124.106933999604749, 48.43258700027841 ], [ -124.115646999496533, 48.439358000264399 ], [ -124.147752000610822, 48.44651400056572 ], [ -124.151077999707113, 48.445690000435505 ], [ -124.165519000304627, 48.451042001055185 ], [ -124.206413000388864, 48.457500000919907 ], [ -124.254958999913868, 48.472252000522431 ], [ -124.273178000545201, 48.480633000213587 ], [ -124.292633000500274, 48.48505800026625 ], [ -124.292135999778793, 48.49179400066172 ], [ -124.308126999905525, 48.504002000261742 ], [ -124.365996999724842, 48.509250000740657 ], [ -124.394379000472483, 48.516266000369662 ], [ -124.400671999903452, 48.521442000882757 ], [ -124.402656000341068, 48.518883000495691 ], [ -124.407089999606342, 48.518539000671979 ], [ -124.41893800040009, 48.523201000231943 ], [ -124.429740000199956, 48.522732000196932 ], [ -124.446875999720419, 48.525875000451663 ], [ -124.458441999539858, 48.53230700066414 ], [ -124.457801999400459, 48.535713000843693 ], [ -124.448051999843869, 48.543949000551386 ], [ -124.430107999681482, 48.5499760009006 ], [ -124.425789000509894, 48.55428300036376 ], [ -124.421569999717434, 48.554733000760045 ], [ -124.421660999655373, 48.553280000468838 ], [ -124.407806000601042, 48.556088000413922 ], [ -124.405272999903872, 48.558529000882508 ], [ -124.384682000295783, 48.564041000562675 ], [ -124.386915999447993, 48.574559000837439 ], [ -124.401644999730436, 48.580817000513299 ], [ -124.411432999954997, 48.579295000633238 ], [ -124.416762999426837, 48.575104000488004 ], [ -124.436217999792547, 48.570061001080468 ], [ -124.446082999913671, 48.564674000469765 ], [ -124.468643000412939, 48.560207000803011 ], [ -124.497740999450372, 48.542801000995773 ], [ -124.550818999977125, 48.554958001024168 ], [ -124.550186999516882, 48.558772000954455 ], [ -124.554511000162833, 48.556377000704245 ], [ -124.564451999548524, 48.557384000565456 ], [ -124.597519000079942, 48.563911000465509 ], [ -124.597352000451664, 48.567116000341159 ], [ -124.600066000039703, 48.563713000542101 ], [ -124.607298999780156, 48.564621000883399 ], [ -124.616967000534103, 48.568066000420302 ], [ -124.616117999631598, 48.571304000379961 ], [ -124.622368000422185, 48.56838600077117 ], [ -124.637459000367329, 48.571075000577601 ], [ -124.655953000476373, 48.579430000828957 ], [ -124.652238000429222, 48.582119000331311 ], [ -124.654961000015888, 48.584087000364583 ], [ -124.653769999426231, 48.581997001021669 ], [ -124.659012000354892, 48.579666000539405 ], [ -124.678467000428867, 48.583862000353484 ], [ -124.692177000533817, 48.59049200052074 ], [ -124.698447999365413, 48.589561000602274 ], [ -124.716178000499099, 48.593559000782612 ], [ -124.722443000259219, 48.597858001107355 ], [ -124.738665000238385, 48.600895000377179 ], [ -124.749628999571527, 48.599569000890227 ], [ -124.776089999869356, 48.590661000603546 ], [ -124.785004000640299, 48.583972000848377 ], [ -124.792633000638659, 48.570478000325139 ], [ -124.787896869205468, 48.513093889294225 ], [ -124.720739846235787, 48.500632740602349 ], [ -124.402695540208754, 48.417813926725096 ], [ -124.002291151016323, 48.291432752841565 ], [ -123.770050409628226, 48.247506437211861 ], [ -123.558289111651803, 48.226745581520085 ], [ -123.404145816711093, 48.224847160798902 ], [ -123.246119798724905, 48.244051435312429 ], [ -123.188958677137038, 48.265758232508517 ], [ -123.155141725780609, 48.296995193396555 ], [ -123.136170585863695, 48.346480480920896 ], [ -123.144455908086968, 48.38598592142511 ], [ -123.178473994188096, 48.486873576148483 ], [ -123.229008295715701, 48.582807087381276 ], [ -123.261291123469036, 48.67287465351643 ], [ -123.260146999472198, 48.690792000205661 ], [ -123.221337430311678, 48.712881930338341 ], [ -123.124749113377433, 48.7103193234326 ], [ -123.022327728285035, 48.757473380513325 ], [ -122.99399098873802, 48.779876672668564 ], [ -123.008139426182808, 48.853431401604958 ], [ -123.234714119192844, 49.000606125825733 ], [ -122.757813000651353, 49.001192000346123 ] ] ] } },
{ "type": "Feature", "properties": { "NAME": "Te'mexw Treaty Association", "SCALE": "n/a" }, "geometry": { "type": "MultiPolygon", "coordinates": [ [ [ [ -123.453087999632331, 48.527255000900695 ], [ -123.445782000291942, 48.555973000942913 ], [ -123.447253000142197, 48.637494000433186 ], [ -123.444660000536501, 48.659356000259685 ], [ -123.436628000431853, 48.681728000997111 ], [ -123.421169000146605, 48.69764600093032 ], [ -123.398080999607416, 48.709797000934344 ], [ -123.375181000488368, 48.715312000536649 ], [ -123.175287000249142, 48.723301000566856 ], [ -123.155451999314607, 48.727548000681004 ], [ -123.14751699983141, 48.73412200059618 ], [ -123.148512999757003, 48.746287001072837 ], [ -123.160695999732781, 48.758955000252485 ], [ -123.195777999925312, 48.777068001079861 ], [ -123.239046000147155, 48.791281000640879 ], [ -123.258121999544969, 48.804460001097695 ], [ -123.294337000200741, 48.819558001030629 ], [ -123.309586999364541, 48.822928000408666 ], [ -123.332902999762624, 48.821995001070313 ], [ -123.405704000437154, 48.800401000387829 ], [ -123.447824999501975, 48.785046001058973 ], [ -123.476138999822325, 48.762487000819625 ], [ -123.489441000015887, 48.729200000602475 ], [ -123.504406999936435, 48.707851000761252 ], [ -123.508314999809329, 48.70489600094983 ], [ -123.528724999752399, 48.700923000296697 ], [ -123.578385000370801, 48.70036500057136 ], [ -123.657310999341362, 48.712788000517897 ], [ -123.720388999410858, 48.717854000840198 ], [ -123.781280999777806, 48.730285000820579 ], [ -123.835341999477635, 48.750377001076579 ], [ -123.854718000030232, 48.754877000360537 ], [ -123.884598999491459, 48.759986000582792 ], [ -123.951116000634158, 48.766824000722238 ], [ -124.02926999992269, 48.766481000289225 ], [ -124.133480999734545, 48.761267000796636 ], [ -124.151489000167217, 48.75622000031882 ], [ -124.170356999535642, 48.7458550009029 ], [ -124.189260000412261, 48.725689000480138 ], [ -124.19651899998118, 48.702649000351215 ], [ -124.195062000325564, 48.679461000929138 ], [ -124.188901999946665, 48.665324000611378 ], [ -124.176540000204284, 48.651831000496387 ], [ -124.14460500017303, 48.635117000466821 ], [ -124.10268800040096, 48.618766000294983 ], [ -124.027746999423115, 48.583662000950291 ], [ -123.983437999849144, 48.577226000857145 ], [ -124.061151999955442, 48.479751000229747 ], [ -124.096581999723554, 48.402043000227792 ], [ -124.114053999718962, 48.331853000230204 ], [ -124.11425299954675, 48.329754001005185 ], [ -124.01573899969641, 48.302292000800101 ], [ -123.836380000473838, 48.264835000182899 ], [ -123.652954000440587, 48.237564000763413 ], [ -123.536339000458611, 48.224247000979673 ], [ -123.226572000189009, 48.291094000178823 ], [ -123.111503999333635, 48.42012400040511 ], [ -123.115463000263574, 48.429062000469074 ], [ -123.142189000590463, 48.445206000391067 ], [ -123.204956000291062, 48.53657500022404 ], [ -123.228364999358149, 48.602117000998504 ], [ -123.299765000107982, 48.581638000933012 ], [ -123.453087999632331, 48.527255000900695 ] ] ], [ [ [ -122.796062999902674, 49.217984001071173 ], [ -122.773144999617458, 49.213843000985165 ], [ -122.760551999704347, 49.214864000899908 ], [ -122.756913999650607, 49.217377000854754 ], [ -122.765091000447114, 49.226192000458859 ], [ -122.777540999898093, 49.227264000685047 ], [ -122.788443999725487, 49.223742000634473 ], [ -122.796062999902674, 49.217984001071173 ] ] ], [ [ [ -124.851056000248619, 49.609241000963848 ], [ -124.857039000493302, 49.599948001216049 ], [ -124.85650799962454, 49.563455000396431 ], [ -124.844071000657777, 49.543675000990355 ], [ -124.77843100006848, 49.500384000901427 ], [ -124.760914000432578, 49.484746000406254 ], [ -124.725348000045344, 49.47404100039261 ], [ -124.686094999382249, 49.46749000050945 ], [ -124.677467999496557, 49.468321000850253 ], [ -124.678620999796792, 49.47816000059558 ], [ -124.684114999370223, 49.486649001068791 ], [ -124.690410000124444, 49.492340000858171 ], [ -124.722304999757185, 49.506288000539932 ], [ -124.73552400009963, 49.521414000466748 ], [ -124.746949000608865, 49.550084001173062 ], [ -124.773437000379403, 49.580326000519243 ], [ -124.822931000240487, 49.612215001060207 ], [ -124.833693999874015, 49.613266000545593 ], [ -124.851056000248619, 49.609241000963848 ] ] ], [ [ [ -124.090133999385657, 49.584450001201439 ], [ -124.129610000610256, 49.577180000640105 ], [ -124.151030999461312, 49.569996000955065 ], [ -124.192597999460148, 49.545405001214498 ], [ -124.240574999519581, 49.499777000802034 ], [ -124.258852000549297, 49.486451000675324 ], [ -124.295253000080677, 49.448330000924308 ], [ -124.3188370004506, 49.427760000971084 ], [ -124.4069939998801, 49.363975000946709 ], [ -124.425658000473604, 49.328167000505523 ], [ -124.445128999461133, 49.31777100070601 ], [ -124.478998000415274, 49.314159000639805 ], [ -124.58811599987564, 49.31848800092385 ], [ -124.651747000128864, 49.318652000935423 ], [ -124.664491000031759, 49.316962001084867 ], [ -124.681871000340294, 49.309349000428192 ], [ -124.705332000439952, 49.285743000770175 ], [ -124.718011999874747, 49.252020000904452 ], [ -124.712174000539136, 49.225466001121845 ], [ -124.6986360003947, 49.20620900039156 ], [ -124.6851209997251, 49.194763000577474 ], [ -124.651360000468344, 49.18117300101445 ], [ -124.631420999912748, 49.177362000448554 ], [ -124.613267000155517, 49.168229000419167 ], [ -124.602510000153032, 49.165598000675395 ], [ -124.591519000035277, 49.157766000606777 ], [ -124.568680000289774, 49.151278000620643 ], [ -124.560619999829015, 49.145086000636788 ], [ -124.546123999331968, 49.12620100055662 ], [ -124.500820000612265, 49.110799000955559 ], [ -124.449777999997949, 49.097139001119253 ], [ -124.326120000602856, 49.077374000791927 ], [ -124.167563999879619, 49.083576000348771 ], [ -124.12547399993754, 49.089076000543749 ], [ -124.113509000101601, 49.093312000872075 ], [ -124.089433000571745, 49.121622000791369 ], [ -124.077545000312895, 49.161530000497933 ], [ -124.066349999832539, 49.1779160009349 ], [ -124.013677999379368, 49.212201000852048 ], [ -123.839742999875611, 49.293156001129255 ], [ -123.822783999819649, 49.303605001134905 ], [ -123.820069000316423, 49.308481000487077 ], [ -123.847326999883947, 49.386699000526008 ], [ -123.875209999488177, 49.507421000946408 ], [ -123.887359999813114, 49.529082001125595 ], [ -123.918941000612023, 49.566473000516169 ], [ -123.930804999937976, 49.57612000094322 ], [ -123.946625999992079, 49.583263000916624 ], [ -123.997243999396062, 49.594203000672515 ], [ -124.015117999731288, 49.59412200038259 ], [ -124.090133999385657, 49.584450001201439 ] ] ] ] } },
{ "type": "Feature", "properties": { "NAME": "Tlowitsis First Nation", "SCALE": "n/a" }, "geometry": { "type": "Polygon", "coordinates": [ [ [ -126.220306368408629, 50.120619722177665 ], [ -126.18591144694355, 50.122534331891401 ], [ -126.169109409781925, 50.119633796183066 ], [ -126.163155441488513, 50.120837757164502 ], [ -126.160762876102083, 50.135603932443146 ], [ -126.145472023022535, 50.142587579814574 ], [ -126.131600322476885, 50.141102770553537 ], [ -126.126264866257912, 50.142824183938927 ], [ -126.111762495102099, 50.15775710998048 ], [ -126.102421867107822, 50.159359409159691 ], [ -126.098681558729098, 50.164744703803201 ], [ -126.092362077694048, 50.167716939539694 ], [ -126.092800516530374, 50.17418711406318 ], [ -126.081580192864692, 50.181965282008548 ], [ -126.06209871051739, 50.177038889099677 ], [ -126.044650527257488, 50.180869057459354 ], [ -126.044263633368089, 50.196089630000102 ], [ -126.037492774294009, 50.198543645651988 ], [ -126.039973911212272, 50.204319289755801 ], [ -126.036462881997792, 50.222230628734351 ], [ -126.031551907363877, 50.227151833274476 ], [ -126.013535017648096, 50.2364055478739 ], [ -126.01404838518387, 50.244469613879836 ], [ -126.020355746444565, 50.25151372329816 ], [ -126.010426349737585, 50.264725463970386 ], [ -126.010303654495942, 50.276569557022164 ], [ -125.996270712905286, 50.287776356603594 ], [ -125.992661282974169, 50.300646101411289 ], [ -126.001290182522865, 50.308551409914067 ], [ -126.007621114201584, 50.310100256713902 ], [ -126.032432926588342, 50.307596867506554 ], [ -126.038585058299105, 50.309373160301234 ], [ -126.041071014038081, 50.314582353048451 ], [ -126.0350635810413, 50.327284284965465 ], [ -126.041750219303211, 50.33054915152055 ], [ -126.049961236575783, 50.331243331850999 ], [ -126.055665691395291, 50.335706358131567 ], [ -126.052710392024892, 50.340857621962599 ], [ -126.037878385843499, 50.344906460952892 ], [ -125.994575279434429, 50.343614832622421 ], [ -125.98687081133771, 50.351106580065675 ], [ -125.991745268623347, 50.362612285088126 ], [ -126.019410649267854, 50.372015461650868 ], [ -126.030809095728586, 50.387366042184638 ], [ -126.039197077181882, 50.392860514345998 ], [ -126.016444213181146, 50.410350838580925 ], [ -126.006837730208645, 50.42327369214474 ], [ -126.015534846618564, 50.446742091493491 ], [ -126.015207283383276, 50.467450645465 ], [ -125.9949876578941, 50.490435509596665 ], [ -125.964266722098372, 50.512774700983741 ], [ -125.94253382288359, 50.523324027916239 ], [ -125.870313786223647, 50.549803363413154 ], [ -125.84443793774723, 50.570801794934695 ], [ -125.83326285893439, 50.565280702424211 ], [ -125.817546877405633, 50.567640726489429 ], [ -125.743823760504995, 50.5863093791992 ], [ -125.707682652331656, 50.593164242689397 ], [ -125.692981873929099, 50.600321742825365 ], [ -125.689978427113942, 50.61352378282772 ], [ -125.694837760379443, 50.621434228520805 ], [ -125.723617278490153, 50.633311457176632 ], [ -125.720737688131379, 50.648191243872347 ], [ -125.724185431358066, 50.656060443442421 ], [ -125.727510163471806, 50.65625441176477 ], [ -125.730778507817604, 50.661002065494969 ], [ -125.733891522008392, 50.6703057179053 ], [ -125.729474251657336, 50.69310936602173 ], [ -125.83761057130485, 50.690700666152082 ], [ -125.989831818359306, 50.68135848511659 ], [ -126.219390326536953, 50.647064306492702 ], [ -126.29746698056347, 50.639187556343288 ], [ -126.334008659965505, 50.630773949670321 ], [ -126.357770936801174, 50.619685416425142 ], [ -126.378881209946385, 50.620099620459811 ], [ -126.413354196434312, 50.616238238823129 ], [ -126.442119311778811, 50.620282699755997 ], [ -126.449117068181238, 50.618780852081287 ], [ -126.464144744922976, 50.608891189275447 ], [ -126.473023501577075, 50.6072042130697 ], [ -126.531676188935208, 50.608552286170138 ], [ -126.549234772240425, 50.60317565248527 ], [ -126.556137947165396, 50.591304012872278 ], [ -126.566759827437792, 50.584105935265406 ], [ -126.615715084295203, 50.578300506664434 ], [ -126.624269575752322, 50.563040856123678 ], [ -126.63382442651762, 50.55864795960796 ], [ -126.646935094498019, 50.559561346570398 ], [ -126.662058316065952, 50.564471633106066 ], [ -126.682352086559888, 50.573764058132916 ], [ -126.695216583373067, 50.584281912957891 ], [ -126.74447701185845, 50.604063157692373 ], [ -126.785562661529028, 50.60744253015924 ], [ -126.796303921869793, 50.604686761794383 ], [ -126.807977782531864, 50.598098733001592 ], [ -126.827453452271044, 50.578342971658458 ], [ -126.85591491997414, 50.560593829682126 ], [ -126.874727643274809, 50.552862164801894 ], [ -126.899954297539452, 50.548238162404004 ], [ -126.922272476687795, 50.53039815125544 ], [ -126.928601548676426, 50.506135870934955 ], [ -126.925664358674766, 50.496487009773062 ], [ -126.895082382473603, 50.466246687983016 ], [ -126.888481258101109, 50.456386123943176 ], [ -126.882056159949641, 50.434565517898733 ], [ -126.8801972408654, 50.424224309542474 ], [ -126.883621461414705, 50.385222936989564 ], [ -126.87129792719422, 50.345007726770781 ], [ -126.858828884075137, 50.323506698348531 ], [ -126.837722841067603, 50.302526767759232 ], [ -126.803369473562185, 50.289910358203421 ], [ -126.78099879531085, 50.284897707424719 ], [ -126.751061091514146, 50.273618351491805 ], [ -126.730039554970233, 50.268523287671819 ], [ -126.694456769279171, 50.275918037043638 ], [ -126.628090888434556, 50.274860780895168 ], [ -126.627542165684034, 50.282360611453342 ], [ -126.620303212921655, 50.289840245488818 ], [ -126.609824332483029, 50.294806186595956 ], [ -126.601514044153859, 50.293348575417234 ], [ -126.59636219862152, 50.286505086499581 ], [ -126.589859835317739, 50.258665655229528 ], [ -126.585523292869496, 50.252674801753443 ], [ -126.58070278865415, 50.25172001711573 ], [ -126.545400458839183, 50.283163736350112 ], [ -126.497335396176467, 50.296494395110578 ], [ -126.488354145312726, 50.288231914600345 ], [ -126.48701369231695, 50.275582529033855 ], [ -126.490241256459626, 50.265442747892266 ], [ -126.508049192041696, 50.239119908669068 ], [ -126.507123223742141, 50.234602138089997 ], [ -126.494831337832807, 50.222904458304463 ], [ -126.480176226471102, 50.21654271583472 ], [ -126.466529429711059, 50.213727294877025 ], [ -126.456591718214312, 50.21919483923665 ], [ -126.449360025388316, 50.230550478044286 ], [ -126.416286760654657, 50.226922619305306 ], [ -126.394762949963521, 50.216502049305731 ], [ -126.376462431172328, 50.226623500587607 ], [ -126.356447697584244, 50.23296119994567 ], [ -126.334265370411956, 50.233695672952209 ], [ -126.323643509555836, 50.228395859060775 ], [ -126.320575198742063, 50.217467095364896 ], [ -126.301389509164011, 50.206857988825647 ], [ -126.270179983769737, 50.223219950668586 ], [ -126.264301454781148, 50.223459439182093 ], [ -126.24656319049943, 50.217760026632398 ], [ -126.222776795068313, 50.21423395842826 ], [ -126.20745103737768, 50.207326222461617 ], [ -126.20530264908362, 50.199718464978858 ], [ -126.209481659768713, 50.195707515728337 ], [ -126.204488179868051, 50.188786977561861 ], [ -126.192287269752228, 50.182564314215078 ], [ -126.190485993670549, 50.162307512500519 ], [ -126.18736851223872, 50.158183728470533 ], [ -126.19314138840933, 50.150002520631773 ], [ -126.207726730361998, 50.150048466474225 ], [ -126.225789184647965, 50.15529435241276 ], [ -126.227742576957411, 50.153226874299634 ], [ -126.230293063650606, 50.137149656698007 ], [ -126.220760013938431, 50.126567298613189 ], [ -126.220306368408629, 50.120619722177665 ] ] ] } },
{ "type": "Feature", "properties": { "NAME": "Quatsino First Nation", "SCALE": "1:250000" }, "geometry": { "type": "Polygon", "coordinates": [ [ [ -127.453313000593823, 50.259271000889207 ], [ -127.435748000642391, 50.256664000500002 ], [ -127.424339999997613, 50.258012001068671 ], [ -127.416365000537581, 50.256501001062126 ], [ -127.411852000426208, 50.252149001242792 ], [ -127.39701299933823, 50.254184000529371 ], [ -127.387835000226232, 50.258429000886004 ], [ -127.382136999525784, 50.257657000687146 ], [ -127.374274999940681, 50.247510000922709 ], [ -127.331151000444777, 50.232022001279653 ], [ -127.296951000178723, 50.232425001228172 ], [ -127.295645999364282, 50.244656001287552 ], [ -127.292188999616698, 50.246782001089393 ], [ -127.29212199976962, 50.251818000876938 ], [ -127.298841999799492, 50.261243001026756 ], [ -127.296330000577399, 50.277774001236608 ], [ -127.278100000455822, 50.276165001260509 ], [ -127.260924000644238, 50.280317000729511 ], [ -127.247313999330601, 50.274428001125642 ], [ -127.241714999503671, 50.267175000809068 ], [ -127.23490699977414, 50.264949000959554 ], [ -127.216568999667558, 50.270533000610634 ], [ -127.204002000375837, 50.27184200128255 ], [ -127.184746999358026, 50.263007001144949 ], [ -127.170828000366726, 50.276550000866159 ], [ -127.161436000490241, 50.293006000967587 ], [ -127.142123999684699, 50.287770001105898 ], [ -127.13635600070954, 50.291302001200982 ], [ -127.143977999784653, 50.312984000792554 ], [ -127.137083999550725, 50.315787000811866 ], [ -127.125682999724575, 50.314228000527763 ], [ -127.114166999546015, 50.319870000549471 ], [ -127.108495000079145, 50.31764600055179 ], [ -127.105039999493926, 50.319047001382735 ], [ -127.101540000228198, 50.323334000813141 ], [ -127.101334000295395, 50.334844000557659 ], [ -127.088686999435723, 50.339745001234071 ], [ -127.079388999370337, 50.34829000120439 ], [ -127.089525000197611, 50.356318001356108 ], [ -127.096368000615342, 50.357833001165694 ], [ -127.099797000210515, 50.35715200070814 ], [ -127.102234999478512, 50.349259001079623 ], [ -127.12843899995795, 50.353857001332265 ], [ -127.131796999663592, 50.357491001148475 ], [ -127.137501999368311, 50.358275000857958 ], [ -127.139652000291576, 50.366935000958478 ], [ -127.149886000355849, 50.369922001132487 ], [ -127.153190999876983, 50.377161001043568 ], [ -127.172568000504128, 50.381677000829427 ], [ -127.174629999661178, 50.395381000637308 ], [ -127.173421999344598, 50.398968000737277 ], [ -127.164170000217396, 50.405352000644974 ], [ -127.165213999395675, 50.411836001229254 ], [ -127.185226000528175, 50.448756001129354 ], [ -127.205657999887791, 50.460478001197309 ], [ -127.392993999910331, 50.608306001091087 ], [ -127.434138999841224, 50.629507000534403 ], [ -127.462813000076352, 50.634763001215852 ], [ -127.495005000238436, 50.635004000622388 ], [ -127.511150000600509, 50.629356000936916 ], [ -127.545656999662711, 50.624567001055595 ], [ -127.568705000258561, 50.61608300121496 ], [ -127.581339999379978, 50.616166001129756 ], [ -127.615754999626361, 50.625025000606193 ], [ -127.631802999699119, 50.632320001002107 ], [ -127.669607999588251, 50.655574001124876 ], [ -127.700640000498538, 50.657903001320527 ], [ -127.729363999823974, 50.666691000810623 ], [ -127.754646999929264, 50.668979001308657 ], [ -127.804118999393069, 50.663462000862253 ], [ -127.865065999780512, 50.664441001192031 ], [ -127.891522000689079, 50.668868000931276 ], [ -127.905318000271848, 50.668918001178277 ], [ -127.9087629999065, 50.671090001181668 ], [ -127.909914000082765, 50.681884001253799 ], [ -127.924868000317687, 50.684100000991776 ], [ -127.938684000575805, 50.693499001276876 ], [ -127.932927000484568, 50.705713000798895 ], [ -127.922573000168981, 50.710717001020889 ], [ -127.916822999719415, 50.719325000725846 ], [ -127.930634999967893, 50.728014001050056 ], [ -127.93063600061825, 50.732330000989641 ], [ -127.934090000387712, 50.733774000559642 ], [ -127.958274000637971, 50.72954100066999 ], [ -127.974392999478184, 50.731752000800398 ], [ -127.992832999373903, 50.736122000593149 ], [ -128.056251999723969, 50.760034000848783 ], [ -128.070171000135645, 50.789563000953322 ], [ -128.07858699996109, 50.901169000743693 ], [ -128.075343999952111, 50.941378001066191 ], [ -128.273782000687675, 50.920276001302341 ], [ -128.469331999908178, 50.870774001322857 ], [ -128.616195999475337, 50.813820001277875 ], [ -128.719570999455158, 50.761852001060369 ], [ -128.277171000043097, 50.217511000950395 ], [ -128.004071000379241, 50.056347001209453 ], [ -127.956555000069329, 50.044820001307173 ], [ -127.937505000213235, 50.060292001097231 ], [ -127.877269999935095, 50.09818400057528 ], [ -127.684574999600969, 50.213059000708014 ], [ -127.564346999752004, 50.290010000849101 ], [ -127.552925999886597, 50.292090000589873 ], [ -127.54152399954846, 50.289852000708173 ], [ -127.533572000103419, 50.285480000563702 ], [ -127.526815999479396, 50.276076000813163 ], [ -127.511975999947538, 50.276688001091848 ], [ -127.49717400032776, 50.272972000951675 ], [ -127.488127000699478, 50.265713000599682 ], [ -127.466481000370592, 50.263388001275324 ], [ -127.453313000593823, 50.259271000889207 ] ] ] } },
{ "type": "Feature", "properties": { "NAME": "Tla-o-qui-aht First Nation", "SCALE": "n/a" }, "geometry": { "type": "Polygon", "coordinates": [ [ [ -126.029913674704105, 49.078631252376141 ], [ -125.807270174541088, 48.975383456680355 ], [ -125.72059054408841, 49.038485487484685 ], [ -125.692223065997197, 49.038642762663578 ], [ -125.685622609964199, 49.031867187927588 ], [ -125.67964366502251, 49.033061988063871 ], [ -125.673111110958772, 49.040087788470672 ], [ -125.650351416731226, 49.03701312499291 ], [ -125.645621775819478, 49.042312754138557 ], [ -125.635317813240249, 49.043596939249014 ], [ -125.629824602443733, 49.041158284486549 ], [ -125.626705666028599, 49.035547543932722 ], [ -125.626563713145316, 49.031389026328156 ], [ -125.633101147634491, 49.024481462036711 ], [ -125.624070409297502, 49.014632450624511 ], [ -125.617881663115853, 49.01370134842886 ], [ -125.611267029255202, 49.016665924432679 ], [ -125.604288078216385, 49.01340630846029 ], [ -125.586967591108873, 49.01340509680729 ], [ -125.578853273384595, 49.017583198561042 ], [ -125.575354232623653, 49.017107399371291 ], [ -125.576058109034179, 49.011881481535333 ], [ -125.570198744219795, 49.012232673691528 ], [ -125.557221919112138, 49.003132956144498 ], [ -125.554953572316634, 49.004730452265584 ], [ -125.54744326168445, 49.002170691840355 ], [ -125.539235568630815, 49.010889872698684 ], [ -125.532566904170267, 49.011774062550316 ], [ -125.526123740444291, 49.003867884057286 ], [ -125.521919908066764, 49.003321114687864 ], [ -125.509941194167396, 49.008341802365052 ], [ -125.500197694243809, 49.000015401123918 ], [ -125.493511167461307, 49.010956222011473 ], [ -125.491644839086035, 49.025863748405946 ], [ -125.47949279379435, 49.032063746252931 ], [ -125.474211216405138, 49.041452664311059 ], [ -125.462063711688515, 49.044852570922586 ], [ -125.454432219205742, 49.050561485365833 ], [ -125.456047415024884, 49.053028368722309 ], [ -125.451539062190491, 49.055481298223725 ], [ -125.44917408005827, 49.063579226695914 ], [ -125.452012297264687, 49.069650162916815 ], [ -125.448075338729865, 49.073120873502859 ], [ -125.451141815140247, 49.076245071308662 ], [ -125.443094748390067, 49.089298947768938 ], [ -125.430624717860994, 49.098716423338509 ], [ -125.409685598611617, 49.104940430708929 ], [ -125.391972562793143, 49.121039487765756 ], [ -125.380709449382778, 49.127246125601161 ], [ -125.380335917984397, 49.135580185275458 ], [ -125.374560649601705, 49.139729623343513 ], [ -125.370772875171085, 49.150855281644581 ], [ -125.360039187009789, 49.151381085796388 ], [ -125.353198849314936, 49.157309815418159 ], [ -125.345947226473342, 49.159486360198315 ], [ -125.346148106291054, 49.166998638848753 ], [ -125.321909437396528, 49.17022834596446 ], [ -125.315809915159818, 49.167305600290526 ], [ -125.309964177211853, 49.179761387485499 ], [ -125.312522419534801, 49.184788457410725 ], [ -125.300761168731043, 49.189341764011594 ], [ -125.288402919401449, 49.188980149497496 ], [ -125.282368276711068, 49.190930290210751 ], [ -125.281155819415119, 49.19920849186088 ], [ -125.276559477805947, 49.202776275555252 ], [ -125.287037122359564, 49.210234054379363 ], [ -125.281334510305058, 49.219347738482448 ], [ -125.293046005736244, 49.226915594276576 ], [ -125.290991236083656, 49.23100930763929 ], [ -125.296316378198568, 49.234335648427127 ], [ -125.29608021169193, 49.245392301208049 ], [ -125.303294176187038, 49.249751233117649 ], [ -125.320207216320924, 49.248967186579407 ], [ -125.323906455033807, 49.255262076238033 ], [ -125.322898171825983, 49.261345937271962 ], [ -125.338756860170051, 49.268420871058375 ], [ -125.346010589439317, 49.276338805131203 ], [ -125.355139210243266, 49.277803903296899 ], [ -125.356517121096346, 49.282408907674345 ], [ -125.370124237096803, 49.292026538421602 ], [ -125.386305738651316, 49.295566047368872 ], [ -125.389271500675264, 49.301923759985094 ], [ -125.409363792624134, 49.308725856107337 ], [ -125.436912292142253, 49.308993543837431 ], [ -125.453953378493381, 49.304935259151655 ], [ -125.473975348817362, 49.304643085950033 ], [ -125.481164406204158, 49.309387429617082 ], [ -125.495692461676569, 49.310945614053082 ], [ -125.501874544679623, 49.315939739218521 ], [ -125.510120407525946, 49.315891365244177 ], [ -125.515220615052897, 49.319657827566672 ], [ -125.55142903181212, 49.330405990211815 ], [ -125.553372859930519, 49.34159516504667 ], [ -125.567840784583993, 49.343100812667451 ], [ -125.577011612676827, 49.339774801415849 ], [ -125.582994969037841, 49.334252068466654 ], [ -125.602089048664382, 49.329100569300415 ], [ -125.607649835739963, 49.323356611690315 ], [ -125.61537773380482, 49.325098171186418 ], [ -125.624603490641761, 49.322927753802659 ], [ -125.632128257149674, 49.31959408159603 ], [ -125.637966874458982, 49.312731555387522 ], [ -125.648990706757644, 49.311143246285333 ], [ -125.650746583776282, 49.304463480359431 ], [ -125.659690161559695, 49.294676329060493 ], [ -125.67576971674184, 49.284588781879172 ], [ -125.678652497791035, 49.27743694710292 ], [ -125.675127210085975, 49.273996613344714 ], [ -125.67807378634636, 49.271791464310759 ], [ -125.677484676630741, 49.259637191766579 ], [ -125.693605667721499, 49.254358903071946 ], [ -125.689989682752014, 49.249184731252733 ], [ -125.692668833008369, 49.244668931982353 ], [ -125.690384684806332, 49.233935123007967 ], [ -125.705012707963391, 49.226418537198263 ], [ -125.703552225906236, 49.222084712125167 ], [ -125.693811708455982, 49.223117599933467 ], [ -125.691047728596843, 49.219839976197655 ], [ -125.695666110354594, 49.212201704922393 ], [ -125.720664164326791, 49.191440011982564 ], [ -125.723038138404348, 49.186779674915712 ], [ -125.721790054527048, 49.171842171614777 ], [ -125.729141046840283, 49.17230015153261 ], [ -125.735170153596897, 49.17011889486858 ], [ -125.740818773855636, 49.173003494578822 ], [ -125.739011605695396, 49.175733698460171 ], [ -125.749659940150153, 49.173845202158084 ], [ -125.757202504646997, 49.17544176801389 ], [ -125.773151484372761, 49.195242262765042 ], [ -125.770467440402527, 49.196993506758446 ], [ -125.775085164486597, 49.200427558314608 ], [ -125.771289082689535, 49.204405522282755 ], [ -125.772967222244077, 49.210793401866269 ], [ -125.779044306468251, 49.213373185050237 ], [ -125.779087630960547, 49.220664042482014 ], [ -125.792329115858479, 49.227002234445806 ], [ -125.794883408444861, 49.231524211491603 ], [ -125.80329431455425, 49.22994849002928 ], [ -125.810931173239169, 49.233905719027995 ], [ -125.812407413628776, 49.228417773066042 ], [ -125.820262589812415, 49.222396047630959 ], [ -125.832247323034224, 49.234221383969256 ], [ -125.842772047900965, 49.238344191258527 ], [ -125.85054832887873, 49.231624961147347 ], [ -125.863909405418482, 49.23723213281454 ], [ -125.873047553315871, 49.231341581104914 ], [ -125.880216379976815, 49.232661019307763 ], [ -125.888548640535262, 49.229146299522796 ], [ -125.89000605177317, 49.221156513615732 ], [ -125.912934615502621, 49.208920058116469 ], [ -125.918518467019496, 49.199440172631164 ], [ -125.918968322014237, 49.190618945685898 ], [ -125.91446590191002, 49.186519366081079 ], [ -125.926441575196122, 49.185139981916159 ], [ -125.929277519965197, 49.182702616223231 ], [ -125.957796195853589, 49.148034165149213 ], [ -125.966499446186987, 49.124316671058544 ], [ -126.029913674704105, 49.078631252376141 ] ] ] } },
{ "type": "Feature", "properties": { "NAME": "K'ómoks First Nation", "SCALE": "n/a" }, "geometry": { "type": "Polygon", "coordinates": [ [ [ -125.551379179664053, 50.589934991842647 ], [ -125.566694802243603, 50.594222714029556 ], [ -125.579051790375203, 50.589920240200691 ], [ -125.601230892337753, 50.557812011342357 ], [ -125.620689225267824, 50.520468809370485 ], [ -125.626212092018548, 50.51352703837442 ], [ -125.642687388005754, 50.503140470376529 ], [ -125.645459758247952, 50.497928924632539 ], [ -125.658955048947647, 50.49273459366983 ], [ -125.749326221004267, 50.483420536993016 ], [ -125.754692321040451, 50.500833916247302 ], [ -125.790167309800211, 50.507867090089235 ], [ -125.794253159437446, 50.510484956134128 ], [ -125.792851187708635, 50.518312728254365 ], [ -125.755874352688252, 50.534768405183968 ], [ -125.710734182594621, 50.540750363147936 ], [ -125.698391628612811, 50.546807751383426 ], [ -125.698275096326341, 50.564207537146025 ], [ -125.685772453771023, 50.592012536289843 ], [ -125.685693469486523, 50.603321886800941 ], [ -125.706208200437217, 50.605987694959303 ], [ -125.755496723287337, 50.604366836590771 ], [ -125.767829419783752, 50.601783421146955 ], [ -125.819939041727395, 50.577520785780038 ], [ -125.85415866834434, 50.57148097429053 ], [ -125.856946890458772, 50.554954665137572 ], [ -125.862424064208327, 50.552351621576015 ], [ -125.869260426303384, 50.552359865515093 ], [ -125.910265302763932, 50.558490404848264 ], [ -125.934867664134899, 50.566337540712865 ], [ -125.981368793411363, 50.565485029422561 ], [ -126.021034378570988, 50.574184421920293 ], [ -126.030613288982096, 50.579402073428824 ], [ -126.033352503098939, 50.583751135223444 ], [ -126.026517713262308, 50.594192567371962 ], [ -126.011466993341799, 50.605504567456016 ], [ -126.016944973301463, 50.612463473240432 ], [ -126.041590608766995, 50.615066755497196 ], [ -126.055281142487203, 50.614190970953921 ], [ -126.066228845138355, 50.610705148111244 ], [ -126.073065402904177, 50.605481194394279 ], [ -126.075784129621255, 50.59416993800135 ], [ -126.082612276119264, 50.586335457865808 ], [ -126.105844223023112, 50.574136085280138 ], [ -126.127711023296214, 50.56715333433413 ], [ -126.137266106492874, 50.561051979850994 ], [ -126.132638388684768, 50.551194253370724 ], [ -126.106616860231895, 50.545964054246468 ], [ -126.101596881596777, 50.542262049774784 ], [ -126.120718482740727, 50.509739763541035 ], [ -126.130214817018057, 50.487107344179968 ], [ -126.128822194276566, 50.477538098679673 ], [ -126.121976200004895, 50.469715081316394 ], [ -126.09329525103, 50.459301691180109 ], [ -126.089188132741555, 50.452344155111085 ], [ -126.091900683406323, 50.444510827674137 ], [ -126.08915548891305, 50.435811853567841 ], [ -126.074127553880771, 50.4192902480792 ], [ -126.070021831625311, 50.408851071299686 ], [ -126.058754961748747, 50.404788957030561 ], [ -126.050639053292898, 50.391946594432049 ], [ -126.037297161271979, 50.390593423952311 ], [ -126.022307916063625, 50.383635949928141 ], [ -126.01283875445246, 50.372192748800714 ], [ -126.01424409629827, 50.360938492108957 ], [ -126.020248626800097, 50.350742934353462 ], [ -126.036420528406708, 50.33633965193016 ], [ -126.057841216769489, 50.323827913920873 ], [ -126.058646234471539, 50.320981979281548 ], [ -126.038824166659111, 50.309350206998452 ], [ -126.002544920155316, 50.30236150002758 ], [ -125.999480029744191, 50.298061215536329 ], [ -126.00847043257005, 50.26579455060746 ], [ -126.03089263794962, 50.226585828262863 ], [ -126.034832326081883, 50.209212138164155 ], [ -126.040089837851781, 50.205754461911404 ], [ -126.038638948112521, 50.196509630668828 ], [ -126.04511422542177, 50.195150673893195 ], [ -126.048330871191752, 50.190248796165427 ], [ -126.047127341368508, 50.176672205384151 ], [ -126.071767048631528, 50.177673346409215 ], [ -126.089806383245758, 50.172939964561216 ], [ -126.096810986070949, 50.16649738544951 ], [ -126.113834489410436, 50.159186243369135 ], [ -126.122486531585238, 50.146303501526901 ], [ -126.154863116683103, 50.139825874226702 ], [ -126.170525338073631, 50.130791062394522 ], [ -126.178502389183507, 50.121551981296903 ], [ -126.20221438378482, 50.123871252419477 ], [ -126.216224407584207, 50.121484384481406 ], [ -126.234210938052541, 50.113723083813149 ], [ -126.239511698708228, 50.106201608867813 ], [ -126.238474612744966, 50.099337555772564 ], [ -126.222219615902077, 50.085803267901653 ], [ -126.222687612490148, 50.08201765390794 ], [ -126.226169779203303, 50.079591794396151 ], [ -126.235598144197709, 50.08108015118264 ], [ -126.242487408943219, 50.079073315963626 ], [ -126.252309892677133, 50.067119743593686 ], [ -126.250257522539471, 50.057682640753967 ], [ -126.23656989222485, 50.053850295218552 ], [ -126.236875666513114, 50.046075908539152 ], [ -126.228403373130362, 50.031096849784198 ], [ -126.228104623327539, 50.027473436838122 ], [ -126.235555819764045, 50.021576786141019 ], [ -126.231016038527599, 50.015209390264836 ], [ -126.22716264508523, 50.012630111486025 ], [ -126.216944413554202, 50.014204228757741 ], [ -126.206085619398849, 50.009857509365972 ], [ -126.205528001391031, 49.995613088978509 ], [ -126.19979679109035, 49.991445911576569 ], [ -126.192354038539889, 49.990744984408245 ], [ -126.189603534489251, 49.984491795076728 ], [ -126.183207511812256, 49.988278720994714 ], [ -126.18291914789755, 49.992227178292843 ], [ -126.173096954179243, 49.993065107276458 ], [ -126.178185344606518, 50.005798789838586 ], [ -126.175610176036685, 50.009486722915348 ], [ -126.155738296989895, 50.012581378337465 ], [ -126.126216630996907, 50.029005496902251 ], [ -126.110684271039815, 50.027846831068715 ], [ -126.100158446599096, 50.030907451467073 ], [ -126.086581325393396, 50.029044509384207 ], [ -126.078478445460249, 50.017519063508196 ], [ -126.072756127504675, 50.014359900056704 ], [ -126.062218253510579, 50.011807616689005 ], [ -126.056222439846096, 50.013790979490686 ], [ -126.044059645431346, 50.008369208830608 ], [ -126.030194212220735, 50.00896327832897 ], [ -126.02055442789478, 50.005111465958862 ], [ -126.016750532998117, 50.000325836209925 ], [ -126.014707013942115, 50.002637212714859 ], [ -126.00512534463067, 50.002861721741326 ], [ -125.999072321307636, 50.009346220641625 ], [ -125.993060209354326, 50.004614804328341 ], [ -125.98079580193756, 50.003799161928079 ], [ -125.965707812616202, 50.009929742041422 ], [ -125.949367356297529, 50.002574807447516 ], [ -125.925041586588648, 50.009068332208479 ], [ -125.91882613175521, 50.017687235747715 ], [ -125.913457867606112, 50.018655658952532 ], [ -125.914593610482513, 50.002077434503562 ], [ -125.882533967164647, 49.97260405025208 ], [ -125.884640980561755, 49.968646434739711 ], [ -125.898559265494754, 49.963104886069772 ], [ -125.907424025977036, 49.95223872610832 ], [ -125.910123089141877, 49.942329449027497 ], [ -125.905028952012188, 49.923040461987767 ], [ -125.893781580222154, 49.905043707576553 ], [ -125.884662434751107, 49.900430261938133 ], [ -125.880032941939874, 49.888250022160378 ], [ -125.886125475592493, 49.88406395952957 ], [ -125.882474181889535, 49.868123011881075 ], [ -125.905271784587072, 49.841159168415317 ], [ -125.91526118024936, 49.835956948307377 ], [ -125.915065473104264, 49.831896075511168 ], [ -125.906792197431272, 49.826954032981725 ], [ -125.913858897489604, 49.815964458846842 ], [ -125.912291824351556, 49.801100651081512 ], [ -125.916571554065584, 49.787543574573945 ], [ -125.913642306226194, 49.77313147061512 ], [ -125.904541499573483, 49.764320578664872 ], [ -125.903234038515876, 49.757592489622049 ], [ -125.88548223953201, 49.743005055307073 ], [ -125.877622846671542, 49.74053132557593 ], [ -125.851473367243216, 49.739648797943396 ], [ -125.85023971380383, 49.734018210677405 ], [ -125.833070982954126, 49.724343097995018 ], [ -125.831559914397019, 49.719569540626516 ], [ -125.840564468562221, 49.719610090952621 ], [ -125.84143323253349, 49.717713279588637 ], [ -125.825224661974303, 49.700715335239089 ], [ -125.820961023621791, 49.691831054325775 ], [ -125.808491148872605, 49.686234494890293 ], [ -125.804646067846946, 49.665460485581384 ], [ -125.771007909966514, 49.656280989397061 ], [ -125.759347930352277, 49.657975054618959 ], [ -125.747765102647492, 49.650475575949081 ], [ -125.733766707878019, 49.647396777810705 ], [ -125.728233308573621, 49.629388999458818 ], [ -125.721526705917569, 49.627088574162968 ], [ -125.707336940583829, 49.627306501420897 ], [ -125.70214125416615, 49.615866052698124 ], [ -125.689260499489293, 49.610237511104003 ], [ -125.693465532975253, 49.603127482252908 ], [ -125.719220316672036, 49.604408316076153 ], [ -125.725866582502874, 49.601650095468827 ], [ -125.730223649829995, 49.588085368490155 ], [ -125.724133675692585, 49.582632983392287 ], [ -125.745865350588346, 49.576855408195208 ], [ -125.745725894225316, 49.566609088065832 ], [ -125.734501067722817, 49.559790618433567 ], [ -125.736765215236176, 49.55155486453949 ], [ -125.72836804749187, 49.539424992679997 ], [ -125.740321705499966, 49.529096985492686 ], [ -125.737198923190562, 49.525598684519679 ], [ -125.737708592609479, 49.519275454645502 ], [ -125.715962663424577, 49.513535605856404 ], [ -125.698594045003148, 49.514618290540227 ], [ -125.692182369043039, 49.51757656641459 ], [ -125.678756986423366, 49.51404490130043 ], [ -125.643025779153405, 49.51809559255846 ], [ -125.636134654744566, 49.516509328697794 ], [ -125.631781199359708, 49.512494171227971 ], [ -125.63495079216689, 49.505527030279467 ], [ -125.64060319363648, 49.502516016586121 ], [ -125.629582733656846, 49.496226894847659 ], [ -125.624622863706932, 49.49648541914663 ], [ -125.618060420274034, 49.502411122387734 ], [ -125.591765595597494, 49.506792547169063 ], [ -125.582842661876811, 49.506434519505937 ], [ -125.569171975926423, 49.498989016730469 ], [ -125.563297117720666, 49.489199573888911 ], [ -125.543922000477423, 49.490200886877609 ], [ -125.533672856218118, 49.485547106606624 ], [ -125.503191171246513, 49.480298085258816 ], [ -125.492481735089967, 49.487814616859822 ], [ -125.495186919135122, 49.496647188704131 ], [ -125.490370577472817, 49.500999005701615 ], [ -125.491900822628139, 49.506604167954798 ], [ -125.483182610093053, 49.51219107367848 ], [ -125.484563020933777, 49.520045216061568 ], [ -125.469972769602052, 49.529332342191687 ], [ -125.447247722433417, 49.535277150966955 ], [ -125.437968331721592, 49.551894409040621 ], [ -125.425335539135787, 49.556008920677172 ], [ -125.408027044389442, 49.546767534606829 ], [ -125.402794310361116, 49.546175510642676 ], [ -125.398862851153041, 49.548851415313607 ], [ -125.391582352064717, 49.542666063083281 ], [ -125.387259318630043, 49.526832721137765 ], [ -125.390168288226491, 49.508433806918696 ], [ -125.388117259134233, 49.502341633927259 ], [ -125.375423359351061, 49.495319918883055 ], [ -125.3721092135509, 49.484355413966775 ], [ -125.363666131655989, 49.478572818063 ], [ -125.34125670525296, 49.481392665718104 ], [ -125.332501576102047, 49.479080476743626 ], [ -125.325449019729092, 49.469654833695138 ], [ -125.313840668246655, 49.462458483135357 ], [ -125.306514095441187, 49.462846340460231 ], [ -125.299659259531225, 49.476006717283134 ], [ -125.289682032607175, 49.484107766612667 ], [ -125.255701274497682, 49.49378324341717 ], [ -125.181098824243762, 49.494462108600018 ], [ -125.163882620413588, 49.488944937345273 ], [ -125.144412250248649, 49.475936030127023 ], [ -125.133824053987254, 49.47255084789203 ], [ -125.126550109324512, 49.477009950386879 ], [ -125.12706021571411, 49.499340131372072 ], [ -125.113293489636419, 49.50223160459776 ], [ -125.09914791139353, 49.511980180672182 ], [ -125.060497675153428, 49.523281743374 ], [ -125.056048486318261, 49.51924728873464 ], [ -125.059259750498271, 49.505549610994393 ], [ -125.041371849885437, 49.500788968222722 ], [ -125.018931655154191, 49.491032546186929 ], [ -125.011848217789137, 49.485929530509871 ], [ -125.005921500857127, 49.476666702826066 ], [ -125.005258930085574, 49.467914083784933 ], [ -124.986774610569171, 49.463284334319496 ], [ -124.962825886219463, 49.450894985588235 ], [ -124.945933357480598, 49.43300838647697 ], [ -124.921341479576327, 49.426510895008938 ], [ -124.919650207415472, 49.419195800829698 ], [ -124.92666510319377, 49.40345251367355 ], [ -124.920352997355167, 49.39478795864008 ], [ -124.906259818634396, 49.383698648019475 ], [ -124.874155255140948, 49.38145787049686 ], [ -124.865003414493728, 49.364505450525094 ], [ -124.839793253539057, 49.35276810151732 ], [ -124.817418996038214, 49.334451485885594 ], [ -124.793676226271756, 49.32350074883243 ], [ -124.776410805032228, 49.303840959597345 ], [ -124.767122555037147, 49.303909176203369 ], [ -124.76055222926685, 49.311481358243164 ], [ -124.750126406576399, 49.314315939564104 ], [ -124.741162637568976, 49.312126326395308 ], [ -124.721209680211089, 49.294685180320144 ], [ -124.71719247314681, 49.286468545130248 ], [ -124.719210388297313, 49.271023051714167 ], [ -124.715889585191988, 49.266464403028245 ], [ -124.705269149340424, 49.267032899687663 ], [ -124.682849996306288, 49.26293766052455 ], [ -124.67501170976675, 49.24963133371925 ], [ -124.665513177007568, 49.206665596508842 ], [ -124.667205490723759, 49.193822612355497 ], [ -124.661823812539851, 49.187671580588621 ], [ -124.639797709424528, 49.180615943272905 ], [ -124.615029347459156, 49.168131265621589 ], [ -124.585526049779503, 49.163923281409339 ], [ -124.56934752788294, 49.148062804211477 ], [ -124.556626588698364, 49.140417200587045 ], [ -124.546402737820884, 49.124893067548307 ], [ -124.542218858630363, 49.123445562328016 ], [ -124.523196396683602, 49.123186175804356 ], [ -124.502454751541634, 49.127072278935891 ], [ -124.478524343276973, 49.123259208696311 ], [ -124.457365722178025, 49.123653491658736 ], [ -124.415502630570003, 49.134346655380781 ], [ -124.403905345667567, 49.144868013495703 ], [ -124.390701893783032, 49.144323623053367 ], [ -124.377367237773655, 49.13804762386355 ], [ -124.371445252275677, 49.13254051924882 ], [ -124.329191475406958, 49.114530636297729 ], [ -124.314601618429961, 49.11342668689484 ], [ -124.309236918286928, 49.115602976457943 ], [ -124.288498686127312, 49.154918249558712 ], [ -124.27490051696644, 49.164959331496362 ], [ -124.239426935938297, 49.168992914864994 ], [ -124.232419535289168, 49.172355454093726 ], [ -124.236467201985917, 49.184244627756826 ], [ -124.263609873454769, 49.215805968025848 ], [ -124.275438482078059, 49.239639227139477 ], [ -124.27526528472174, 49.272840390153483 ], [ -124.258525267670805, 49.305513308950054 ], [ -124.249394486143515, 49.336480760602747 ], [ -124.254023581671632, 49.36514875154419 ], [ -124.262943260707686, 49.389452053564121 ], [ -124.282040101268251, 49.419303325979371 ], [ -124.301080871425668, 49.433246585756635 ], [ -124.407613572385728, 49.476919648202824 ], [ -124.439014538019165, 49.497446867490368 ], [ -124.435486375105796, 49.520095030815398 ], [ -124.406566131815424, 49.536547699794788 ], [ -124.317826787119103, 49.568955967895022 ], [ -124.303637464237326, 49.585607778422997 ], [ -124.313860970814218, 49.609869611459253 ], [ -124.351781993735685, 49.647695374831564 ], [ -124.356273406817138, 49.667559770933963 ], [ -124.368251489158368, 49.686087056853232 ], [ -124.406340395893665, 49.681339684653558 ], [ -124.467346395064624, 49.702492093339643 ], [ -124.495393866487362, 49.709158940348672 ], [ -124.52236604990614, 49.703251456694439 ], [ -124.534216270974397, 49.704859633281828 ], [ -124.570598456737031, 49.73092930757349 ], [ -124.592859236633942, 49.733149435512203 ], [ -124.600822960609023, 49.740493165492744 ], [ -124.602673318318864, 49.753068306616832 ], [ -124.597108858131008, 49.764582442462149 ], [ -124.602100008690542, 49.771887459030054 ], [ -124.635533175393903, 49.799922314014516 ], [ -124.703151667490076, 49.82082298972243 ], [ -124.957974058309716, 49.963261356643265 ], [ -125.078028118730813, 50.050111197089919 ], [ -125.088867903485209, 50.067766432485755 ], [ -125.111317348524409, 50.085140051234539 ], [ -125.116622582415474, 50.095721686514324 ], [ -125.11378077344844, 50.108990184061867 ], [ -125.106575899404447, 50.12499210623168 ], [ -125.089123839966192, 50.135924937555842 ], [ -125.041321064758392, 50.154901673951549 ], [ -125.006402637248257, 50.174528135703383 ], [ -125.001810611196319, 50.187223190772706 ], [ -125.00413187414641, 50.199426774805502 ], [ -125.016548035306982, 50.223902580359287 ], [ -125.012287201420634, 50.260963511334388 ], [ -125.034352831340669, 50.279984123125409 ], [ -125.045264313953226, 50.295581903889392 ], [ -125.060554598734768, 50.309000750826854 ], [ -125.08795615946751, 50.323071539484076 ], [ -125.123838102982504, 50.347167837291238 ], [ -125.138439774986082, 50.353372414903852 ], [ -125.150364502281477, 50.36398337320589 ], [ -125.149781982207884, 50.394980710407495 ], [ -125.156622342196997, 50.400015212058953 ], [ -125.17749549787807, 50.396296937693442 ], [ -125.190476090809184, 50.397499859419767 ], [ -125.209408444259751, 50.405386671181766 ], [ -125.237642136764293, 50.42772728890553 ], [ -125.240104636853403, 50.436047538705232 ], [ -125.235205778148568, 50.450615114408684 ], [ -125.240398567071566, 50.466313571624582 ], [ -125.271586898573261, 50.4787043933134 ], [ -125.327329441112568, 50.493847937089555 ], [ -125.337845994220089, 50.506112880478391 ], [ -125.348373341331396, 50.526865116710603 ], [ -125.36778664862905, 50.532839302356187 ], [ -125.382680388986259, 50.540283381796037 ], [ -125.411395035394648, 50.539568988174381 ], [ -125.425284980952924, 50.522240465599971 ], [ -125.460766911685397, 50.525898429793777 ], [ -125.478560360526856, 50.523373195807103 ], [ -125.497679118430057, 50.524331302118462 ], [ -125.519513186128407, 50.527037904252552 ], [ -125.544342573444922, 50.53508215954465 ], [ -125.551379179664053, 50.589934991842647 ] ] ] } },
{ "type": "Feature", "properties": { "NAME": "Gitxsan Hereditary Chiefs", "SCALE": "1:250000" }, "geometry": { "type": "Polygon", "coordinates": [ [ [ -126.865711563022643, 57.082006496757216 ], [ -126.886815248628182, 57.079126067610083 ], [ -126.893492552309112, 57.072238513872144 ], [ -126.888505274387128, 57.070015483046262 ], [ -126.887548940307838, 57.063062389602187 ], [ -126.897468482989112, 57.042794991771913 ], [ -126.894360427250078, 57.041798768378463 ], [ -126.891730240484677, 57.044288971387111 ], [ -126.886256644196521, 57.038481957947333 ], [ -126.889434908389902, 57.024876534986973 ], [ -126.876442546468425, 57.008554644284843 ], [ -126.887212613420189, 56.999274325988821 ], [ -126.889277987502922, 56.993333076984904 ], [ -126.884823799336075, 56.974361747134886 ], [ -126.890601434582962, 56.963261608806668 ], [ -126.887760535006336, 56.952709074300245 ], [ -126.897694681292307, 56.924661477413743 ], [ -126.906120064524771, 56.919177016123257 ], [ -126.901209065410995, 56.913558783601296 ], [ -126.903882342024843, 56.909855690217384 ], [ -126.925022441569126, 56.903029276201117 ], [ -126.933860316932368, 56.895286552397927 ], [ -126.947411568378769, 56.88979500300595 ], [ -126.968315348930375, 56.885761184262364 ], [ -127.008088744491928, 56.882393555626592 ], [ -127.029195069634, 56.87554801304772 ], [ -127.047639075333052, 56.873402397765112 ], [ -127.056856344529791, 56.865882382288987 ], [ -127.086749693939836, 56.856216747668498 ], [ -127.101271776810776, 56.848343009914544 ], [ -127.104126194877892, 56.841494280491283 ], [ -127.116599503771937, 56.840254540986578 ], [ -127.141348530877778, 56.832482826825192 ], [ -127.151752536936996, 56.823939295183635 ], [ -127.160349451782025, 56.823699076203667 ], [ -127.167480443860597, 56.816282739172806 ], [ -127.167497112678859, 56.819652172667745 ], [ -127.175465052711957, 56.81683921674 ], [ -127.183041480131664, 56.817722780235179 ], [ -127.195876529693138, 56.807711246495614 ], [ -127.216724686012697, 56.801953291259217 ], [ -127.232052157172021, 56.800914182553875 ], [ -127.248360741708737, 56.792240298966242 ], [ -127.27022062310175, 56.789723727326503 ], [ -127.272039229282669, 56.786127806031672 ], [ -127.278166783543895, 56.785664033256005 ], [ -127.283244240530621, 56.780944272388886 ], [ -127.286522751053496, 56.78116049860909 ], [ -127.284430930709362, 56.774653817425467 ], [ -127.292796642884454, 56.773510434596233 ], [ -127.296021513872972, 56.768775052448703 ], [ -127.312978002629947, 56.766165686738503 ], [ -127.319356475510574, 56.770977639698508 ], [ -127.326691709473906, 56.76904580642622 ], [ -127.327278710722922, 56.765792291173355 ], [ -127.347071519441613, 56.762147479927478 ], [ -127.357041199493978, 56.757516050727517 ], [ -127.361337096231836, 56.759191036875009 ], [ -127.372532911326886, 56.755222330116084 ], [ -127.378604743929742, 56.757070632939097 ], [ -127.380903881435202, 56.754181837083223 ], [ -127.390496768816675, 56.753594961130524 ], [ -127.411828537510956, 56.742304554419164 ], [ -127.464153195874815, 56.768206212775119 ], [ -127.530603787366999, 56.782352555722156 ], [ -127.562030507333958, 56.805518378758549 ], [ -127.560231844547118, 56.820253527380686 ], [ -127.601841475373746, 56.842306929121527 ], [ -127.60196339064828, 56.845248209842637 ], [ -127.595406236060114, 56.845983027292192 ], [ -127.577927534229019, 56.8432541853796 ], [ -127.549368144993835, 56.847849312951354 ], [ -127.549542722856643, 56.867138691072569 ], [ -127.552668628726934, 56.870371076844961 ], [ -127.601286193295564, 56.90117060150201 ], [ -127.592416181718136, 56.904222598666543 ], [ -127.574991348479173, 56.903454196718037 ], [ -127.541107731311357, 56.896013264142091 ], [ -127.535140165619339, 56.896737940138266 ], [ -127.534032359971562, 56.899039903146878 ], [ -127.541382866266915, 56.917917896957043 ], [ -127.550067507369377, 56.925008260489598 ], [ -127.53057216992346, 56.932760141714112 ], [ -127.53285266773031, 56.944831870432346 ], [ -127.536583636305878, 56.94805772845173 ], [ -127.565925076775002, 56.946072556929245 ], [ -127.572659820081327, 56.949261191257534 ], [ -127.58047550519457, 56.949493386244939 ], [ -127.578808843310583, 56.952783611717464 ], [ -127.564028477112089, 56.958521230917825 ], [ -127.561878879362709, 56.964760025622887 ], [ -127.594639433473702, 56.972537437914248 ], [ -127.597204194509175, 56.976430011830736 ], [ -127.593135202769957, 56.979749960083765 ], [ -127.571471707192586, 56.979032475833534 ], [ -127.573126871930441, 56.990130597126345 ], [ -127.582743631818389, 57.004729310296099 ], [ -127.591225733840943, 57.006260940868259 ], [ -127.642623313207253, 56.998755140819398 ], [ -127.676893437465523, 56.984910388549629 ], [ -127.688078721642029, 56.993268166781455 ], [ -127.713783703733085, 56.989988957885927 ], [ -127.729067411703767, 56.995673142413985 ], [ -127.729258259306974, 56.999921911832814 ], [ -127.718645664667363, 57.004640824418985 ], [ -127.726150890673566, 57.024490148456564 ], [ -127.71716023622561, 57.02526307275398 ], [ -127.707111563512811, 57.029319522987635 ], [ -127.699836976840558, 57.028106565818582 ], [ -127.693664844451121, 57.024589693323975 ], [ -127.692002184247855, 57.014146532585919 ], [ -127.688280465804581, 57.011578670689929 ], [ -127.682269189291034, 57.011656492310117 ], [ -127.676371792848215, 57.014348738568273 ], [ -127.675653352498216, 57.025476754662613 ], [ -127.662734474684783, 57.032836859301391 ], [ -127.66118417676131, 57.038743085112856 ], [ -127.665692362183151, 57.045553076127533 ], [ -127.686077376717748, 57.057391012657341 ], [ -127.694978774390009, 57.068067690645833 ], [ -127.693259162523759, 57.070052252284036 ], [ -127.665607571938139, 57.071389558723588 ], [ -127.661619249725462, 57.076672987354421 ], [ -127.670532533295955, 57.087678336025327 ], [ -127.681703423614408, 57.095056696012016 ], [ -127.719492928006517, 57.104375441079881 ], [ -127.71837279737818, 57.119761491224502 ], [ -127.726709377237384, 57.130771277326588 ], [ -127.712928200378343, 57.132915114785852 ], [ -127.701230068148774, 57.141244371158002 ], [ -127.708788276027661, 57.148340923787202 ], [ -127.707356839178331, 57.156863132792608 ], [ -127.673000303593668, 57.163865560439028 ], [ -127.657641415898297, 57.173379193272943 ], [ -127.658376611821666, 57.179323011149144 ], [ -127.673083751996174, 57.187677175463769 ], [ -127.654346713343713, 57.196715968021977 ], [ -127.644440788100667, 57.211076905072154 ], [ -127.658091906343088, 57.2279881124377 ], [ -127.679619237189755, 57.238585152727744 ], [ -127.707255315810315, 57.267736815030084 ], [ -127.709096809951816, 57.276772763924541 ], [ -127.718430880550855, 57.28182786915945 ], [ -127.746501431748825, 57.287669519671255 ], [ -127.774290912441231, 57.27694177928602 ], [ -127.79297246207031, 57.276687521717477 ], [ -127.817094357150381, 57.269883628076293 ], [ -127.832010673177322, 57.261133346529192 ], [ -127.840672187268467, 57.251951662430244 ], [ -127.847469076681676, 57.233994432272866 ], [ -127.866154396890906, 57.234247122396006 ], [ -127.869324987863962, 57.220741077119555 ], [ -127.899865135912307, 57.199592363696297 ], [ -127.901135213578343, 57.186631010502381 ], [ -127.935384315243297, 57.183022210718775 ], [ -127.944985064969487, 57.174337366596319 ], [ -127.946396652904554, 57.164479757831508 ], [ -127.934156863486706, 57.158707827728271 ], [ -127.925470678526892, 57.157024151610727 ], [ -127.88734710248734, 57.159133530289004 ], [ -127.87706572287783, 57.154104667766653 ], [ -127.872965334906681, 57.138632751568828 ], [ -127.874666102870478, 57.075710511217757 ], [ -127.8705015586808, 57.068523030157046 ], [ -127.857614856036236, 57.058354139473707 ], [ -127.866474719971265, 57.044509687168201 ], [ -127.876195251447513, 57.038675872846625 ], [ -127.880188679230343, 57.03266529104522 ], [ -127.879485213555654, 57.02801659290818 ], [ -127.871593922353966, 57.022436129797192 ], [ -127.871053010191574, 57.011314564290814 ], [ -127.877485584371726, 57.006563166071601 ], [ -127.896884502178594, 57.004211312254519 ], [ -127.914519859448944, 56.995153098800628 ], [ -127.91891375467722, 56.987841357047671 ], [ -127.910640024979912, 56.974504528149915 ], [ -127.91505801199385, 56.9677102771413 ], [ -127.940227633247687, 56.96707831280181 ], [ -127.95193563710248, 56.963538407004314 ], [ -127.961068819238605, 56.956153987255107 ], [ -127.967177765436176, 56.954767576162439 ], [ -127.985626642475879, 56.96225174409571 ], [ -127.992277584406054, 56.962149991586159 ], [ -127.999215677502747, 56.958419937852838 ], [ -128.031502896671043, 56.957660537024758 ], [ -128.047144531496201, 56.947838494482959 ], [ -128.073512606701769, 56.945786206236278 ], [ -128.086007040558655, 56.939451521683658 ], [ -128.105999683077982, 56.940110423393165 ], [ -128.133738825275373, 56.933864349397517 ], [ -128.13303755866599, 56.928702327480075 ], [ -128.139719046216783, 56.925397507065355 ], [ -128.138934023394853, 56.912320282926643 ], [ -128.145513333126672, 56.909068395166429 ], [ -128.134760723845289, 56.903226950242995 ], [ -128.142232768131976, 56.873100301524623 ], [ -128.13631423198089, 56.867875483970671 ], [ -128.136017470143173, 56.860857436098549 ], [ -128.140758990621862, 56.856541947104333 ], [ -128.143967529423236, 56.843807361604107 ], [ -128.140696585990156, 56.839202694087227 ], [ -128.149425622315647, 56.828660148621495 ], [ -128.169592717688289, 56.833396404002279 ], [ -128.17603478390518, 56.837832825786926 ], [ -128.205529113243188, 56.842901075160782 ], [ -128.221209407741668, 56.842515586540891 ], [ -128.232782675366479, 56.845668549109149 ], [ -128.241074746690572, 56.853921884592623 ], [ -128.241063406798958, 56.858629264855118 ], [ -128.249169549884186, 56.860825129500462 ], [ -128.247423549184305, 56.862782458528294 ], [ -128.258800176797592, 56.872212288760437 ], [ -128.271097096158968, 56.878500780976665 ], [ -128.276956984076122, 56.888660264306019 ], [ -128.284649297682876, 56.889781769240429 ], [ -128.282398174968506, 56.895842664618328 ], [ -128.292032190938329, 56.897747991456981 ], [ -128.322771712218838, 56.927259476101931 ], [ -128.327169243362135, 56.926635890751626 ], [ -128.345368955355355, 56.936283225922423 ], [ -128.37116902580533, 56.941310747872606 ], [ -128.382993618179825, 56.946805604289572 ], [ -128.394583718940851, 56.942640412480486 ], [ -128.416872959179784, 56.942620111146532 ], [ -128.460529116375369, 56.924381760937592 ], [ -128.473664500275675, 56.92492266249613 ], [ -128.480322302051803, 56.922272972905333 ], [ -128.506178410042367, 56.919700040105731 ], [ -128.513433343653162, 56.915147830560478 ], [ -128.539436968136272, 56.906729331315987 ], [ -128.541499291043181, 56.908749775648133 ], [ -128.559528792605391, 56.897134479509532 ], [ -128.566554731170385, 56.897744107710068 ], [ -128.565976370686485, 56.902296531954384 ], [ -128.580033648603347, 56.90338688157992 ], [ -128.593131905229058, 56.909916144644221 ], [ -128.601537049599045, 56.910059677920188 ], [ -128.603108144633694, 56.913649856567815 ], [ -128.610119860446133, 56.915486988191205 ], [ -128.626744462782511, 56.926659409303909 ], [ -128.631227881563149, 56.933554291365567 ], [ -128.650239245851225, 56.944155472379947 ], [ -128.69979425308037, 56.950186028013235 ], [ -128.718283149713159, 56.940347646132324 ], [ -128.730201907597547, 56.940185160556815 ], [ -128.739995024326333, 56.935606773849273 ], [ -128.752431097326593, 56.93617925629664 ], [ -128.776146917665528, 56.927725066795247 ], [ -128.822594242242587, 56.91709206504391 ], [ -128.843982589191029, 56.900500579538608 ], [ -128.857151285064418, 56.895952202013866 ], [ -128.861802540634898, 56.885492407389449 ], [ -128.832907779875512, 56.873104090594055 ], [ -128.821423539806659, 56.865023187746786 ], [ -128.823194782625023, 56.860376575092872 ], [ -128.833327527587699, 56.860033217124496 ], [ -128.84382602602264, 56.863460128248903 ], [ -128.849850131397318, 56.861922762769083 ], [ -128.872838375476988, 56.863942992241519 ], [ -128.873265977788861, 56.858381512461158 ], [ -128.892251220127889, 56.860196497151421 ], [ -128.902967713534622, 56.85716913704789 ], [ -128.913656742407653, 56.859027474795987 ], [ -128.937749962402847, 56.84807235974754 ], [ -128.948237871898414, 56.850089376691038 ], [ -128.963585743463511, 56.849447738169602 ], [ -128.971507380909145, 56.845533051929607 ], [ -128.979767586408713, 56.848903972209925 ], [ -129.00272141250224, 56.843838940664796 ], [ -129.029577470318401, 56.849404379128039 ], [ -129.034484239758456, 56.85447983297253 ], [ -129.062162980983771, 56.864405830453414 ], [ -129.065336107322508, 56.868652063443832 ], [ -129.07951157029791, 56.869965914023616 ], [ -129.086165275638365, 56.874354431435499 ], [ -129.086687136999302, 56.879517935991636 ], [ -129.090162593016601, 56.878823925617311 ], [ -129.09494630513359, 56.882216943023472 ], [ -129.098920980576281, 56.889876492793555 ], [ -129.129542430985879, 56.897359198272298 ], [ -129.139232508579227, 56.907734306271429 ], [ -129.149907109323721, 56.912033882809325 ], [ -129.151962539920987, 56.916675706136658 ], [ -129.166085052958863, 56.923701123722893 ], [ -129.173066405600537, 56.923430855408107 ], [ -129.188978161981368, 56.931736030877552 ], [ -129.190077416624121, 56.934644408935867 ], [ -129.203539875142837, 56.935558052663254 ], [ -129.225961405186865, 56.944701125908033 ], [ -129.252372190814015, 56.949150783501864 ], [ -129.266810657557755, 56.958976032671842 ], [ -129.269088661723657, 56.955592801451935 ], [ -129.292128946886635, 56.956241588456543 ], [ -129.309788660543347, 56.952345744784402 ], [ -129.314580449431105, 56.94736635024568 ], [ -129.313107653451794, 56.923897414300384 ], [ -129.303566818172584, 56.913177885203197 ], [ -129.311492281390485, 56.908135247631748 ], [ -129.307288160054895, 56.89870358950828 ], [ -129.323415040818389, 56.888894931453208 ], [ -129.329978742382934, 56.886306259962836 ], [ -129.356256122986309, 56.89431375708363 ], [ -129.390803512075308, 56.895266208816068 ], [ -129.415795266017142, 56.912123464320395 ], [ -129.422499590498489, 56.914082573753191 ], [ -129.442071246247934, 56.913849730155718 ], [ -129.450741420749296, 56.911483696311024 ], [ -129.461094340430293, 56.907505934529127 ], [ -129.472821205598876, 56.898506988353226 ], [ -129.465918031058237, 56.891429931214937 ], [ -129.507256837188237, 56.8837687720468 ], [ -129.513221891503321, 56.880474738986415 ], [ -129.513241728447184, 56.869225503780214 ], [ -129.525818739479206, 56.852651728733655 ], [ -129.540229172040881, 56.842634725179188 ], [ -129.574778187053312, 56.843235219743903 ], [ -129.593177919804731, 56.850901444093594 ], [ -129.609125544777669, 56.849495579184797 ], [ -129.623234999962733, 56.843172381616995 ], [ -129.625197498336007, 56.835954353066668 ], [ -129.644444424238742, 56.82715509076246 ], [ -129.650264983183916, 56.817023287286773 ], [ -129.690274133386936, 56.804781609302502 ], [ -129.737970075513687, 56.796862007649601 ], [ -129.764736047336584, 56.780136335872164 ], [ -129.77800663981273, 56.761378850008278 ], [ -129.803428111153721, 56.74197788389889 ], [ -129.831132733321311, 56.738026270191163 ], [ -129.842913851073433, 56.733546418635306 ], [ -129.843001341262095, 56.726565706766422 ], [ -129.816367451031141, 56.712260415211951 ], [ -129.812573896537629, 56.700125665046464 ], [ -129.816021541624394, 56.687634582237123 ], [ -129.79525100605585, 56.677139945794366 ], [ -129.790321900881509, 56.669927702195785 ], [ -129.748976115678289, 56.645441290617825 ], [ -129.74310683433697, 56.646302966427378 ], [ -129.731621654061115, 56.641887082782475 ], [ -129.725332303457662, 56.631916114083531 ], [ -129.708904302905779, 56.63131869113883 ], [ -129.704704883404645, 56.628108741011019 ], [ -129.696747055738683, 56.627920007438462 ], [ -129.695023832462596, 56.6201939897716 ], [ -129.684450797624265, 56.614924758145285 ], [ -129.684204993742298, 56.611224170067928 ], [ -129.672551825910119, 56.607362581045834 ], [ -129.663250165836303, 56.600844021034263 ], [ -129.631494396533867, 56.592438581533024 ], [ -129.617581556447334, 56.579112454178464 ], [ -129.607126434652571, 56.576810258152896 ], [ -129.594728716097251, 56.565775086439437 ], [ -129.595585808618694, 56.555098180939673 ], [ -129.611571735309326, 56.558738928414066 ], [ -129.621419438576794, 56.558016685135421 ], [ -129.632266824902217, 56.565589938283836 ], [ -129.638311739934238, 56.566987316633714 ], [ -129.644752522343225, 56.564843027083533 ], [ -129.659051750552152, 56.57208979676777 ], [ -129.657797981029375, 56.573956187320945 ], [ -129.666134157835188, 56.574091347633733 ], [ -129.669884189930912, 56.576290828476679 ], [ -129.675327119178888, 56.572074583521783 ], [ -129.685965885317671, 56.573588646806698 ], [ -129.695073606638374, 56.572360390465811 ], [ -129.728549142390762, 56.559447054939497 ], [ -129.756933326768234, 56.554175114581213 ], [ -129.778562514368105, 56.558578529178817 ], [ -129.790755386737544, 56.565895598831304 ], [ -129.802052641204199, 56.566092806137917 ], [ -129.815850638657224, 56.570521854264747 ], [ -129.826011116775192, 56.570005767892383 ], [ -129.861835951090711, 56.585215822852099 ], [ -129.872412714277431, 56.584918164319085 ], [ -129.913290393664994, 56.593474321461663 ], [ -129.939641665550454, 56.595542787907704 ], [ -129.949495526467416, 56.59945629444082 ], [ -129.976606684411649, 56.597907956681617 ], [ -129.992149519717941, 56.601791706366996 ], [ -129.99996469883331, 56.600427012517663 ], [ -130.006027906237449, 56.605498827234499 ], [ -130.041046221785848, 56.614167982482705 ], [ -130.067111755991249, 56.613391065202919 ], [ -130.079372756064799, 56.610211652333774 ], [ -130.08537125512143, 56.605606185282113 ], [ -130.086384183932239, 56.600446641503204 ], [ -130.072881272956892, 56.582929036861593 ], [ -130.072564841171385, 56.57496329996426 ], [ -130.103031700886959, 56.544512858499061 ], [ -130.10430896367086, 56.532081120496116 ], [ -130.08887137034273, 56.528015776293934 ], [ -130.070509447852118, 56.530592703130083 ], [ -130.063219226183435, 56.527690219016669 ], [ -130.046482019335599, 56.513549500360519 ], [ -130.02915698240767, 56.511103461168481 ], [ -130.006016224969386, 56.489184037753787 ], [ -129.974006774952812, 56.477576082934164 ], [ -129.929257604074763, 56.448943347605642 ], [ -129.919950231150438, 56.437266845430322 ], [ -129.909358875216128, 56.432036842648358 ], [ -129.900997982525922, 56.429728466919492 ], [ -129.865212347786581, 56.429958224159023 ], [ -129.829993368666635, 56.42215185184498 ], [ -129.787136693212915, 56.429191870551662 ], [ -129.765041581008944, 56.408806343271067 ], [ -129.756051687411059, 56.367638978194854 ], [ -129.744687347178996, 56.357934721340932 ], [ -129.73594640889371, 56.355413991075075 ], [ -129.715314209117935, 56.355801202119771 ], [ -129.663468393968458, 56.373525604365732 ], [ -129.654505390287596, 56.383071047826675 ], [ -129.646898771961503, 56.385366811789744 ], [ -129.633203343459911, 56.378887145299935 ], [ -129.608490918026035, 56.358436722733053 ], [ -129.593314877948274, 56.352481842887698 ], [ -129.573360477393294, 56.333986144445781 ], [ -129.533139368164768, 56.337714565158308 ], [ -129.503843964759767, 56.335151378655503 ], [ -129.495007434202222, 56.337261599054749 ], [ -129.467007566136061, 56.327927949178367 ], [ -129.440838693347871, 56.324807181823601 ], [ -129.430964140962999, 56.319514566614352 ], [ -129.407720795139085, 56.312539570808511 ], [ -129.397491378559863, 56.304936078231364 ], [ -129.371282040773139, 56.310453269945555 ], [ -129.362556895709588, 56.309068270607675 ], [ -129.360680365124921, 56.314141493284815 ], [ -129.352316627586191, 56.318649306511674 ], [ -129.348866106564827, 56.332152772090183 ], [ -129.356767861543346, 56.350450041411669 ], [ -129.364555808253584, 56.35437121143292 ], [ -129.36794590610603, 56.377020198887386 ], [ -129.336305787356991, 56.375106672215942 ], [ -129.329160166113553, 56.372699974945441 ], [ -129.320097944490129, 56.363451637470334 ], [ -129.316015517847688, 56.351360110508217 ], [ -129.309166470285987, 56.344792316195871 ], [ -129.310841119981745, 56.335848621707392 ], [ -129.306655532028316, 56.334259136204373 ], [ -129.299255538374524, 56.337403905548967 ], [ -129.293667309529752, 56.336213494192158 ], [ -129.291670122631501, 56.333261902445138 ], [ -129.298883184819118, 56.326964638848189 ], [ -129.270889448504334, 56.308269994048366 ], [ -129.255726391345064, 56.30788899137881 ], [ -129.236105622662507, 56.302878254842348 ], [ -129.221052702480677, 56.307200970385772 ], [ -129.196185239556144, 56.30233765514545 ], [ -129.172890133398028, 56.303800503011857 ], [ -129.158669911316423, 56.300647689188324 ], [ -129.150838027032705, 56.285482291643284 ], [ -129.140742516815067, 56.276798071047139 ], [ -129.130843764816092, 56.272090919418346 ], [ -129.125554859986522, 56.274262186105027 ], [ -129.097507165813028, 56.256371864791632 ], [ -129.067857382032543, 56.247631909407694 ], [ -129.034555282040088, 56.217071109682287 ], [ -129.033629529370103, 56.21123976526475 ], [ -129.04196294457418, 56.195065289436528 ], [ -129.034606569255516, 56.18416069801453 ], [ -129.028339602640614, 56.163030207116677 ], [ -129.016474423666324, 56.16894409117949 ], [ -128.984217318704708, 56.172052430988721 ], [ -128.980758208934844, 56.164882365619178 ], [ -128.967702621087113, 56.160692896979747 ], [ -128.959580105279258, 56.151697173770728 ], [ -128.94214270741287, 56.143820201252034 ], [ -128.926040529592512, 56.114583138919166 ], [ -128.904879177386903, 56.088018680220607 ], [ -128.903697042973022, 56.065447950086728 ], [ -128.896513599001366, 56.055765350851601 ], [ -128.900084404751595, 56.053334345069693 ], [ -128.885965867741959, 56.049251655467295 ], [ -128.870042993850376, 56.038876068623409 ], [ -128.861727000331172, 56.039540143774531 ], [ -128.856211988188306, 56.033271650490725 ], [ -128.849721246801124, 56.035268140407645 ], [ -128.846158675539726, 56.031409128961627 ], [ -128.835070134166472, 56.027638745285081 ], [ -128.830292651728286, 56.030471396196013 ], [ -128.808765624814868, 56.012703563595529 ], [ -128.806532225507937, 56.010247791060834 ], [ -128.813900020063642, 56.006386583083348 ], [ -128.825473322234558, 56.013780625634958 ], [ -128.834229180619019, 56.014518466411246 ], [ -128.841208307012181, 56.018467995511621 ], [ -128.851795760815691, 56.01673760045572 ], [ -128.848408965400381, 56.006922908298066 ], [ -128.860937400784167, 56.013545948971071 ], [ -128.866496631106116, 56.011740922582895 ], [ -128.856006859118565, 55.996301507693062 ], [ -128.859191881463659, 55.984846077152206 ], [ -128.821583837033756, 55.950045437595556 ], [ -128.777785030228557, 55.897457471930586 ], [ -128.772832681092154, 55.89346081634055 ], [ -128.763334286586371, 55.89124278438608 ], [ -128.736244183819906, 55.890338743920552 ], [ -128.717818399136235, 55.879540067833027 ], [ -128.711477130508683, 55.879489564983253 ], [ -128.722251123452622, 55.890640590777629 ], [ -128.72173857105301, 55.892890790293265 ], [ -128.718035080120615, 55.892410607668531 ], [ -128.674623456928174, 55.87404427973469 ], [ -128.661685422471322, 55.865715470271688 ], [ -128.655536764929451, 55.85807014843251 ], [ -128.658887515123325, 55.847746044720147 ], [ -128.623285564176257, 55.820207467002994 ], [ -128.633401164253712, 55.813419615102042 ], [ -128.639851451109593, 55.80451512861373 ], [ -128.633773470043337, 55.801353400381302 ], [ -128.632394654972643, 55.786473592013166 ], [ -128.610271320685854, 55.77114782207029 ], [ -128.609044486917753, 55.764376777354023 ], [ -128.601847432997488, 55.761894583199464 ], [ -128.60874411928512, 55.753859518737407 ], [ -128.604035899356433, 55.747598934749348 ], [ -128.584137028378223, 55.735950415263218 ], [ -128.524147556406206, 55.713708656071795 ], [ -128.511858881546175, 55.704527585153585 ], [ -128.503661356310346, 55.704471582799307 ], [ -128.497980902709543, 55.707215060213159 ], [ -128.493449991894977, 55.715854556623448 ], [ -128.484285990244587, 55.719104717318224 ], [ -128.455558548619621, 55.721640848344514 ], [ -128.454296522067949, 55.726488277250901 ], [ -128.49106390272712, 55.75251225371737 ], [ -128.501687242584126, 55.766113243719232 ], [ -128.503223540415263, 55.784278694907968 ], [ -128.495371503740984, 55.802410914165463 ], [ -128.486982792131812, 55.805864852451847 ], [ -128.457839841675622, 55.802708669140863 ], [ -128.449709395994603, 55.829392855972472 ], [ -128.427115996085575, 55.869508482927543 ], [ -128.422189309050509, 55.872233635986539 ], [ -128.415833881992683, 55.87082061799191 ], [ -128.404801761112708, 55.863358063010693 ], [ -128.397771897664086, 55.863710780786825 ], [ -128.370255996033535, 55.881767105181112 ], [ -128.360012408929862, 55.880862514212915 ], [ -128.350842288582356, 55.865030361103969 ], [ -128.35446968059199, 55.853563583734726 ], [ -128.368174537977239, 55.853526820924827 ], [ -128.378368562628225, 55.847197316896533 ], [ -128.372953647090242, 55.835242098807718 ], [ -128.374436387903927, 55.827322414393443 ], [ -128.396892729716029, 55.803880377326351 ], [ -128.397270692226812, 55.790720125788653 ], [ -128.376414440759135, 55.762397396483223 ], [ -128.344031828331822, 55.730121889391107 ], [ -128.32783715658644, 55.693595407123553 ], [ -128.308787202330365, 55.681232358142118 ], [ -128.306873633441512, 55.675129774311969 ], [ -128.35302497200334, 55.657834929329333 ], [ -128.365274530054961, 55.660674126732857 ], [ -128.384253457699117, 55.6717148025824 ], [ -128.390444430374771, 55.670939728272103 ], [ -128.393725054912466, 55.667150785931526 ], [ -128.388592778812836, 55.659575959475141 ], [ -128.392374787743137, 55.651174116394976 ], [ -128.383314225077072, 55.643016185562139 ], [ -128.357787558728972, 55.639551650228078 ], [ -128.354403687427379, 55.62843558964434 ], [ -128.345366730834712, 55.627070082326277 ], [ -128.333547697441276, 55.618083525695475 ], [ -128.316130985202449, 55.613144880238153 ], [ -128.303883285698333, 55.603286865528055 ], [ -128.24466328002265, 55.581343635607695 ], [ -128.230925930551621, 55.572163262217551 ], [ -128.198297206075324, 55.565724852373357 ], [ -128.192793937011544, 55.550478098921353 ], [ -128.186377927567747, 55.54686391540799 ], [ -128.17040123562515, 55.546045390245631 ], [ -128.1702464686214, 55.543198685653188 ], [ -128.188799284655971, 55.534328164364283 ], [ -128.19055125123117, 55.523776722048822 ], [ -128.187051588935503, 55.516604741891825 ], [ -128.158351492071859, 55.502855361007747 ], [ -128.155048349874846, 55.49918613968137 ], [ -128.175218222396182, 55.49182384359964 ], [ -128.172123623072594, 55.484863727920626 ], [ -128.161172471939693, 55.476066750415633 ], [ -128.124022189834818, 55.463113350491533 ], [ -128.112729168429155, 55.462208539954574 ], [ -128.066374606865736, 55.465612187086471 ], [ -128.051067316640086, 55.469589735427981 ], [ -128.042452974499184, 55.467977178009129 ], [ -128.032120660838018, 55.455433555353011 ], [ -128.023144931408552, 55.454263933977622 ], [ -128.007139815033611, 55.459781539308722 ], [ -127.983699842247461, 55.456210177732025 ], [ -127.968592163564239, 55.456448651765101 ], [ -127.95995179899586, 55.454173447764212 ], [ -127.95373507490342, 55.445942531698222 ], [ -127.950213066504872, 55.429341327701906 ], [ -127.932200728359263, 55.417347977614014 ], [ -127.938928282066669, 55.404313549778124 ], [ -127.928220188114537, 55.374893033640753 ], [ -127.945450934314664, 55.363229741393823 ], [ -127.959052615768769, 55.364551253180537 ], [ -127.961296595600075, 55.362981929221355 ], [ -127.964571051717073, 55.358766452398875 ], [ -127.956169401000409, 55.345091391479102 ], [ -127.958157427202579, 55.330376666203776 ], [ -127.996885709689096, 55.308723585100786 ], [ -127.996336460358179, 55.305444973453653 ], [ -127.977467190341102, 55.298732497073132 ], [ -127.967777462887057, 55.290119474989332 ], [ -127.957538801468701, 55.262228651807703 ], [ -127.930822315197119, 55.236127975039281 ], [ -127.93278267337206, 55.220756829635221 ], [ -127.938074286490874, 55.210593480893117 ], [ -127.946675507658924, 55.205199515974442 ], [ -128.04139564740936, 55.181326817877334 ], [ -128.061020127815453, 55.173551503203903 ], [ -128.098785034960628, 55.152098779264854 ], [ -128.103763022189582, 55.136892046055443 ], [ -128.109785608627021, 55.134379040523399 ], [ -128.134645316563962, 55.144237709673305 ], [ -128.172604974923701, 55.148437441786307 ], [ -128.187000429689277, 55.153070392326008 ], [ -128.198181869352254, 55.159653838457885 ], [ -128.21112937946657, 55.177988836580198 ], [ -128.218712748672743, 55.18163588802453 ], [ -128.24074691745156, 55.179559759988642 ], [ -128.28131084041371, 55.191849838980808 ], [ -128.287022162851031, 55.188382917646258 ], [ -128.304654609753896, 55.186796608343251 ], [ -128.312503676031014, 55.182028050960142 ], [ -128.321257698142233, 55.180183884996353 ], [ -128.332636669452313, 55.185434306204371 ], [ -128.345860863850874, 55.196952912150451 ], [ -128.369940679836958, 55.204481520749653 ], [ -128.382933231973766, 55.211798211412784 ], [ -128.393477000641639, 55.227566254847005 ], [ -128.388043409227265, 55.235655822081981 ], [ -128.37049181024355, 55.238933151515141 ], [ -128.364879247804424, 55.24408311757508 ], [ -128.363724156688789, 55.26217663972534 ], [ -128.357516103647214, 55.26985911521362 ], [ -128.360719343385568, 55.274001162680023 ], [ -128.386667223654428, 55.274767712765552 ], [ -128.396778121197542, 55.282979193538495 ], [ -128.40656619645074, 55.285732541644578 ], [ -128.446139157712423, 55.291266522301186 ], [ -128.459116473968379, 55.285547433004531 ], [ -128.490587917035839, 55.291647296400846 ], [ -128.501654485488189, 55.291005409826241 ], [ -128.514518717441632, 55.283601459196476 ], [ -128.53263052176456, 55.265581927678724 ], [ -128.55221078467244, 55.259298009055833 ], [ -128.58081188712211, 55.255346167143728 ], [ -128.632720103119993, 55.257201979525476 ], [ -128.66396082415045, 55.248551364603756 ], [ -128.665104284972045, 55.243482902048008 ], [ -128.660145314035191, 55.235602651449732 ], [ -128.665496355732728, 55.227081536247184 ], [ -128.662809249383486, 55.219993419273081 ], [ -128.667642252549172, 55.214845910757035 ], [ -128.681329307178601, 55.209507664402352 ], [ -128.68085400909959, 55.202372209352497 ], [ -128.684916887925823, 55.196820204585713 ], [ -128.682937991202238, 55.189296875883954 ], [ -128.690322060899462, 55.178208568357839 ], [ -128.676683234949138, 55.150761009092506 ], [ -128.666965088842062, 55.148868380271509 ], [ -128.661114461740254, 55.138485624624423 ], [ -128.65727233821562, 55.113768533951472 ], [ -128.664551101484562, 55.112351485207952 ], [ -128.674288166237147, 55.114664032055117 ], [ -128.68067983356508, 55.122092140082742 ], [ -128.680752509844979, 55.134280241711274 ], [ -128.700234458025136, 55.149830951687512 ], [ -128.707059409525357, 55.163553620719092 ], [ -128.714882732464332, 55.170108407215743 ], [ -128.750275584719532, 55.180259294454558 ], [ -128.786267140635886, 55.198794276229656 ], [ -128.806623701361559, 55.204641990038411 ], [ -128.822913962938543, 55.205114068053945 ], [ -128.840117503759245, 55.197576103164423 ], [ -128.83816667202322, 55.180385421593819 ], [ -128.823892243104694, 55.176927213486316 ], [ -128.787757731612402, 55.156304607952116 ], [ -128.787971986535723, 55.148733345844619 ], [ -128.793400817574906, 55.141885617605737 ], [ -128.786521168412406, 55.127748006168765 ], [ -128.788973307598013, 55.120546851117425 ], [ -128.800345545135286, 55.114405747504179 ], [ -128.817013064557869, 55.110245243726446 ], [ -128.82823104411375, 55.10200309221289 ], [ -128.833910047920938, 55.077912500593165 ], [ -128.851057376965798, 55.070373060499811 ], [ -128.854318704482722, 55.06441278833865 ], [ -128.860816724034578, 55.062581479244962 ], [ -128.874617398755248, 55.070249339697796 ], [ -128.890209055875772, 55.071988706800774 ], [ -128.904855348131832, 55.070805603249418 ], [ -128.907585065848508, 55.067798905984134 ], [ -128.903889602761325, 55.057375910176688 ], [ -128.906195808374832, 55.048493752713803 ], [ -128.920074869746202, 55.03681691636163 ], [ -128.940187917324607, 55.030035191623185 ], [ -128.951909094007732, 55.019246432359459 ], [ -128.954417194986263, 55.013301044794559 ], [ -128.947380869492207, 54.997493755403468 ], [ -128.98144338884768, 54.990792041290277 ], [ -128.989815105811232, 54.984704321094419 ], [ -128.991240721510309, 54.974159694694272 ], [ -128.988027821590777, 54.970453717722457 ], [ -128.976508469183955, 54.97367435999687 ], [ -128.957160855557476, 54.970354948335434 ], [ -128.946373002425361, 54.963465746422024 ], [ -128.933142268024568, 54.963359952654464 ], [ -128.927002397628911, 54.959721950411968 ], [ -128.912979265768769, 54.958792015023093 ], [ -128.887089113653047, 54.942529347248076 ], [ -128.885549768616983, 54.935222129633971 ], [ -128.870883630913369, 54.923748909487706 ], [ -128.863229626159693, 54.907933626977304 ], [ -128.857352482600817, 54.903019743004158 ], [ -128.84810759477611, 54.901957980169016 ], [ -128.849994279304212, 54.893773446369089 ], [ -128.843726578597739, 54.889523640513303 ], [ -128.849094132234427, 54.888487567134398 ], [ -128.848857820299628, 54.884830473663698 ], [ -128.836286682631084, 54.879098411853612 ], [ -128.838378870485855, 54.870006049394298 ], [ -128.844653452549693, 54.867687296205702 ], [ -128.845866715707018, 54.864148062386981 ], [ -128.836984875403544, 54.852706111431829 ], [ -128.848338946538377, 54.836418988677721 ], [ -128.836893701013082, 54.821423145936315 ], [ -128.832292952638994, 54.823761476752047 ], [ -128.835710819938583, 54.829221489813825 ], [ -128.805222615030345, 54.829645400894584 ], [ -128.782306036534095, 54.817208434854734 ], [ -128.772573242501352, 54.817787085788254 ], [ -128.769873796547614, 54.821897962514051 ], [ -128.759093127114511, 54.82605661744325 ], [ -128.749608747704059, 54.834475294740365 ], [ -128.725603430945654, 54.848135668726869 ], [ -128.724204096705279, 54.861968135943016 ], [ -128.69882650521194, 54.888793120675643 ], [ -128.688952403332365, 54.892125059113695 ], [ -128.666521747232906, 54.893502075162942 ], [ -128.647656069148866, 54.901921640139882 ], [ -128.639696661081643, 54.898975746320531 ], [ -128.641676061676435, 54.893591119302599 ], [ -128.65594516869669, 54.886161808475713 ], [ -128.657980033990299, 54.881666053481581 ], [ -128.656225725323054, 54.878587469631427 ], [ -128.639945712640639, 54.878936859853184 ], [ -128.611667167029623, 54.861731277413689 ], [ -128.612759203034926, 54.854585197218142 ], [ -128.618556106216261, 54.848229636012562 ], [ -128.618097503588871, 54.841116398621075 ], [ -128.610440909495765, 54.830594343100096 ], [ -128.622657419730842, 54.815643786629366 ], [ -128.620450023617252, 54.80545144827245 ], [ -128.611309321656023, 54.795851499190434 ], [ -128.615207905530411, 54.784193906924784 ], [ -128.611800062019398, 54.77936920781984 ], [ -128.589202567329409, 54.777175535645476 ], [ -128.575802556700268, 54.773450088093256 ], [ -128.571261875299712, 54.762860781442967 ], [ -128.555708008726356, 54.749384436983981 ], [ -128.57203558671867, 54.738359813903436 ], [ -128.577891225435422, 54.720875164801747 ], [ -128.590021231156527, 54.717058689864842 ], [ -128.591395928200029, 54.714358608857921 ], [ -128.579544498644879, 54.698136226306879 ], [ -128.56924323070487, 54.706365334047668 ], [ -128.553858990012969, 54.707576411108406 ], [ -128.5222866675918, 54.722028774784697 ], [ -128.507667460332641, 54.723218218279513 ], [ -128.473370696605173, 54.731480757118092 ], [ -128.462958881703003, 54.738367084518458 ], [ -128.4553128808233, 54.73985544479266 ], [ -128.434344226928687, 54.738491720392766 ], [ -128.429041729451058, 54.740377161032654 ], [ -128.424241713802871, 54.750710222267109 ], [ -128.413201822036285, 54.760275296127226 ], [ -128.423776127249937, 54.781879523686655 ], [ -128.417773252848434, 54.785113567084416 ], [ -128.404491491868782, 54.78314798331332 ], [ -128.370534142823061, 54.785141927459321 ], [ -128.357641620568586, 54.776486887236729 ], [ -128.315992370749029, 54.765704403040438 ], [ -128.306730874436283, 54.752524747834293 ], [ -128.29959833163889, 54.749542449337433 ], [ -128.290323349735672, 54.749715488530398 ], [ -128.285860592130405, 54.752914312346199 ], [ -128.283965755873766, 54.760516473565914 ], [ -128.263511555230366, 54.768461337031077 ], [ -128.272663313296135, 54.779865610043075 ], [ -128.272911745266413, 54.784312149846507 ], [ -128.265974256738531, 54.784885141064443 ], [ -128.252049459003018, 54.785140634746632 ], [ -128.215881706018507, 54.775114442500076 ], [ -128.157816486586682, 54.745879844553691 ], [ -128.143061248449442, 54.744802537427454 ], [ -128.103721108402652, 54.76194964627706 ], [ -128.097489548376331, 54.761165862760834 ], [ -128.092507411130129, 54.75457450792549 ], [ -128.095983565286247, 54.746948987840987 ], [ -128.082502488377202, 54.74050179691352 ], [ -128.075866598362182, 54.731712453516494 ], [ -128.067096616342127, 54.726519295775326 ], [ -128.070688130173465, 54.721117952135984 ], [ -128.061178776422167, 54.701249409031362 ], [ -128.038699385596686, 54.699844156685749 ], [ -128.023280220774041, 54.700544097211754 ], [ -128.013484826396933, 54.705600730495426 ], [ -127.999738347234697, 54.70894063786146 ], [ -127.986610173493688, 54.709153550963059 ], [ -127.980758614129201, 54.712884014381963 ], [ -127.984683692175381, 54.721670877280317 ], [ -127.980844875276134, 54.730509012196883 ], [ -127.984913584602324, 54.742227565507044 ], [ -127.960710785895259, 54.764706200861774 ], [ -127.957253404583938, 54.773483572042402 ], [ -127.938070669325811, 54.783517578573381 ], [ -127.920666940810051, 54.788325030075939 ], [ -127.904725193640346, 54.780875508898383 ], [ -127.899704329451097, 54.783652844117668 ], [ -127.878372908166796, 54.786332581173909 ], [ -127.870780023359131, 54.78540860681877 ], [ -127.867554636890048, 54.790590412436039 ], [ -127.857556353012967, 54.791701653215199 ], [ -127.8499585350811, 54.797408113848675 ], [ -127.839835461309562, 54.796216611926937 ], [ -127.83423278050843, 54.791462009878465 ], [ -127.815619239447031, 54.786491943513674 ], [ -127.79908900168391, 54.78542953970215 ], [ -127.793597596582003, 54.788647299103246 ], [ -127.780088122593853, 54.788475899826118 ], [ -127.75794442782626, 54.797993988581716 ], [ -127.737022286157909, 54.795539680328623 ], [ -127.735502759616267, 54.799308053538439 ], [ -127.721808897868925, 54.799963972592437 ], [ -127.712066756212678, 54.79764101691736 ], [ -127.710842554234389, 54.791130877165834 ], [ -127.696435183497243, 54.78887368516579 ], [ -127.692906421948422, 54.784000306344467 ], [ -127.685248053731968, 54.785652281293828 ], [ -127.677736390833275, 54.78331517950555 ], [ -127.644924487737072, 54.784696548957605 ], [ -127.622559382915185, 54.778805111041187 ], [ -127.614074790172197, 54.781007217608611 ], [ -127.590707499039837, 54.781311318466159 ], [ -127.569895474471025, 54.787252791273545 ], [ -127.566588625570759, 54.789086804197403 ], [ -127.569322532255342, 54.806075065877209 ], [ -127.54647802740098, 54.841007064860172 ], [ -127.543703675848477, 54.850150565283272 ], [ -127.544872015326163, 54.874027697247712 ], [ -127.557363839490975, 54.887459172949363 ], [ -127.55724670265964, 54.891193748092959 ], [ -127.538196025650308, 54.903975692229324 ], [ -127.538122156325869, 54.922641975944337 ], [ -127.529222500989405, 54.928576016983918 ], [ -127.52639329758739, 54.936525076573737 ], [ -127.521298172929917, 54.939723654065958 ], [ -127.519754951148926, 54.968113805255236 ], [ -127.528854539914732, 54.974123889834068 ], [ -127.55310471155434, 54.973523191713419 ], [ -127.588591610332344, 54.979941555706247 ], [ -127.596874121361097, 54.984762682021589 ], [ -127.611368471815226, 54.988158622996949 ], [ -127.618457829234757, 54.995681765667186 ], [ -127.628502335237386, 54.998685891651462 ], [ -127.626801116124867, 55.001844124947482 ], [ -127.605014228885395, 55.012282654823338 ], [ -127.58265706085777, 55.015108930878704 ], [ -127.581393615317523, 55.02288995629678 ], [ -127.575578105190331, 55.027891773483937 ], [ -127.54354994430787, 55.030982791923684 ], [ -127.534115999699722, 55.037222192769534 ], [ -127.54478411224197, 55.042763930140559 ], [ -127.561420203555059, 55.047035154832074 ], [ -127.567105225836457, 55.052040423153855 ], [ -127.569172462700791, 55.058136564054593 ], [ -127.563104609189978, 55.070308458008341 ], [ -127.574727134545782, 55.079867511802519 ], [ -127.572529701488847, 55.117525169569632 ], [ -127.575119341097022, 55.130184949106727 ], [ -127.578321259080127, 55.138357172604792 ], [ -127.58861584421399, 55.14688682573388 ], [ -127.558459215817678, 55.154144210135541 ], [ -127.552232486064014, 55.151472311589323 ], [ -127.521419809894198, 55.149493374140427 ], [ -127.504905114051326, 55.153004316543232 ], [ -127.470284654918331, 55.153382910192427 ], [ -127.438774399124398, 55.14363761657016 ], [ -127.42710098420018, 55.143235747970607 ], [ -127.415959078481976, 55.145589889025189 ], [ -127.405743978265193, 55.144053816672859 ], [ -127.400169846481973, 55.145310727050557 ], [ -127.391959892943419, 55.155169738220032 ], [ -127.380803731239681, 55.156227183700203 ], [ -127.377812514990666, 55.152196885899251 ], [ -127.380121962322178, 55.149036272594699 ], [ -127.374284644427235, 55.144402419536718 ], [ -127.37437234640241, 55.136477197778795 ], [ -127.364691322029927, 55.129607250857028 ], [ -127.369224212679086, 55.124194641069764 ], [ -127.36801561676694, 55.12077170048974 ], [ -127.346481255941853, 55.114001316516422 ], [ -127.347839252987811, 55.105400460362802 ], [ -127.342203685897275, 55.100300456026474 ], [ -127.327969367751862, 55.097714010767454 ], [ -127.325467605502681, 55.092718591034867 ], [ -127.317090255627122, 55.096288804717894 ], [ -127.305933360505861, 55.09732960606236 ], [ -127.288850824412648, 55.093675523804563 ], [ -127.265887902633935, 55.097736706658004 ], [ -127.238634455518124, 55.107303179342402 ], [ -127.233397807986634, 55.111919293751193 ], [ -127.242155878247175, 55.128134635001629 ], [ -127.257873459792393, 55.135707843088561 ], [ -127.255111115614866, 55.149706698321303 ], [ -127.24566702167715, 55.154661168510536 ], [ -127.22610012001266, 55.160018880590926 ], [ -127.224971222866387, 55.175519406072731 ], [ -127.211405196063723, 55.185674836048783 ], [ -127.206306673761503, 55.193620919562939 ], [ -127.205384866088622, 55.198489257394044 ], [ -127.210931439807723, 55.205420799461919 ], [ -127.198437651638997, 55.216171690290551 ], [ -127.189388316518603, 55.217169627794092 ], [ -127.186784607444906, 55.237543180935646 ], [ -127.172759939221962, 55.251343052771439 ], [ -127.170503412786772, 55.265638717276119 ], [ -127.16055716746105, 55.273020805483931 ], [ -127.135980037668674, 55.273854635928508 ], [ -127.115797349895857, 55.278896268148642 ], [ -127.080038599736312, 55.277384724250645 ], [ -127.082579293717814, 55.289515395639938 ], [ -127.07601543457389, 55.292505619437399 ], [ -127.070066008918872, 55.29088057829938 ], [ -127.059489979057915, 55.281751628762919 ], [ -127.05284883784897, 55.281807888952024 ], [ -127.050291363651539, 55.296915487719694 ], [ -127.043778321315926, 55.301998838065771 ], [ -127.031302857789001, 55.305035993382411 ], [ -127.022442813918062, 55.305108926513029 ], [ -127.015702412221657, 55.301392504859784 ], [ -127.010313232109652, 55.292636155725091 ], [ -126.996091741583399, 55.284788577216737 ], [ -126.947454473989822, 55.288100980537251 ], [ -126.933538804749148, 55.292815451109405 ], [ -126.912076025489185, 55.290459997118752 ], [ -126.904004208780051, 55.29261399484772 ], [ -126.891669894550375, 55.302340800602593 ], [ -126.87995793257555, 55.307033445591593 ], [ -126.8809812020354, 55.320016576357276 ], [ -126.870119596818526, 55.33014981969044 ], [ -126.871203943042858, 55.346065927533772 ], [ -126.868320020889342, 55.349438367640929 ], [ -126.851398948373657, 55.353326259858711 ], [ -126.848539425974991, 55.357955194606973 ], [ -126.853064527824301, 55.362114809424639 ], [ -126.879099898755257, 55.369058091242501 ], [ -126.89316037256323, 55.369377419585163 ], [ -126.894835771665953, 55.378165428102989 ], [ -126.905893408064117, 55.376409571502592 ], [ -126.937145326884362, 55.384141087396969 ], [ -126.948252306502781, 55.384476370232946 ], [ -126.973283688255151, 55.379255318021762 ], [ -126.992578330963738, 55.381617899629262 ], [ -127.011061487678987, 55.381050688690159 ], [ -127.01853336825107, 55.383923424321033 ], [ -127.021115573685421, 55.398150341460024 ], [ -127.001584338563902, 55.416327799265062 ], [ -127.005612352637115, 55.429286306218586 ], [ -126.976160597279645, 55.436643494649296 ], [ -126.955037952303726, 55.451892473956555 ], [ -126.914672163037565, 55.469375078095631 ], [ -126.877758933670719, 55.476763069986568 ], [ -126.872732797831972, 55.484341118091727 ], [ -126.879763021936213, 55.534159423237078 ], [ -126.887384424883621, 55.542905944929572 ], [ -126.902419372041223, 55.550760839828413 ], [ -126.904733520412918, 55.554515713757858 ], [ -126.9020646161446, 55.567944833948495 ], [ -126.884310430779635, 55.605367502396128 ], [ -126.840213629224294, 55.631232681902681 ], [ -126.824563707011563, 55.630498144094901 ], [ -126.78443211666432, 55.634107321509248 ], [ -126.778558253774193, 55.638334390472174 ], [ -126.779401171918877, 55.643357861310569 ], [ -126.792135028659487, 55.647049854773101 ], [ -126.792954814676051, 55.650816223692871 ], [ -126.781289280523254, 55.655280594372314 ], [ -126.758506831564517, 55.676631810223476 ], [ -126.771988104530351, 55.688768759812461 ], [ -126.781536528353527, 55.690127758192041 ], [ -126.771585413303953, 55.694153819811561 ], [ -126.775837133427814, 55.700279730106949 ], [ -126.762995279585141, 55.706373545651331 ], [ -126.767338393823721, 55.72007810473746 ], [ -126.765128998017303, 55.72697717657698 ], [ -126.753659173158198, 55.735377804807193 ], [ -126.742848933800971, 55.738934789483338 ], [ -126.729037158855974, 55.73578097517079 ], [ -126.710982884440682, 55.723885463847353 ], [ -126.6814981303785, 55.716327524161002 ], [ -126.667331269209697, 55.702318167516701 ], [ -126.644305890603761, 55.702333688305664 ], [ -126.613472114200306, 55.677656253582903 ], [ -126.591405383272132, 55.666285238165351 ], [ -126.584348413142692, 55.665796532949507 ], [ -126.57934228181395, 55.691492229431773 ], [ -126.583202269143783, 55.706318190945773 ], [ -126.577910555786275, 55.722635606947826 ], [ -126.580223919946846, 55.732065070410009 ], [ -126.57572194516672, 55.735311177823036 ], [ -126.581140369910287, 55.743515766932063 ], [ -126.577547027032253, 55.754730179488035 ], [ -126.589522637142608, 55.768056685828093 ], [ -126.588506201379801, 55.770805347608601 ], [ -126.581598345129422, 55.775281397550089 ], [ -126.543838137126613, 55.775736451983043 ], [ -126.485263291584317, 55.786658509093122 ], [ -126.481909859383904, 55.79186572456701 ], [ -126.485702656724285, 55.801588141017348 ], [ -126.481075901547285, 55.806787919915486 ], [ -126.470880298857608, 55.808943068516847 ], [ -126.471848695053126, 55.811470574513258 ], [ -126.463848559853247, 55.81323838540527 ], [ -126.459195563163433, 55.819729899908324 ], [ -126.454025214771036, 55.818976927197333 ], [ -126.445011150421422, 55.821808906224312 ], [ -126.437473035313985, 55.817455049537436 ], [ -126.428248454412682, 55.822250972909096 ], [ -126.433126876343664, 55.823557024075818 ], [ -126.430601429664605, 55.826749714000648 ], [ -126.436088256703542, 55.825866287222624 ], [ -126.437748119278893, 55.828794859705333 ], [ -126.447643585914619, 55.827428558409345 ], [ -126.45320575011786, 55.830536806060607 ], [ -126.466882872032556, 55.82895826614017 ], [ -126.463551941111419, 55.833266730675192 ], [ -126.468079540637618, 55.839283333807749 ], [ -126.462058875277592, 55.841227354674864 ], [ -126.463923167262692, 55.844483009961294 ], [ -126.460334199541805, 55.845145712225317 ], [ -126.455763541417966, 55.842211141718344 ], [ -126.45295806695384, 55.843601029700352 ], [ -126.456262144713122, 55.852423506113887 ], [ -126.4744551194797, 55.858937553363951 ], [ -126.489564402847918, 55.875938447997555 ], [ -126.504406378590133, 55.879349880129318 ], [ -126.511757133030287, 55.883912329939363 ], [ -126.509514863781561, 55.889466458398715 ], [ -126.513961178325005, 55.894975656056907 ], [ -126.524248531239977, 55.895678271266789 ], [ -126.55500810719866, 55.90788734765178 ], [ -126.578215580188143, 55.907052146196619 ], [ -126.575485137603209, 55.910799809283802 ], [ -126.580386039431176, 55.910986886366011 ], [ -126.587214394175234, 55.91851772478261 ], [ -126.583716427398912, 55.919689744592304 ], [ -126.584976991989507, 55.923615175670164 ], [ -126.568757986124226, 55.926999784586783 ], [ -126.567024991187282, 55.930631915112954 ], [ -126.56183003142749, 55.93023281103779 ], [ -126.558853821511534, 55.940150260024694 ], [ -126.553106976687332, 55.945177462801688 ], [ -126.552753415756499, 55.95230680180034 ], [ -126.561764399346643, 55.963154933541404 ], [ -126.554899563792404, 55.969588339983972 ], [ -126.55355013732715, 55.975467657430428 ], [ -126.559548370956549, 55.98866330722754 ], [ -126.550400425775535, 55.993856589087009 ], [ -126.540265496478071, 55.99511985494415 ], [ -126.535178247973406, 55.993642805465484 ], [ -126.531428646728429, 55.997613397109376 ], [ -126.53528885541968, 56.002246439206971 ], [ -126.532859311116312, 56.004373528471518 ], [ -126.535959917539913, 56.013361100860131 ], [ -126.531584356529393, 56.027375537304785 ], [ -126.539344224618148, 56.032563360091352 ], [ -126.538239195148805, 56.042096304054034 ], [ -126.544378999700598, 56.048069150169276 ], [ -126.531789003217639, 56.062388600928877 ], [ -126.533630881083212, 56.076311081050036 ], [ -126.539205729807662, 56.080367963642239 ], [ -126.533720275179036, 56.085956711440126 ], [ -126.534659438169442, 56.091908173836472 ], [ -126.530024486143546, 56.093468784259308 ], [ -126.523848482635444, 56.102018105323957 ], [ -126.544003964191887, 56.117080358622005 ], [ -126.563431836766114, 56.122534675021882 ], [ -126.601090848957924, 56.114913855707307 ], [ -126.608895958602275, 56.11695228606478 ], [ -126.623984941343494, 56.114870895321658 ], [ -126.639864374095481, 56.139104382504108 ], [ -126.653663916469881, 56.149036941649207 ], [ -126.687758632175473, 56.164619317849656 ], [ -126.708962794333374, 56.192558443026421 ], [ -126.72069770632757, 56.201990190212044 ], [ -126.770864398966012, 56.228102336883978 ], [ -126.773806317851395, 56.238693943156129 ], [ -126.762744612693623, 56.253084601623165 ], [ -126.763902599583375, 56.263610044697749 ], [ -126.75995030130639, 56.270235844266317 ], [ -126.748804854252981, 56.275218333113102 ], [ -126.70440346357384, 56.271226974629705 ], [ -126.692939687711117, 56.272805284779267 ], [ -126.692220772436642, 56.275667864239168 ], [ -126.707329537771926, 56.287782494062192 ], [ -126.707701978645986, 56.293171869882762 ], [ -126.718751724889529, 56.299478495751465 ], [ -126.722131135710285, 56.306775422657587 ], [ -126.734387473006265, 56.317129071586763 ], [ -126.759982068338857, 56.326043181885041 ], [ -126.775890540327012, 56.335379910411369 ], [ -126.787276290704625, 56.347427812367378 ], [ -126.800068178186265, 56.347314911194076 ], [ -126.808540203351839, 56.35058316759249 ], [ -126.816223962972728, 56.349801787890257 ], [ -126.811567508995424, 56.353952713062299 ], [ -126.811952314948883, 56.359117906956428 ], [ -126.807278675557555, 56.36157835847375 ], [ -126.811102883093298, 56.365169199498361 ], [ -126.799167545151789, 56.368301342279004 ], [ -126.802158259273256, 56.376828953874217 ], [ -126.7978984466626, 56.379629268769584 ], [ -126.796435451447266, 56.389839315306666 ], [ -126.789935571607785, 56.393202191029751 ], [ -126.792750477375691, 56.396118744999796 ], [ -126.789301380509329, 56.397458561456759 ], [ -126.796343661994712, 56.405996148911079 ], [ -126.794057291110462, 56.418905623695508 ], [ -126.789393754756375, 56.420466927152106 ], [ -126.784666668007432, 56.432021209084112 ], [ -126.772263446905967, 56.442205758435662 ], [ -126.772443409650421, 56.44468047512467 ], [ -126.777098811111671, 56.445797292379225 ], [ -126.777249532977393, 56.45433736243011 ], [ -126.75718265299551, 56.456654143585439 ], [ -126.750035024137119, 56.465287503675462 ], [ -126.756095783122447, 56.468776367457195 ], [ -126.756663459177119, 56.474834882057245 ], [ -126.735776900283227, 56.485240442632644 ], [ -126.735280767430226, 56.489500382391419 ], [ -126.723493242127205, 56.492393783095508 ], [ -126.723633755022661, 56.499801485240766 ], [ -126.714509417814483, 56.499104177074763 ], [ -126.709415281970095, 56.501678820539269 ], [ -126.708364686411585, 56.506719218204942 ], [ -126.702469627168028, 56.507716141274429 ], [ -126.705284261382829, 56.512773437029807 ], [ -126.69551430581069, 56.515441435489912 ], [ -126.696707401050631, 56.521511487799913 ], [ -126.702763038974709, 56.524329712146098 ], [ -126.692785558492176, 56.526660304041933 ], [ -126.690713774894803, 56.533164743235027 ], [ -126.678125634765635, 56.532121495758069 ], [ -126.667281934397721, 56.542082839036432 ], [ -126.668801001033458, 56.551511347868491 ], [ -126.664736066303561, 56.553861544598156 ], [ -126.657671603630163, 56.571792720648631 ], [ -126.64869038662988, 56.575361704910165 ], [ -126.648625627533946, 56.58321441837959 ], [ -126.640753060088301, 56.59823606256176 ], [ -126.642772065079015, 56.600593285734142 ], [ -126.635164006972204, 56.607871784764718 ], [ -126.619635053289429, 56.615115345875481 ], [ -126.61754885131532, 56.620044805310776 ], [ -126.610378219070071, 56.624402384759222 ], [ -126.585431698618919, 56.635657723077536 ], [ -126.579033822346943, 56.642372891189382 ], [ -126.584631444600305, 56.652267327329298 ], [ -126.575182390124624, 56.66042461068038 ], [ -126.563338338171519, 56.661621872334997 ], [ -126.546867147053277, 56.672242647486939 ], [ -126.521197778608681, 56.675389975003355 ], [ -126.503552063032842, 56.67546000769412 ], [ -126.48786388179316, 56.670820326373452 ], [ -126.472740718610794, 56.670876596789917 ], [ -126.464777614570366, 56.67947594695746 ], [ -126.471957683347256, 56.689402720551072 ], [ -126.479577548833305, 56.693798146373041 ], [ -126.488886714202806, 56.712010305101622 ], [ -126.530011756772083, 56.730095497137938 ], [ -126.562423820348997, 56.736870491960481 ], [ -126.576739575273336, 56.748696053809184 ], [ -126.580200806177174, 56.777434816337362 ], [ -126.596015602035237, 56.786763508384759 ], [ -126.624392031356095, 56.790500603404553 ], [ -126.667177150741267, 56.778951122706573 ], [ -126.690252735635923, 56.768876527214168 ], [ -126.745986692978931, 56.776032478627833 ], [ -126.788416786060964, 56.774398497508969 ], [ -126.788957570358917, 56.800938731611751 ], [ -126.795777197809102, 56.812786448587403 ], [ -126.812821561195861, 56.829270735890439 ], [ -126.81764582891509, 56.841959599221369 ], [ -126.812233216749206, 56.849459288045878 ], [ -126.811882512479173, 56.880983567050173 ], [ -126.800950211470209, 56.891558987482419 ], [ -126.801214161295135, 56.904277041109061 ], [ -126.811401915020866, 56.930483063624955 ], [ -126.834520545809752, 56.966838010091429 ], [ -126.8334751409879, 56.988967194498215 ], [ -126.81840986801889, 56.997635350604256 ], [ -126.815554150414926, 57.030837726441682 ], [ -126.83934900982959, 57.07189183169946 ], [ -126.865711563022643, 57.082006496757216 ] ] ] } },
{ "type": "Feature", "properties": { "NAME": "Champagne and Aishihik First Nations", "SCALE": "1:250000" }, "geometry": { "type": "Polygon", "coordinates": [ [ [ -135.606882056588034, 60.000143948620206 ], [ -139.054131072257832, 59.999962022304551 ], [ -139.045491022367145, 59.993931963199095 ], [ -138.79966505282772, 59.930150976957755 ], [ -138.706538972980866, 59.91108704053422 ], [ -138.659099978607429, 59.809212059374147 ], [ -138.624492112814494, 59.771602978107552 ], [ -138.585735078823092, 59.754159024405723 ], [ -138.23632297573667, 59.573666001187874 ], [ -137.994915945810391, 59.451602944477472 ], [ -137.9496571244444, 59.431346034151062 ], [ -137.597801106018437, 59.24592004898215 ], [ -137.516116950224188, 59.058347979011756 ], [ -137.493147071413006, 58.990957045885658 ], [ -137.521257999475807, 58.916723045876644 ], [ -137.446216034628549, 58.91057904124861 ], [ -137.35334707943926, 58.963452038455536 ], [ -137.254664877065665, 59.007533982292045 ], [ -137.064856997249137, 59.069647020706157 ], [ -136.823712951070888, 59.157913980067001 ], [ -136.576040949660921, 59.170053040834212 ], [ -136.486506910339841, 59.265395070139078 ], [ -136.485238970650613, 59.276316026080821 ], [ -136.458015071525296, 59.28141304770778 ], [ -136.464745026371986, 59.382311021832329 ], [ -136.464287115180326, 59.465520984118243 ], [ -136.401198984798015, 59.452639065403524 ], [ -136.338294034389548, 59.457798026414032 ], [ -136.294770967068132, 59.470942972106208 ], [ -136.237300105901312, 59.520958001231669 ], [ -136.224007070305447, 59.543342029178618 ], [ -136.235025905958935, 59.562651951220161 ], [ -136.34645891955185, 59.602004956175691 ], [ -136.292878973805301, 59.619284939167649 ], [ -136.172441997271875, 59.641811992130911 ], [ -135.931159135897502, 59.668454036569479 ], [ -135.835201876963538, 59.699368961792445 ], [ -135.483256913665201, 59.800012953083211 ], [ -135.606882056588034, 60.000143948620206 ] ] ] } },
{ "type": "Feature", "properties": { "NAME": "Taku River Tlingit First Nation", "SCALE": "1:250000" }, "geometry": { "type": "Polygon", "coordinates": [ [ [ -133.179371905308699, 58.183566983154144 ], [ -133.167550954595839, 58.189323023252818 ], [ -133.155685089349333, 58.191239031241402 ], [ -133.141969971907258, 58.18957197776804 ], [ -133.126644921923003, 58.19060902756916 ], [ -133.123479963749844, 58.196933957145852 ], [ -133.1150109998799, 58.198807990923804 ], [ -133.096085038535847, 58.194490025140006 ], [ -133.084282107351925, 58.198195944172724 ], [ -133.079477019724408, 58.207225046618966 ], [ -133.054174989653433, 58.215548965107878 ], [ -133.033713013016921, 58.216620948810501 ], [ -133.021863945420051, 58.21942295605411 ], [ -133.015187058631966, 58.223975999648751 ], [ -132.960452094522878, 58.220831962749507 ], [ -132.93973399904965, 58.213803950321271 ], [ -132.927784971526677, 58.213903034895054 ], [ -132.922754022623451, 58.216638005829807 ], [ -132.914194062089081, 58.215804956565222 ], [ -132.902016093506575, 58.208706021450617 ], [ -132.879867964076453, 58.209778050720644 ], [ -132.848422995443656, 58.185736041874144 ], [ -132.827892071114206, 58.183189025699335 ], [ -132.785801080188861, 58.142127059129372 ], [ -132.759791115243729, 58.125231038767673 ], [ -132.742562928226903, 58.11815104886692 ], [ -132.679284028508675, 58.106861043490071 ], [ -132.636654902540045, 58.103518949139328 ], [ -132.628033083378, 58.099071964800132 ], [ -132.612200992718272, 58.076688030827064 ], [ -132.475509986750978, 58.044124017725423 ], [ -132.395470903819017, 58.033675035669035 ], [ -132.368264875481429, 58.031979967633944 ], [ -132.303739077649368, 58.033107986281408 ], [ -132.251007890163976, 58.026979971065373 ], [ -132.232325963276452, 58.027032054960493 ], [ -132.21545007294705, 58.036063027159308 ], [ -132.183278915038841, 58.045133058015857 ], [ -132.13933609641893, 58.065899954308392 ], [ -132.114095119282695, 58.092909008395225 ], [ -132.109286071919939, 58.121680051710513 ], [ -132.078640044127553, 58.122631061066031 ], [ -132.058290956416812, 58.132548948082601 ], [ -132.043073912292101, 58.145155002252864 ], [ -132.015934040161227, 58.160468020058069 ], [ -132.000625883275291, 58.165870998353441 ], [ -131.949531953915397, 58.174001993128861 ], [ -131.90185099168508, 58.184810944224431 ], [ -131.881387971063958, 58.185715053525463 ], [ -131.872849935550335, 58.183014030422136 ], [ -131.867718963027784, 58.177620972281225 ], [ -131.920412889512761, 58.144357945854658 ], [ -131.922083926269124, 58.137165956812431 ], [ -131.918646007919165, 58.130873004136731 ], [ -131.90839299557382, 58.123683939868648 ], [ -131.886237997780768, 58.119199983575591 ], [ -131.865810083104748, 58.120092943922415 ], [ -131.833487892418646, 58.128176016315479 ], [ -131.807978969662514, 58.140756940754727 ], [ -131.779020950019714, 58.147924954322463 ], [ -131.760274063750359, 58.148816994039741 ], [ -131.731313991544425, 58.135306005118544 ], [ -131.693866020048347, 58.125372972884342 ], [ -131.659810040345803, 58.123528058354594 ], [ -131.630890994414045, 58.118987963923885 ], [ -131.571304933343356, 58.116170061756911 ], [ -131.503321096470387, 58.100721042151278 ], [ -131.477823957205032, 58.097948944091947 ], [ -131.385992021271562, 58.092254030489059 ], [ -131.353660008136075, 58.093933976165388 ], [ -131.322968943178495, 58.099205960358319 ], [ -131.307568994995961, 58.107232002479158 ], [ -131.300633987149695, 58.117087941306742 ], [ -131.303813081311034, 58.136878941409755 ], [ -131.330848935415361, 58.156766064195672 ], [ -131.383517062250036, 58.173142018959908 ], [ -131.386591109443884, 58.209116004859261 ], [ -131.381164031298113, 58.241456990243826 ], [ -131.401419045242875, 58.267601987238351 ], [ -131.404740919681018, 58.278393973944631 ], [ -131.404622894620104, 58.290985018451593 ], [ -131.395884059181753, 58.311635981249658 ], [ -131.388679975374259, 58.3493650424492 ], [ -131.388470984577367, 58.371840998901511 ], [ -131.393454013215944, 58.389843976169487 ], [ -131.352198971722487, 58.399585012580587 ], [ -131.324564952250228, 58.416558943607889 ], [ -131.319296941920811, 58.427329021212117 ], [ -131.319019094819652, 58.450702971735296 ], [ -131.342546972906092, 58.499351023927339 ], [ -131.388580944235059, 58.541792001109016 ], [ -131.402033980077704, 58.576914046891027 ], [ -131.44450909981532, 58.654400014048491 ], [ -131.45617899976375, 58.709300966752998 ], [ -131.447403077382603, 58.725470034471421 ], [ -131.431679118340639, 58.742506996803456 ], [ -131.382791126946273, 58.785523038432096 ], [ -131.351447937921506, 58.799800032368168 ], [ -131.313033009423719, 58.822138935282368 ], [ -131.279895886670801, 58.836394051391935 ], [ -131.244869993598513, 58.859629966987782 ], [ -131.177760937169069, 58.932193977513947 ], [ -131.156369040191322, 58.964472048777239 ], [ -131.094636063898321, 59.008230943567732 ], [ -131.10142712262126, 59.019071994565884 ], [ -131.099578102683921, 59.024455971542132 ], [ -131.085480906445895, 59.032481964891879 ], [ -131.020502905200914, 59.053689066858844 ], [ -131.016622889674863, 59.073466995165653 ], [ -131.023267985239784, 59.090612019692699 ], [ -131.017927103930418, 59.095976981529169 ], [ -130.979235991763687, 59.106536000463869 ], [ -130.966879098119279, 59.112752030842401 ], [ -130.952324064201207, 59.138761963073136 ], [ -130.925382971868373, 59.169186050574986 ], [ -130.921474906685717, 59.187156059796678 ], [ -130.924744889868236, 59.197986041500485 ], [ -130.943673033671416, 59.214312940038198 ], [ -130.950367071039665, 59.22876500725782 ], [ -130.948500990398941, 59.234155946158246 ], [ -130.880849939407142, 59.27509903083638 ], [ -130.853946067022918, 59.298310041579938 ], [ -130.842829877234664, 59.320744960157299 ], [ -130.835018984445128, 59.352194936885212 ], [ -130.838195980461336, 59.365732026534801 ], [ -130.850197036266906, 59.3793229618149 ], [ -130.867515929082117, 59.392055968895733 ], [ -130.928754930163137, 59.411402044329876 ], [ -131.049903997958637, 59.43918896479471 ], [ -131.116597954485314, 59.460276050583161 ], [ -131.148306866533716, 59.46495094259857 ], [ -131.194186045796528, 59.466981020846973 ], [ -131.243361871696351, 59.486124958188924 ], [ -131.260975974428163, 59.490699015608271 ], [ -131.347497935086778, 59.497357053479789 ], [ -131.411124024409361, 59.496683008607 ], [ -131.439377080894019, 59.500380960436274 ], [ -131.453418985108385, 59.51392600360365 ], [ -131.449306911731242, 59.584168973445671 ], [ -131.440243984718308, 59.608459980758447 ], [ -131.440029879142173, 59.634579988181187 ], [ -131.395379956367179, 59.665967032971089 ], [ -131.39356997421504, 59.670465044029335 ], [ -131.402331043044398, 59.682207954460708 ], [ -131.418208979598916, 59.693971965182193 ], [ -131.44656312400997, 59.705771991769019 ], [ -131.453588911449344, 59.71480400983129 ], [ -131.447792090559602, 59.772453957083748 ], [ -131.431457102172487, 59.808439982423145 ], [ -131.404431909523879, 59.838995951418418 ], [ -131.37930601706168, 59.853324031039129 ], [ -131.347085068208202, 59.86132304223996 ], [ -131.284514945870654, 59.86828099560622 ], [ -131.25219698013575, 59.879859984134917 ], [ -131.19963903007104, 59.930092006039779 ], [ -131.146804097426127, 59.988416026282977 ], [ -131.139446903621518, 60.001641060075073 ], [ -132.25298503896181, 60.001606019628063 ], [ -133.335942037825362, 60.001583988065263 ], [ -134.335661110804949, 60.001572978780132 ], [ -135.606882056588034, 60.000143948620206 ], [ -135.482720047405735, 59.800145997299289 ], [ -135.359687004621549, 59.740446942596876 ], [ -135.23640103661981, 59.699915019098491 ], [ -135.217059933657168, 59.660146970177863 ], [ -135.185070987111715, 59.639897959343422 ], [ -135.167299100117049, 59.629840936794388 ], [ -135.14753009414494, 59.628899948929856 ], [ -135.130293086035749, 59.632358055513443 ], [ -135.030921908101732, 59.570764948894521 ], [ -135.03288292349572, 59.475039054566061 ], [ -135.067772924780201, 59.460902054319682 ], [ -135.096908918428625, 59.433473059717976 ], [ -134.992495011169268, 59.391051001436281 ], [ -135.035572014072585, 59.35175501244283 ], [ -134.962049947275261, 59.285436008304345 ], [ -134.701728992464865, 59.250255991284362 ], [ -134.685915062296829, 59.199039020952256 ], [ -134.649219030801135, 59.177519988676615 ], [ -134.564693090981052, 59.135356030816951 ], [ -134.481930087511046, 59.133649960815724 ], [ -134.39158998833355, 59.05510104871837 ], [ -134.387968921944122, 59.042166997454018 ], [ -134.40367411567064, 58.981160982407609 ], [ -134.326917032891998, 58.969673030108787 ], [ -134.318201929262131, 58.963687982677321 ], [ -134.319642974115652, 58.949212951546755 ], [ -134.334149066073337, 58.928383983160622 ], [ -134.257376983284445, 58.865928016925281 ], [ -133.849313007970295, 58.737314973973653 ], [ -133.706561915945116, 58.61963398024286 ], [ -133.589035974365856, 58.546499948972873 ], [ -133.374952092121021, 58.42855997660039 ], [ -133.455607065411556, 58.390458052890168 ], [ -133.386249966015043, 58.315187028233417 ], [ -133.331606047175256, 58.270062039471313 ], [ -133.201137050345494, 58.178426942679621 ], [ -133.179371905308699, 58.183566983154144 ] ] ] } },
{ "type": "Feature", "properties": { "NAME": "Wet'suwet'en Nation", "SCALE": "1:250000" }, "geometry": { "type": "Polygon", "coordinates": [ [ [ -126.951017315604062, 55.288073858553616 ], [ -126.996091741583399, 55.284788577216737 ], [ -127.010313232109652, 55.292636155725091 ], [ -127.015702412221657, 55.301392504859784 ], [ -127.022442813918062, 55.305108926513029 ], [ -127.031302857789001, 55.305035993382411 ], [ -127.043778321315926, 55.301998838065771 ], [ -127.050291363651539, 55.296915487719694 ], [ -127.05284883784897, 55.281807888952024 ], [ -127.059489979057915, 55.281751628762919 ], [ -127.070066008918872, 55.29088057829938 ], [ -127.07601543457389, 55.292505619437399 ], [ -127.082579293717814, 55.289515395639938 ], [ -127.080038599736312, 55.277384724250645 ], [ -127.115797349895857, 55.278896268148642 ], [ -127.135980037668674, 55.273854635928508 ], [ -127.16055716746105, 55.273020805483931 ], [ -127.170503412786772, 55.265638717276119 ], [ -127.172759939221962, 55.251343052771439 ], [ -127.186784607444906, 55.237543180935646 ], [ -127.189388316518603, 55.217169627794092 ], [ -127.198437651638997, 55.216171690290551 ], [ -127.210931439807723, 55.205420799461919 ], [ -127.205384866088622, 55.198489257394044 ], [ -127.206306673761503, 55.193620919562939 ], [ -127.211405196063723, 55.185674836048783 ], [ -127.224971222866387, 55.175519406072731 ], [ -127.22610012001266, 55.160018880590926 ], [ -127.24566702167715, 55.154661168510536 ], [ -127.255111115614866, 55.149706698321303 ], [ -127.257873459792393, 55.135707843088561 ], [ -127.242155878247175, 55.128134635001629 ], [ -127.233397807986634, 55.111919293751193 ], [ -127.238634455518124, 55.107303179342402 ], [ -127.265887902633935, 55.097736706658004 ], [ -127.288850824412648, 55.093675523804563 ], [ -127.305933360505861, 55.09732960606236 ], [ -127.317090255627122, 55.096288804717894 ], [ -127.325467605502681, 55.092718591034867 ], [ -127.327969367751862, 55.097714010767454 ], [ -127.342203685897275, 55.100300456026474 ], [ -127.347839252987811, 55.105400460362802 ], [ -127.346481255941853, 55.114001316516422 ], [ -127.36801561676694, 55.12077170048974 ], [ -127.369224212679086, 55.124194641069764 ], [ -127.364691322029927, 55.129607250857028 ], [ -127.37437234640241, 55.136477197778795 ], [ -127.374284644427235, 55.144402419536718 ], [ -127.380121962322178, 55.149036272594699 ], [ -127.377812514990666, 55.152196885899251 ], [ -127.380803731239681, 55.156227183700203 ], [ -127.391959892943419, 55.155169738220032 ], [ -127.400169846481973, 55.145310727050557 ], [ -127.405743978265193, 55.144053816672859 ], [ -127.415959078481976, 55.145589889025189 ], [ -127.42710098420018, 55.143235747970607 ], [ -127.438774399124398, 55.14363761657016 ], [ -127.470284654918331, 55.153382910192427 ], [ -127.504905114051326, 55.153004316543232 ], [ -127.521419809894198, 55.149493374140427 ], [ -127.552232486064014, 55.151472311589323 ], [ -127.558459215817678, 55.154144210135541 ], [ -127.58861584421399, 55.14688682573388 ], [ -127.578321259080127, 55.138357172604792 ], [ -127.575119341097022, 55.130184949106727 ], [ -127.572529701488847, 55.117525169569632 ], [ -127.574727134545782, 55.079867511802519 ], [ -127.563104609189978, 55.070308458008341 ], [ -127.569172462700791, 55.058136564054593 ], [ -127.567105225836457, 55.052040423153855 ], [ -127.561420203555059, 55.047035154832074 ], [ -127.54478411224197, 55.042763930140559 ], [ -127.534115999699722, 55.037222192769534 ], [ -127.54354994430787, 55.030982791923684 ], [ -127.575578105190331, 55.027891773483937 ], [ -127.581393615317523, 55.02288995629678 ], [ -127.58265706085777, 55.015108930878704 ], [ -127.605014228885395, 55.012282654823338 ], [ -127.626801116124867, 55.001844124947482 ], [ -127.628502335237386, 54.998685891651462 ], [ -127.618457829234757, 54.995681765667186 ], [ -127.611368471815226, 54.988158622996949 ], [ -127.596874121361097, 54.984762682021589 ], [ -127.588591610332344, 54.979941555706247 ], [ -127.55310471155434, 54.973523191713419 ], [ -127.528854539914732, 54.974123889834068 ], [ -127.519754951148926, 54.968113805255236 ], [ -127.521298172929917, 54.939723654065958 ], [ -127.52639329758739, 54.936525076573737 ], [ -127.529222500989405, 54.928576016983918 ], [ -127.538122156325869, 54.922641975944337 ], [ -127.538196025650308, 54.903975692229324 ], [ -127.55724670265964, 54.891193748092959 ], [ -127.557363839490975, 54.887459172949363 ], [ -127.544872015326163, 54.874027697247712 ], [ -127.543703675848477, 54.850150565283272 ], [ -127.54647802740098, 54.841007064860172 ], [ -127.569322532255342, 54.806075065877209 ], [ -127.566588625570759, 54.789086804197403 ], [ -127.590707499039837, 54.781311318466159 ], [ -127.614074790172197, 54.781007217608611 ], [ -127.622559382915185, 54.778805111041187 ], [ -127.644924487737072, 54.784696548957605 ], [ -127.677736390833275, 54.78331517950555 ], [ -127.685248053731968, 54.785652281293828 ], [ -127.694751899988375, 54.784164225616721 ], [ -127.696435183497243, 54.78887368516579 ], [ -127.710842554234389, 54.791130877165834 ], [ -127.709910044919454, 54.795515795729095 ], [ -127.714319049586649, 54.798698483524504 ], [ -127.73116735787444, 54.799723142053956 ], [ -127.731527904742393, 54.792806940279853 ], [ -127.724762989740526, 54.781558973290764 ], [ -127.728458065634314, 54.761009056355832 ], [ -127.746631943860166, 54.731785051725318 ], [ -127.755576924503004, 54.731046968554018 ], [ -127.760925039486111, 54.727393001679445 ], [ -127.758366902449126, 54.715905969587368 ], [ -127.764938079388855, 54.710242004727647 ], [ -127.750165042311053, 54.698963952686022 ], [ -127.750890931546451, 54.694252945222374 ], [ -127.779036951795916, 54.686112042512015 ], [ -127.806444089778992, 54.683013039906207 ], [ -127.849112925676124, 54.674323937966257 ], [ -127.861002110694912, 54.664660038741737 ], [ -127.86071506903825, 54.654206044660832 ], [ -127.846743010142461, 54.655421986070685 ], [ -127.828542069986426, 54.66232702432638 ], [ -127.816345976697974, 54.662208966592196 ], [ -127.817337993631838, 54.648059991524789 ], [ -127.801896012740286, 54.640154043057194 ], [ -127.800814055427779, 54.637446033819025 ], [ -127.801632012417855, 54.62936403833271 ], [ -127.811721987067386, 54.621709045046245 ], [ -127.810785944480685, 54.613946975948195 ], [ -127.804613981053066, 54.606805054353529 ], [ -127.780501889046519, 54.598473996611339 ], [ -127.739619974563183, 54.588952954401201 ], [ -127.733526989967459, 54.579786944577002 ], [ -127.733925080288003, 54.566979998413586 ], [ -127.728805071174989, 54.56389301132895 ], [ -127.724474918416433, 54.554070953619267 ], [ -127.728685950561854, 54.549057947989553 ], [ -127.756045046275005, 54.544622042593673 ], [ -127.763674986992385, 54.541329965152897 ], [ -127.7643758972565, 54.537291956431474 ], [ -127.777341933789216, 54.529669043404553 ], [ -127.787032986251745, 54.515269987818066 ], [ -127.782724982609565, 54.504438941245866 ], [ -127.776485095156602, 54.500330040510256 ], [ -127.785490081738828, 54.489294981444537 ], [ -127.756670993746738, 54.447872973601413 ], [ -127.751331098910399, 54.414439957134292 ], [ -127.725657065510006, 54.367309970404158 ], [ -127.726086097918071, 54.353493028489737 ], [ -127.721652013239336, 54.347714971525257 ], [ -127.725350045019184, 54.339998942782167 ], [ -127.732911083767263, 54.337719041914923 ], [ -127.742480097418351, 54.326355980647818 ], [ -127.752431904700984, 54.321065062843296 ], [ -127.761697950829529, 54.319475023041626 ], [ -127.768170010116364, 54.314820974215131 ], [ -127.769211025516952, 54.299324046561125 ], [ -127.763778946850863, 54.288479028341428 ], [ -127.777845961674387, 54.279856996736726 ], [ -127.778613021502352, 54.273458974850755 ], [ -127.785612965032541, 54.27015799287571 ], [ -127.796551087025236, 54.269929995213751 ], [ -127.814272076027564, 54.273814997318638 ], [ -127.825835983981918, 54.271905056675358 ], [ -127.82824090295864, 54.268221014551742 ], [ -127.838562990333557, 54.269331954613463 ], [ -127.839875078490294, 54.263612998745636 ], [ -127.845691977471319, 54.261309006031723 ], [ -127.850536964226592, 54.252589003468429 ], [ -127.873635041944169, 54.249097975140984 ], [ -127.85904507013494, 54.194344044570407 ], [ -127.850084046126483, 54.1861689941924 ], [ -127.839085914606315, 54.168868024084794 ], [ -127.887555012246111, 54.180452026608968 ], [ -127.900576988835212, 54.187315033186628 ], [ -127.908621927998098, 54.187049007561626 ], [ -127.913928024791403, 54.181703027855065 ], [ -127.902231944201063, 54.168112040417348 ], [ -127.908359929736491, 54.153332964262901 ], [ -127.916575983540653, 54.146327995318174 ], [ -127.921523104281633, 54.132549038552199 ], [ -127.930182031798182, 54.130266038017233 ], [ -127.951206062466923, 54.137868041528208 ], [ -127.990051890118409, 54.143931993643569 ], [ -128.006326052982871, 54.134965022883136 ], [ -127.987294026931579, 54.115926976267112 ], [ -127.98581389742219, 54.106136977005221 ], [ -127.986543109201037, 54.0997360286459 ], [ -128.002267904408512, 54.089079983884318 ], [ -128.004696902743461, 54.083369021317381 ], [ -128.000833056818152, 54.077269036310945 ], [ -128.01530508147215, 54.070643977194564 ], [ -128.047308103459216, 54.073262017085135 ], [ -128.062994001006444, 54.063269973911041 ], [ -128.066029039932147, 54.055540939261604 ], [ -128.060390088920542, 54.051788054631437 ], [ -128.039227914998435, 54.051283057973272 ], [ -128.026766929608698, 54.045788997755473 ], [ -128.019495893551891, 54.038649994201094 ], [ -128.018661024040284, 54.0254930635653 ], [ -128.026397073138668, 53.988133042654724 ], [ -128.010197991482102, 53.972492966062319 ], [ -128.018349941730236, 53.965815967441713 ], [ -128.026970942655765, 53.963526031414752 ], [ -128.03167903733771, 53.957495019409471 ], [ -128.029511982364482, 53.952421032577313 ], [ -128.044740031470894, 53.93568604452436 ], [ -128.04607989447527, 53.926930012591207 ], [ -128.066018004249116, 53.902811059606535 ], [ -128.060961964763067, 53.899401051053481 ], [ -128.05694896485565, 53.900380985854866 ], [ -128.05586095843438, 53.898013056724004 ], [ -128.045074928309674, 53.895904974190643 ], [ -128.040639910594109, 53.890474036074018 ], [ -128.032066089711151, 53.891418004363366 ], [ -128.022267977622306, 53.896058050552192 ], [ -127.987087977711937, 53.889023991999395 ], [ -127.982138064737299, 53.881563954785463 ], [ -127.987544958869179, 53.870146951230339 ], [ -127.969405938844162, 53.866283014080594 ], [ -127.962712971273533, 53.860494059388543 ], [ -127.968103064675319, 53.849750943118849 ], [ -127.963689985725452, 53.843982051840406 ], [ -127.946151062348562, 53.839446007601019 ], [ -127.936626948796885, 53.833291979200531 ], [ -127.939144012564157, 53.823875019180207 ], [ -127.935950915890771, 53.815078966089203 ], [ -127.918488982882451, 53.808179995297607 ], [ -127.914040993591342, 53.804093988802308 ], [ -127.911879052499316, 53.799691958580468 ], [ -127.916033913955488, 53.792986053429154 ], [ -127.899619949849125, 53.768224050201603 ], [ -127.869305920328983, 53.754116950674579 ], [ -127.866051956179007, 53.748355060471312 ], [ -127.842994073761744, 53.739705945596235 ], [ -127.822524083849572, 53.740517967605939 ], [ -127.819238969349485, 53.736102061824234 ], [ -127.820873041728547, 53.71824803721988 ], [ -127.83145505866932, 53.70520197934605 ], [ -127.831733101053729, 53.695090003938645 ], [ -127.825134961935845, 53.687607975401498 ], [ -127.811663963208773, 53.682416014444314 ], [ -127.80869795698672, 53.666876960238767 ], [ -127.804248979090801, 53.663799005065137 ], [ -127.784987901460809, 53.663267966277502 ], [ -127.778340064967153, 53.65780498431301 ], [ -127.784846095326742, 53.648431017358156 ], [ -127.78503892009148, 53.641689025755497 ], [ -127.779490894857105, 53.637586940762432 ], [ -127.773290072231873, 53.636511934862668 ], [ -127.75390890542522, 53.640358037863322 ], [ -127.747727904894816, 53.638608004010173 ], [ -127.754128934582212, 53.632941943418835 ], [ -127.748316911931084, 53.618719015834941 ], [ -127.751494051324073, 53.606952029213836 ], [ -127.742809074445361, 53.594385947829259 ], [ -127.751525036502485, 53.586721035329951 ], [ -127.75093007813598, 53.568507997788039 ], [ -127.714854059320572, 53.545534057768393 ], [ -127.67173695402029, 53.550120947464535 ], [ -127.669324973867063, 53.536944053325627 ], [ -127.661452935666631, 53.535506948001178 ], [ -127.652433079095687, 53.534730947796398 ], [ -127.637643037638114, 53.537597984658525 ], [ -127.631860095157137, 53.541579050690871 ], [ -127.626416039077725, 53.552642937412351 ], [ -127.620120047623232, 53.554932005814884 ], [ -127.604653967947755, 53.543625034945777 ], [ -127.571898079768715, 53.542564014404775 ], [ -127.554281065399749, 53.528527023973446 ], [ -127.553300925519991, 53.524131985876366 ], [ -127.554013924844071, 53.51975702792403 ], [ -127.565078002729379, 53.510111937878627 ], [ -127.564404078532078, 53.49661603002059 ], [ -127.541100084589075, 53.46800997172744 ], [ -127.533996935518545, 53.461178035716202 ], [ -127.525077928979286, 53.45803396548888 ], [ -127.518368088517477, 53.456264001156732 ], [ -127.495151962349667, 53.474521030631529 ], [ -127.47123308254595, 53.480286041037942 ], [ -127.458490099168515, 53.48922599964574 ], [ -127.443751892919948, 53.490721939774303 ], [ -127.436098905445292, 53.483878029908176 ], [ -127.418214898313593, 53.478922060232527 ], [ -127.417099012103179, 53.463395972249586 ], [ -127.404990040866466, 53.455142965314295 ], [ -127.409791945263422, 53.447449983042311 ], [ -127.398079918486999, 53.443922009521948 ], [ -127.392734077315779, 53.436094062745724 ], [ -127.386097060970897, 53.432633020914039 ], [ -127.377089912978505, 53.432173960317392 ], [ -127.372710896955979, 53.428741970220244 ], [ -127.373224068791387, 53.415261044799301 ], [ -127.365723923159024, 53.405041947729607 ], [ -127.367981019762283, 53.390236054182111 ], [ -127.357979972807371, 53.348624950021602 ], [ -127.284213959164063, 53.315887055208265 ], [ -127.271377097743255, 53.327166049637896 ], [ -127.25351989200712, 53.337358937833109 ], [ -127.226315998547392, 53.342017038297627 ], [ -127.207432012536785, 53.34948999275386 ], [ -127.185436090268766, 53.3505059669302 ], [ -127.155171064341772, 53.360496014488298 ], [ -127.144998051317586, 53.361349966969691 ], [ -127.124402906222699, 53.355969962157381 ], [ -127.115354892230982, 53.356838949175405 ], [ -127.094736085298209, 53.352127967385016 ], [ -127.090085091123669, 53.355425029793267 ], [ -127.070441996227657, 53.3540980590641 ], [ -127.066746961147587, 53.361120033887246 ], [ -127.01978395020187, 53.378223038180082 ], [ -127.00228489269584, 53.378941960715743 ], [ -126.989070979327295, 53.384453941639158 ], [ -126.976703029389526, 53.383908001837952 ], [ -126.96398392853034, 53.390773059799045 ], [ -126.953347927154581, 53.401044973104725 ], [ -126.939654085342681, 53.404519029987306 ], [ -126.934738924518982, 53.412864994217962 ], [ -126.938437987977224, 53.417987034964639 ], [ -126.934389941471068, 53.431744036418891 ], [ -126.920266903328439, 53.432171990994156 ], [ -126.917352897319745, 53.434146053467096 ], [ -126.919422925355434, 53.437890979864676 ], [ -126.931496037305621, 53.444846010841246 ], [ -126.938799989686686, 53.457112058234024 ], [ -126.932467979779389, 53.459701017979938 ], [ -126.907492072607994, 53.462637944175341 ], [ -126.87736002207447, 53.478293958244755 ], [ -126.874782050723837, 53.484653969700958 ], [ -126.794691905937825, 53.493656000237102 ], [ -126.774237037685282, 53.506766969863328 ], [ -126.766192972859557, 53.509313985041508 ], [ -126.741321029490877, 53.509521950537604 ], [ -126.726355068346393, 53.514635016393271 ], [ -126.689641060055507, 53.514266995293355 ], [ -126.663265931664895, 53.521172961999824 ], [ -126.642923943372608, 53.521111051853637 ], [ -126.588504095593478, 53.513955030960396 ], [ -126.568636055714578, 53.525356032504057 ], [ -126.529087949347783, 53.534661958824465 ], [ -126.493487996986531, 53.553482062669438 ], [ -126.509543947468629, 53.568993059664265 ], [ -126.53423697149951, 53.57254004554801 ], [ -126.552617048902889, 53.567859972485046 ], [ -126.557023083892631, 53.569972986535006 ], [ -126.551369954753369, 53.579636944407433 ], [ -126.556048957403661, 53.58681597520021 ], [ -126.604939987156257, 53.593200058689895 ], [ -126.579458107225747, 53.603143056611991 ], [ -126.570624944372398, 53.609034042527711 ], [ -126.53238794700745, 53.613983055999967 ], [ -126.523607041161569, 53.618861052481378 ], [ -126.507563050660607, 53.621901030649376 ], [ -126.501706942851087, 53.625151021778677 ], [ -126.496520031329297, 53.636172022479798 ], [ -126.498114008333602, 53.657114993738411 ], [ -126.495189092500198, 53.668181982174652 ], [ -126.490012083271438, 53.669422999046027 ], [ -126.449447083247833, 53.664856058761259 ], [ -126.436318071903003, 53.666260975480853 ], [ -126.427471961886098, 53.671804035180521 ], [ -126.425734099734541, 53.690990976279188 ], [ -126.420198899091986, 53.69795404306057 ], [ -126.362571071722002, 53.693663038715599 ], [ -126.32658709707637, 53.697248968654897 ], [ -126.289417033583973, 53.692702945301363 ], [ -126.262628998198934, 53.685684980211008 ], [ -126.244998965779217, 53.686292027745509 ], [ -126.203168104144439, 53.692405946018432 ], [ -126.14610095098304, 53.671833971266103 ], [ -126.129038962181227, 53.672437061548045 ], [ -126.113554938330324, 53.683195040365135 ], [ -126.104489997938828, 53.682976033420744 ], [ -126.010801020902974, 53.659761044977088 ], [ -126.005091968531801, 53.66029299736573 ], [ -125.97903800199208, 53.683586013135034 ], [ -125.979662917189231, 53.690683953227747 ], [ -125.968171909884333, 53.700513015987319 ], [ -125.967711928532893, 53.706909028682865 ], [ -125.958377982409147, 53.710381990352239 ], [ -125.932895895472114, 53.709394973141798 ], [ -125.904161909944648, 53.714051970091411 ], [ -125.848880023502574, 53.747013980145688 ], [ -125.818605910721189, 53.741492006030697 ], [ -125.809378992226272, 53.743269010260818 ], [ -125.807835042494347, 53.748625003948433 ], [ -125.812697062424562, 53.766968939658824 ], [ -125.801803078049659, 53.798048988845984 ], [ -125.804396074111494, 53.816330976874852 ], [ -125.79502294512956, 53.819790948225844 ], [ -125.781181003167788, 53.822119979273779 ], [ -125.745721921323252, 53.816777028400864 ], [ -125.693627051239588, 53.82040999407085 ], [ -125.683623074979948, 53.824518957928689 ], [ -125.675815918173242, 53.836783044107705 ], [ -125.658041904032984, 53.845397018037893 ], [ -125.610043093327306, 53.861251987686778 ], [ -125.593976904585631, 53.869566010337174 ], [ -125.577859907377373, 53.871468977936694 ], [ -125.568248020969975, 53.870519951712325 ], [ -125.539964101953885, 53.860934958046535 ], [ -125.469909991936561, 53.833256056080728 ], [ -125.458064903315204, 53.825147016839388 ], [ -125.442783057874109, 53.824019956200488 ], [ -125.436248920582528, 53.827200037697807 ], [ -125.426833973538635, 53.844122986867959 ], [ -125.42557092714884, 53.858927984774752 ], [ -125.421844935039587, 53.862528044837582 ], [ -125.415790912903162, 53.886634953074541 ], [ -125.417907972669482, 53.901880000669642 ], [ -125.4117840556153, 53.906757038231206 ], [ -125.381020107513947, 53.906169043937744 ], [ -125.350161970488799, 53.95246302398585 ], [ -125.351004916583534, 53.955861964045646 ], [ -125.369325044912728, 53.968563008160942 ], [ -125.370931906664083, 53.976368987921205 ], [ -125.361823065471413, 53.982502988921063 ], [ -125.364147027457349, 53.988644981041929 ], [ -125.376004052687534, 53.990353986058693 ], [ -125.440790965731992, 54.035134996472195 ], [ -125.440299911480381, 54.040853010471743 ], [ -125.431816974119712, 54.04633699753898 ], [ -125.432127063754294, 54.049381994326787 ], [ -125.44700289471325, 54.056232936199173 ], [ -125.454337000809645, 54.070954999048986 ], [ -125.482967944616178, 54.084612946974374 ], [ -125.48695200322291, 54.112052974317997 ], [ -125.50046608899774, 54.135385015489142 ], [ -125.481179035686424, 54.146292038683086 ], [ -125.459252075613179, 54.154418949414648 ], [ -125.400173996661195, 54.147268029390403 ], [ -125.364940961129477, 54.136762954224409 ], [ -125.354521953310638, 54.137796967676564 ], [ -125.346547981547971, 54.143627019154358 ], [ -125.329227921174265, 54.144785038421979 ], [ -125.322513978472742, 54.14930293751609 ], [ -125.303716076154771, 54.147714947175366 ], [ -125.298712099178388, 54.139464991570087 ], [ -125.287146975487957, 54.140456991938173 ], [ -125.260982946220579, 54.169671058568653 ], [ -125.246278085650616, 54.167188004353861 ], [ -125.231411956342413, 54.17279696760351 ], [ -125.215826944420655, 54.173657048710581 ], [ -125.206262987713018, 54.177740965882691 ], [ -125.192904098062584, 54.179342953169908 ], [ -125.19479394041241, 54.183788942827114 ], [ -125.206175997715405, 54.191232040692263 ], [ -125.252637938115001, 54.198423008059038 ], [ -125.277822894300783, 54.199543028600957 ], [ -125.302648052118812, 54.204693968611338 ], [ -125.354471926425333, 54.223141010018736 ], [ -125.404239967753384, 54.245891063241949 ], [ -125.423314089141442, 54.251518053357373 ], [ -125.460816031965422, 54.257012982373141 ], [ -125.503159107746995, 54.27342806350125 ], [ -125.596860044501042, 54.288930053985872 ], [ -125.63581689153267, 54.298456035504522 ], [ -125.669041038792528, 54.300727976630199 ], [ -125.67153292195006, 54.30552104738819 ], [ -125.668208048473446, 54.332411042757045 ], [ -125.674511054521489, 54.340006016508987 ], [ -125.682676936364885, 54.345965054275474 ], [ -125.74467700218915, 54.356762007758768 ], [ -125.788571109502129, 54.378174988790391 ], [ -125.784822013076166, 54.389207028062387 ], [ -125.793670109425861, 54.401584049535941 ], [ -125.790864103509591, 54.407916976063817 ], [ -125.811558918890782, 54.409141048513284 ], [ -125.823929024372589, 54.420933991677465 ], [ -125.828993042977331, 54.430174060321441 ], [ -125.837251017023988, 54.435448999123309 ], [ -125.862112002073118, 54.442844952826796 ], [ -125.895170943695604, 54.441338041845732 ], [ -125.908082087160835, 54.446392017024294 ], [ -125.914976092197904, 54.454661952192943 ], [ -125.93235696475341, 54.461849961541866 ], [ -125.952359061772597, 54.465053972743725 ], [ -125.978170079239717, 54.483576972911223 ], [ -125.992481904567242, 54.485621951119192 ], [ -126.00358897369459, 54.491968005106536 ], [ -126.015622934946094, 54.509466055426437 ], [ -126.00439405391991, 54.528412025653033 ], [ -126.002447100957909, 54.539156047528223 ], [ -126.006422019742416, 54.5402659930295 ], [ -126.013508994290191, 54.538416968439847 ], [ -126.035083027928167, 54.528493056360631 ], [ -126.045635060671103, 54.526727998883651 ], [ -126.051702995100101, 54.53092395535932 ], [ -126.068367944629628, 54.565052972950795 ], [ -126.073335079614395, 54.568545938429523 ], [ -126.079698930154663, 54.56870103860647 ], [ -126.105207087778808, 54.560545959635924 ], [ -126.114558906868382, 54.559419956652079 ], [ -126.126011090625553, 54.561380001288882 ], [ -126.124308951126707, 54.569094943513576 ], [ -126.107484053323034, 54.577463032197585 ], [ -126.109396006192839, 54.583240997905705 ], [ -126.12092693046111, 54.584189972971323 ], [ -126.155326927753336, 54.623113019336216 ], [ -126.164364928975445, 54.626696052662908 ], [ -126.19258008826155, 54.621622010915246 ], [ -126.202247096396476, 54.632975022625331 ], [ -126.209783955103845, 54.633148997078997 ], [ -126.229072994129467, 54.631230987353497 ], [ -126.253294925548929, 54.625039007824363 ], [ -126.263012970129651, 54.627282991391084 ], [ -126.286868008043839, 54.626468978783812 ], [ -126.302384035425874, 54.628840049607184 ], [ -126.311930992523671, 54.642541948903848 ], [ -126.329513957246746, 54.657768029307611 ], [ -126.349127041641253, 54.65988500984777 ], [ -126.367221087591687, 54.658594955315344 ], [ -126.383409901201915, 54.641747038491076 ], [ -126.383799004071477, 54.635685990018118 ], [ -126.407763081464395, 54.624063051648037 ], [ -126.427770103116544, 54.619767949810502 ], [ -126.444154948253811, 54.626860040476238 ], [ -126.460768946437184, 54.639684946400692 ], [ -126.484731904704333, 54.646592950544175 ], [ -126.504307056376561, 54.649358989026332 ], [ -126.516654909734527, 54.646914958005596 ], [ -126.587703092052948, 54.672966002396528 ], [ -126.614445099893089, 54.672820966630809 ], [ -126.601852895930961, 54.708990045160093 ], [ -126.603856910344717, 54.714424996568425 ], [ -126.626164045562646, 54.720931965964567 ], [ -126.641196066283783, 54.722575031826103 ], [ -126.639660970996076, 54.728951937162719 ], [ -126.648854094591542, 54.751047941530643 ], [ -126.668492103916734, 54.75378801364392 ], [ -126.687858964722139, 54.751122996528188 ], [ -126.705850042281966, 54.752140033137046 ], [ -126.71887009935098, 54.758790950742871 ], [ -126.720817099433759, 54.765571038688343 ], [ -126.713553068521605, 54.791060956269177 ], [ -126.719015966160285, 54.797570991737821 ], [ -126.70886895315968, 54.801762937184868 ], [ -126.70452502770236, 54.80640001614897 ], [ -126.712146056776888, 54.815984042524072 ], [ -126.726126962098974, 54.816248948060768 ], [ -126.743773911724261, 54.823995046692055 ], [ -126.732263986775834, 54.841987951076199 ], [ -126.731811039221142, 54.850071058230895 ], [ -126.735724006196861, 54.853180012186932 ], [ -126.750751997187962, 54.855818969159273 ], [ -126.788029016537607, 54.867968036292901 ], [ -126.825744917533726, 54.872358034342355 ], [ -126.853957016489645, 54.879939937366878 ], [ -126.869635021147005, 54.90381797499802 ], [ -126.870196957499815, 54.915289939188739 ], [ -126.890764910475852, 54.924416008823911 ], [ -126.883011050929881, 54.949568033598474 ], [ -126.892223067846757, 54.952424988157908 ], [ -126.900836952583987, 54.966735060380444 ], [ -126.914167097068884, 54.969323969545421 ], [ -126.922416080734564, 54.979580003565864 ], [ -126.941582926065223, 54.994065972369853 ], [ -126.955152079247782, 55.026662018474028 ], [ -126.946158925814146, 55.053482956542354 ], [ -126.959216977072927, 55.085056956699447 ], [ -126.9374640244597, 55.085702013161267 ], [ -126.909369061387935, 55.095337005339161 ], [ -126.871630003940382, 55.087265956077111 ], [ -126.860469995243065, 55.087407000039086 ], [ -126.84864796357023, 55.088884953640793 ], [ -126.836039005450075, 55.094055052997653 ], [ -126.799318028526059, 55.099802972589437 ], [ -126.790900083259388, 55.103358976442529 ], [ -126.763198929871805, 55.126118991180171 ], [ -126.74999796651268, 55.141384995039623 ], [ -126.746360069753322, 55.153792957740315 ], [ -126.752858895632528, 55.163688950517418 ], [ -126.743038028382486, 55.170926040862959 ], [ -126.733054931135925, 55.192031970788243 ], [ -126.742602007046472, 55.204442054832889 ], [ -126.768465075087946, 55.215681981081943 ], [ -126.808887915496967, 55.226690982517873 ], [ -126.837181012279402, 55.225238944581108 ], [ -126.860535039641363, 55.25207104708889 ], [ -126.873715983691426, 55.261599009620006 ], [ -126.882913008132761, 55.265672945364059 ], [ -126.92375006465015, 55.270287947054513 ], [ -126.938761931709706, 55.277881982964942 ], [ -126.951017315604062, 55.288073858553616 ] ] ] } },
{ "type": "Feature", "properties": { "NAME": "McLeod Lake Indian Band", "SCALE": "1:600000" }, "geometry": { "type": "Polygon", "coordinates": [ [ [ -123.213649949570581, 54.625325624597821 ], [ -123.158390666526728, 54.597216977101361 ], [ -123.100690424651134, 54.590553114106761 ], [ -123.038049816625588, 54.613976012091001 ], [ -122.999224132677753, 54.65808363592906 ], [ -122.972402576647738, 54.667585827224983 ], [ -122.918681672200734, 54.636746965225484 ], [ -122.875960033443121, 54.578531051536892 ], [ -122.872766587814965, 54.560129106272633 ], [ -122.929920273980457, 54.519482714172199 ], [ -122.942644373067921, 54.493436183738076 ], [ -122.921087751372312, 54.346451550977314 ], [ -122.909413104764738, 54.328805548642869 ], [ -122.8820743944258, 54.317595654645743 ], [ -122.846935091268364, 54.315673255470273 ], [ -122.826104194907813, 54.327896561652253 ], [ -122.811058125577134, 54.342866055325082 ], [ -122.770947007407131, 54.345509077263564 ], [ -122.751068046592479, 54.327390487038159 ], [ -122.783189013571459, 54.273270577247906 ], [ -122.758370852528813, 54.247586777639228 ], [ -122.69482633030664, 54.241603898731213 ], [ -122.633333085165901, 54.260011245450748 ], [ -122.567061108547534, 54.269607369629234 ], [ -122.420558393250275, 54.261135695754213 ], [ -122.400620125558788, 54.279418669299382 ], [ -122.433343228967658, 54.329954780981964 ], [ -122.40019578903572, 54.34017453839612 ], [ -122.395759490005275, 54.35328648661627 ], [ -122.415360526320725, 54.36051110646676 ], [ -122.433972242718028, 54.361596685236385 ], [ -122.442599126485362, 54.371823526798522 ], [ -122.349780567687276, 54.434465212341074 ], [ -122.310310250422731, 54.444291120442642 ], [ -122.272233636222083, 54.457834783279353 ], [ -122.234213914469493, 54.482312791602411 ], [ -122.16726315634773, 54.492879008982882 ], [ -122.107528819839658, 54.47588315283825 ], [ -121.994835022692783, 54.417897675773226 ], [ -121.911607604427459, 54.393263204662475 ], [ -121.834612400370432, 54.401798605741433 ], [ -121.79064709608167, 54.423335564936082 ], [ -121.757264012806985, 54.433371739403178 ], [ -121.717055236028727, 54.424717557370521 ], [ -121.673437759605804, 54.412180672027553 ], [ -121.640913560591656, 54.428322506654588 ], [ -121.564086793996054, 54.456163596767063 ], [ -121.480800870357044, 54.432439709350604 ], [ -121.451472774945984, 54.442662362851706 ], [ -121.441230778904739, 54.472396035112254 ], [ -121.451203216439197, 54.505904669124867 ], [ -121.436303304815567, 54.537763122295182 ], [ -121.412968481240526, 54.539692205593283 ], [ -121.375409864181506, 54.535231404945087 ], [ -121.34138399560949, 54.524385524046693 ], [ -121.314212554725827, 54.511298887419422 ], [ -121.295922630364174, 54.508061795496388 ], [ -121.283576416456086, 54.513544944372924 ], [ -121.264941165832369, 54.539663458266794 ], [ -121.247908356060393, 54.544780411313006 ], [ -121.218278098347895, 54.542497902533128 ], [ -121.141758696935312, 54.5439267795661 ], [ -121.128154599729129, 54.541031991628905 ], [ -121.11798382768967, 54.530141306076395 ], [ -121.118924925746839, 54.519190787662701 ], [ -121.135460957475189, 54.509454793686096 ], [ -121.14513114057408, 54.488168878376165 ], [ -121.12854471631681, 54.463921317797919 ], [ -121.101068261735733, 54.452592992472937 ], [ -121.065498673939402, 54.448890801651345 ], [ -121.038090875060604, 54.457756276734059 ], [ -120.96845881857169, 54.46420229364572 ], [ -120.959409536725744, 54.468998431601904 ], [ -120.963719905848492, 54.477603797715595 ], [ -120.976457594680952, 54.484119500390612 ], [ -120.987973926535375, 54.494333724178126 ], [ -120.955906883163394, 54.521380997612965 ], [ -120.922926422593818, 54.527854440368287 ], [ -120.88150366718007, 54.515345372045687 ], [ -120.84467213065669, 54.482237979514345 ], [ -120.820559828140276, 54.42046848077019 ], [ -120.806967191483267, 54.40606448768375 ], [ -120.754280747875882, 54.397681654677513 ], [ -120.681379362525831, 54.39530035748659 ], [ -120.63970380777036, 54.356885281357911 ], [ -120.60675600785865, 54.30798429864408 ], [ -120.57044834652838, 54.264988116796182 ], [ -120.519399737717521, 54.213603363725944 ], [ -120.492754699263884, 54.138063146837631 ], [ -120.427645658318681, 54.112701357150037 ], [ -120.324672848211307, 54.098179500431677 ], [ -120.216608657214707, 54.096725650287155 ], [ -120.164144724106791, 54.089314734610568 ], [ -120.148999368464956, 54.056281550572791 ], [ -120.169304357139524, 54.031920562891408 ], [ -120.195589189219049, 53.990776839837046 ], [ -120.186926334952801, 53.965582737404695 ], [ -120.143771085703563, 53.972337854552073 ], [ -120.130759301915333, 53.992299958632678 ], [ -120.103361756053914, 54.00262635451606 ], [ -120.079713683557912, 54.005842683831773 ], [ -120.06269368484223, 53.989867868442182 ], [ -120.054161539193174, 53.911822285209659 ], [ -120.037036809249315, 53.861421827475148 ], [ -120.002510759411948, 53.814669436068158 ], [ -119.959188667315701, 53.792031032691916 ], [ -119.978565118552567, 53.822019380406097 ], [ -119.985667217537156, 53.848968779084863 ], [ -119.985906514465341, 53.871902654828197 ], [ -119.978461915765166, 55.31879710110875 ], [ -119.983781322791472, 55.761101502808309 ], [ -119.983611046506809, 56.156235954154916 ], [ -120.02810708629606, 56.125018918607154 ], [ -120.044701029110087, 56.126217011511052 ], [ -120.07112538592142, 56.109351308532204 ], [ -120.115287911525897, 56.096077053904921 ], [ -120.136154088598715, 56.096705985540794 ], [ -120.176491048041129, 56.090923057253754 ], [ -120.260117059254583, 56.101912990960621 ], [ -120.292617915107911, 56.099112993487196 ], [ -120.326280488165978, 56.090843027349855 ], [ -120.355245685559908, 56.090607997171979 ], [ -120.392815031830281, 56.094801195740445 ], [ -120.424430671899458, 56.095753055829761 ], [ -120.497467123985544, 56.113357964695481 ], [ -120.51346104941689, 56.108795372991224 ], [ -120.531730923819211, 56.113174051754328 ], [ -120.544813851570851, 56.112054848689013 ], [ -120.645245155060437, 56.12539026394731 ], [ -120.649650973128757, 56.130592058988242 ], [ -120.684854770521156, 56.130820158754524 ], [ -120.705223047272654, 56.137366989891902 ], [ -120.719445756531712, 56.138507963000684 ], [ -120.745849954342773, 56.159039043568285 ], [ -120.755150022955675, 56.163001960885595 ], [ -120.774559002327919, 56.166161021516963 ], [ -120.789024086015715, 56.191940034050177 ], [ -120.813781916678565, 56.196895961399363 ], [ -120.848805591738255, 56.184661124352623 ], [ -120.861808358982728, 56.18403404879804 ], [ -120.88687899336459, 56.187016007138027 ], [ -120.900138858070605, 56.192642045779635 ], [ -120.906212000718213, 56.192214937837264 ], [ -120.951832358532045, 56.22318031118909 ], [ -120.964309210096417, 56.225703618870213 ], [ -120.997009042499528, 56.224716997964492 ], [ -121.04429606763938, 56.215264254505271 ], [ -121.086685012291824, 56.21681206687088 ], [ -121.104362108244374, 56.220469981544177 ], [ -121.120795392005746, 56.229936660157563 ], [ -121.14145521796911, 56.231854257715739 ], [ -121.162315090062307, 56.250198037561162 ], [ -121.188170965253093, 56.262744930354103 ], [ -121.205658879893051, 56.264269577435627 ], [ -121.22581498509868, 56.257545071673178 ], [ -121.24775694427305, 56.243792965428177 ], [ -121.261406117345373, 56.238612969279139 ], [ -121.288712044886182, 56.233700043070286 ], [ -121.313361075415216, 56.224202584359787 ], [ -121.362984184908726, 56.225515677808446 ], [ -121.401260925140406, 56.220057315587944 ], [ -121.509999919251385, 56.189486481945892 ], [ -121.630686361717792, 56.144421471476427 ], [ -121.650180513935382, 56.130126405061738 ], [ -121.69177070797592, 56.115723303610132 ], [ -121.737683587449126, 56.109291643803644 ], [ -121.788600838064397, 56.106971691111163 ], [ -121.807027382041383, 56.104055904534526 ], [ -121.817767016377871, 56.097486367094646 ], [ -121.832379756590655, 56.07889153434391 ], [ -121.853512403506429, 56.062052749557367 ], [ -121.8989017835314, 56.036648493175264 ], [ -121.925664540534555, 56.025824375099347 ], [ -121.982026603196644, 55.995307646567639 ], [ -121.993948685265167, 55.983479248443459 ], [ -122.012754772178667, 55.972018113156778 ], [ -122.044719847180531, 55.968023769095815 ], [ -122.090169797187713, 55.969557765060642 ], [ -122.137182522359097, 55.956357496409836 ], [ -122.151617448608633, 55.956238688287996 ], [ -122.169848487144947, 55.962597493809454 ], [ -122.222743273698569, 55.990624024583759 ], [ -122.225046467855307, 56.009487808734967 ], [ -122.201803085330482, 56.020282463668345 ], [ -122.178773976787696, 56.025717378517541 ], [ -122.170755445965227, 56.031697728103325 ], [ -122.167977621956808, 56.038631295680034 ], [ -122.172840868811861, 56.048510251964522 ], [ -122.178603536195467, 56.05232976095084 ], [ -122.227611333655346, 56.071823282061978 ], [ -122.240783927492103, 56.08613211371636 ], [ -122.251142410605354, 56.091603301613709 ], [ -122.269378625643, 56.094657615873871 ], [ -122.299830349700727, 56.10943373321836 ], [ -122.327488012686231, 56.118110390429159 ], [ -122.383313373603698, 56.130356076004468 ], [ -122.412075247939327, 56.135004631109744 ], [ -122.469455854607006, 56.135506956353744 ], [ -122.514807742819201, 56.152807817427153 ], [ -122.548074485596757, 56.162503421471769 ], [ -122.6193019662323, 56.163065337797036 ], [ -122.691962526202929, 56.135962289905528 ], [ -122.717059041940217, 56.117879664111328 ], [ -122.74432344633972, 56.106308109796061 ], [ -122.761312075240596, 56.104254100819503 ], [ -122.774112297614352, 56.106586621985315 ], [ -122.821959356580365, 56.105584114100466 ], [ -122.87569597983574, 56.113151285404257 ], [ -123.085217317863311, 56.091636264726148 ], [ -123.092879787585304, 56.081624314104559 ], [ -123.100482076802095, 56.044299355468105 ], [ -123.107022806750876, 56.033227169470855 ], [ -123.122115824262778, 56.021854315817365 ], [ -123.153683865251836, 56.006739985802504 ], [ -123.176497219728944, 56.000576670190085 ], [ -123.263718640167966, 55.987556851763607 ], [ -123.369742223325403, 56.023063798823642 ], [ -123.409364120371748, 56.02762664297105 ], [ -123.481745568378898, 56.027090453170828 ], [ -123.609407083597972, 56.045236060645827 ], [ -123.639578384150738, 56.046662545896446 ], [ -123.655972337509212, 56.05164736694087 ], [ -123.659792541282854, 56.069212076361268 ], [ -123.672718799670633, 56.07391987120053 ], [ -123.690081211249876, 56.058537040342372 ], [ -123.725722861967583, 56.05121056783895 ], [ -123.753544704614598, 56.056961056731232 ], [ -123.792703639055347, 56.055653753615182 ], [ -123.836349280122036, 56.042338066615109 ], [ -123.878542486886928, 56.032911664893902 ], [ -123.897277027208901, 56.021010534690639 ], [ -123.948115127771814, 55.938943429090131 ], [ -123.94638383254123, 55.919646778385491 ], [ -123.968808192732368, 55.892740283319853 ], [ -123.965026915697905, 55.878063208389257 ], [ -123.951439568221119, 55.873689577512614 ], [ -123.936910762160053, 55.853831192671684 ], [ -123.918145623623332, 55.808735292574198 ], [ -123.922313902039548, 55.801829768086776 ], [ -123.9935462404584, 55.735356680495102 ], [ -124.018870163965389, 55.700618013164096 ], [ -124.032570788998882, 55.687254368768862 ], [ -124.048587623415258, 55.679971748391431 ], [ -124.110700006741467, 55.686764159157974 ], [ -124.158221695146707, 55.695266616033798 ], [ -124.19141710690441, 55.692293167271295 ], [ -124.235739343596748, 55.693762280605057 ], [ -124.310584175678983, 55.707034046022031 ], [ -124.334076705281035, 55.719027035336929 ], [ -124.394804315806624, 55.731927438969045 ], [ -124.43146587897246, 55.733953535223613 ], [ -124.466008502715454, 55.731668838205437 ], [ -124.482473516605964, 55.729254464764722 ], [ -124.500749480160479, 55.722767185257986 ], [ -124.514765924507358, 55.698194870064576 ], [ -124.577635861088737, 55.665130008931477 ], [ -124.642199331022383, 55.626448115356979 ], [ -124.653292372558141, 55.587147293237727 ], [ -124.669348974996637, 55.56561476045141 ], [ -124.709949410341679, 55.544264026822894 ], [ -124.736755805825581, 55.537183941776007 ], [ -124.757109739440992, 55.533851169219467 ], [ -124.790338805213025, 55.533593662466906 ], [ -124.883214942887477, 55.553597146101623 ], [ -124.924939508981723, 55.553153681948842 ], [ -124.955461382085616, 55.546662262995788 ], [ -124.993518370608442, 55.550506531541878 ], [ -125.02449332439366, 55.559927979164144 ], [ -125.041032491348673, 55.55853054175239 ], [ -125.053879645977915, 55.552506866789138 ], [ -125.064198168623307, 55.529969641428679 ], [ -125.074188807920734, 55.524365535541442 ], [ -125.113865818808961, 55.513370698767517 ], [ -125.126743298601056, 55.506236172887924 ], [ -125.158307750847129, 55.48051667180242 ], [ -125.169497836225332, 55.474978334070251 ], [ -125.242705437112235, 55.471804181888089 ], [ -125.256473105689267, 55.472861387686521 ], [ -125.284359232881286, 55.485408026844453 ], [ -125.333616946081349, 55.499278103765292 ], [ -125.366589609287402, 55.500389815219428 ], [ -125.414163961920039, 55.497534035106142 ], [ -125.460584154179571, 55.501878008553795 ], [ -125.496609699433094, 55.499622546952246 ], [ -125.509074938787435, 55.502787906488059 ], [ -125.543938333105061, 55.529206361803659 ], [ -125.554152677074072, 55.531942093421833 ], [ -125.564746329553927, 55.532729191479717 ], [ -125.603469897275133, 55.526439631502015 ], [ -125.614218268053108, 55.529415885406742 ], [ -125.626309773163001, 55.535756515082205 ], [ -125.627705688913878, 55.544761480225745 ], [ -125.633453130514908, 55.552283523513736 ], [ -125.642957254801829, 55.555052223653142 ], [ -125.658531393073645, 55.553762163573644 ], [ -125.673355605641987, 55.548383330325208 ], [ -125.7006710977289, 55.532934796695791 ], [ -125.745110580085026, 55.52214528540096 ], [ -125.805042309545655, 55.494202795026169 ], [ -125.805450254457227, 55.482588673092771 ], [ -125.793196734347305, 55.465623948219609 ], [ -125.752127020592368, 55.424334725773221 ], [ -125.678270504230682, 55.391701798448381 ], [ -125.621327019676741, 55.361991572799596 ], [ -125.569077415749348, 55.328766970923752 ], [ -125.536874203953332, 55.287686048660014 ], [ -125.51406413074848, 55.238414403363116 ], [ -125.436049828214436, 55.167881320409251 ], [ -125.380726404827627, 55.147808147731318 ], [ -125.300928412182486, 55.138990939085417 ], [ -125.229114714649242, 55.135256541259096 ], [ -125.147782453009867, 55.12143052951189 ], [ -125.072857742639172, 55.088371226482494 ], [ -124.988224487455994, 55.029419281314993 ], [ -124.957123183344052, 55.023397273138158 ], [ -124.888152642190008, 55.052326985039187 ], [ -124.81793503720229, 55.036272489295527 ], [ -124.746659186533549, 55.011639729289904 ], [ -124.653903156368358, 55.007946128848225 ], [ -124.5054934931227, 55.02616285938128 ], [ -124.426741586785354, 55.011952007633496 ], [ -124.328564012516949, 55.017492362626967 ], [ -124.183951172487753, 55.005135940761143 ], [ -124.11782860042598, 54.992491651729317 ], [ -124.076198919690995, 54.98698466336225 ], [ -124.015281549606016, 54.99879847651782 ], [ -123.985926088896093, 55.012029311154443 ], [ -123.982427271512051, 55.016179398469191 ], [ -123.93540877046992, 55.018911875000676 ], [ -123.891544607720164, 55.014484234202072 ], [ -123.855773094658488, 54.998269438498227 ], [ -123.816712490236966, 54.975818548720255 ], [ -123.714367667437926, 54.895726593003701 ], [ -123.708700161114223, 54.834731876251318 ], [ -123.719363012581653, 54.791513603594716 ], [ -123.714762562104056, 54.765790859687222 ], [ -123.682989295051257, 54.73877596637432 ], [ -123.565684348141588, 54.720983441132788 ], [ -123.501058264081337, 54.70324724212788 ], [ -123.466119240964773, 54.697879906940187 ], [ -123.430439466806462, 54.69732450051616 ], [ -123.397760918997719, 54.664109720062626 ], [ -123.392050229081278, 54.662973200282259 ], [ -123.390835647036369, 54.650679837654607 ], [ -123.381617479176967, 54.64705279766995 ], [ -123.344028610119736, 54.642177801440987 ], [ -123.288056844465018, 54.620273311912285 ], [ -123.275071727735153, 54.618703240768831 ], [ -123.262916321129282, 54.620121509163972 ], [ -123.229444049224696, 54.627689931700573 ], [ -123.213649949570581, 54.625325624597821 ] ] ] } },
{ "type": "Feature", "properties": { "NAME": "Gitanyow Hereditary Chiefs", "SCALE": "1:250000" }, "geometry": { "type": "Polygon", "coordinates": [ [ [ -128.731953928984296, 55.888248004511325 ], [ -128.754696966811849, 55.891998022171542 ], [ -128.76730405161149, 55.890845009714319 ], [ -128.780401968617809, 55.898857032664111 ], [ -128.808378884156639, 55.936325980718777 ], [ -128.860084110524866, 55.985175952109813 ], [ -128.855874085344595, 55.992421934815212 ], [ -128.870370960278478, 56.014729026571189 ], [ -128.861120036166227, 56.013478953160643 ], [ -128.851781908686888, 56.006055981704357 ], [ -128.849294104127296, 56.006627983673219 ], [ -128.854008041854712, 56.015286013063111 ], [ -128.84497408636463, 56.020064011007221 ], [ -128.833452968796337, 56.01320294797268 ], [ -128.82951207937333, 56.015991946392383 ], [ -128.816162003063255, 56.006583029961881 ], [ -128.807402002112639, 56.010739063249396 ], [ -128.83029690279227, 56.030476056776571 ], [ -128.835075988364906, 56.027643947399838 ], [ -128.846163998656323, 56.031414056463788 ], [ -128.84972793381732, 56.035273043455689 ], [ -128.856218897097591, 56.033276988513002 ], [ -128.861733061516105, 56.039544952741416 ], [ -128.870049069175792, 56.038880992574299 ], [ -128.88597300086289, 56.049256003213095 ], [ -128.900090071955049, 56.053337950738388 ], [ -128.896518999578092, 56.055769994943972 ], [ -128.90370390840323, 56.065453056382729 ], [ -128.904885024509838, 56.088023995487582 ], [ -128.926047945792646, 56.11458799314547 ], [ -128.942150059101749, 56.143824027602278 ], [ -128.959587025223072, 56.151701976021087 ], [ -128.967707909593344, 56.160697996962199 ], [ -128.98076391365791, 56.1648870257902 ], [ -128.984223029140651, 56.172057997637687 ], [ -129.016481114279344, 56.168949012630101 ], [ -129.028346025553702, 56.163034958521756 ], [ -129.034612039151938, 56.184165041431221 ], [ -129.041971076228464, 56.195069979871043 ], [ -129.033636927863455, 56.211245001131481 ], [ -129.034561051075457, 56.21707600043267 ], [ -129.067864071264921, 56.247636991169806 ], [ -129.097513945112922, 56.256376993192092 ], [ -129.125561102870279, 56.274267060844792 ], [ -129.130850023160463, 56.272096024045453 ], [ -129.140749950895753, 56.276801937213143 ], [ -129.150845099625485, 56.285487953912615 ], [ -129.156925923738328, 56.29897499794496 ], [ -129.161738058295072, 56.302202956836553 ], [ -129.172895994214031, 56.303805049767135 ], [ -129.196192951376247, 56.302341994934011 ], [ -129.221058914142503, 56.307206060620601 ], [ -129.236112053615699, 56.302883021263064 ], [ -129.255732011562458, 56.307894007200886 ], [ -129.270896105624217, 56.308274940560963 ], [ -129.283501971708262, 56.314741941696688 ], [ -129.287800033615497, 56.320941039274345 ], [ -129.298995107426919, 56.325855969266414 ], [ -129.294463941951193, 56.335928945695223 ], [ -129.299323965025764, 56.336860974414101 ], [ -129.307080033383045, 56.333777990105453 ], [ -129.312856017869223, 56.336064004696773 ], [ -129.318366937683777, 56.354908059494818 ], [ -129.315511079607347, 56.357951939646071 ], [ -129.330590091958669, 56.372440949970986 ], [ -129.338719946385424, 56.374485032550787 ], [ -129.355661996492756, 56.373494977497849 ], [ -129.368271974235086, 56.376431994961401 ], [ -129.369168009367939, 56.373760991352142 ], [ -129.363903030809212, 56.363137968483834 ], [ -129.364562958803134, 56.354376943651538 ], [ -129.356776045381878, 56.350455034575326 ], [ -129.350900046079005, 56.339610061471419 ], [ -129.348735897554889, 56.331152027058273 ], [ -129.351994064331365, 56.328538002895733 ], [ -129.352322972604043, 56.31865398547815 ], [ -129.360689109983838, 56.314146021725435 ], [ -129.362563954748936, 56.309072980493283 ], [ -129.37129010979848, 56.310458058610216 ], [ -129.397498996593214, 56.304940967885742 ], [ -129.407729037482454, 56.312544951086622 ], [ -129.43097210586518, 56.319519039666567 ], [ -129.440847100628986, 56.324811938494264 ], [ -129.467015046408505, 56.32793294380231 ], [ -129.495016040164501, 56.337266965194885 ], [ -129.50385201887056, 56.335156008364457 ], [ -129.533147101867854, 56.337719984380385 ], [ -129.573368911788549, 56.333990973818743 ], [ -129.593322923110776, 56.352487010502998 ], [ -129.608499936419463, 56.358441968833816 ], [ -129.633212085194629, 56.378893031294638 ], [ -129.649661036901477, 56.386292014221489 ], [ -129.669671012451118, 56.370991990605084 ], [ -129.717212080540122, 56.355901964179303 ], [ -129.741203045049303, 56.356273007344484 ], [ -129.737363964785175, 56.349395045736664 ], [ -129.723502098227868, 56.342791944244645 ], [ -129.714099042374215, 56.334806007330585 ], [ -129.702417109972089, 56.331089946782932 ], [ -129.696799903670268, 56.322810961583713 ], [ -129.694822984823588, 56.290495047835861 ], [ -129.708855036634247, 56.280486941240397 ], [ -129.713342083464255, 56.271682972495483 ], [ -129.700628001847008, 56.265187990463765 ], [ -129.682385052907307, 56.235253009469794 ], [ -129.656327008293943, 56.234118002608348 ], [ -129.652029911158365, 56.224284939396448 ], [ -129.660176896155946, 56.215956989423148 ], [ -129.663166931139727, 56.203263984942268 ], [ -129.673704057714758, 56.194715943023411 ], [ -129.69805110036279, 56.186567043198352 ], [ -129.720676888658346, 56.185915984432619 ], [ -129.727984885341328, 56.182188963978383 ], [ -129.682585974505514, 56.156724002808168 ], [ -129.66032810759603, 56.140312957429423 ], [ -129.652605067556237, 56.111861991156161 ], [ -129.641012016864977, 56.094510047848516 ], [ -129.639642952862658, 56.0769240287621 ], [ -129.649272016800438, 56.054313029049361 ], [ -129.667434993595123, 56.043299027381977 ], [ -129.670272037334627, 56.035646043564043 ], [ -129.637921044979919, 56.0086920398712 ], [ -129.61453088363362, 56.003131971210287 ], [ -129.608947048338479, 55.993815041208485 ], [ -129.598424108149089, 55.990254059819833 ], [ -129.608130063325007, 55.983611992218215 ], [ -129.61066410759409, 55.974568944938859 ], [ -129.60967610470837, 55.970808965123645 ], [ -129.599713099039121, 55.963724018460155 ], [ -129.612471946249769, 55.954110024476087 ], [ -129.615905084764307, 55.947398940571794 ], [ -129.604927892161925, 55.94577303830625 ], [ -129.601268898819683, 55.941153964358421 ], [ -129.592867095997889, 55.938185052615673 ], [ -129.583451078264744, 55.927447965844365 ], [ -129.602854082713662, 55.919572935998254 ], [ -129.613803093785435, 55.910615036478383 ], [ -129.624940043529278, 55.91083698538764 ], [ -129.618548026817678, 55.901182937817346 ], [ -129.624376905304672, 55.897659020299407 ], [ -129.665840092175074, 55.892787031685586 ], [ -129.703343926930842, 55.892245962015124 ], [ -129.721887074052034, 55.886801056670357 ], [ -129.7300390581334, 55.89439999728905 ], [ -129.734298939404482, 55.894725024110507 ], [ -129.792497894993801, 55.851180054645695 ], [ -129.789023106273106, 55.849126947487527 ], [ -129.772930951242273, 55.848734938528892 ], [ -129.744139086596249, 55.833170005100534 ], [ -129.737460917885045, 55.843093955887433 ], [ -129.71559395547439, 55.845405971141595 ], [ -129.708735989243991, 55.844178963273755 ], [ -129.704069951372503, 55.838770016718982 ], [ -129.707596095074194, 55.826286987986279 ], [ -129.66853508930626, 55.801157024994701 ], [ -129.656120913107571, 55.781070033735311 ], [ -129.646821962631464, 55.781766036219814 ], [ -129.637709070627778, 55.78808502128016 ], [ -129.624187114911166, 55.792180037177346 ], [ -129.588216938298984, 55.79285201911572 ], [ -129.568004927837308, 55.789218042069642 ], [ -129.54465393324827, 55.779871012357255 ], [ -129.523125032621806, 55.781914003213871 ], [ -129.504503048674621, 55.779502961470463 ], [ -129.477740073494687, 55.782664940369955 ], [ -129.453321924096372, 55.780691046097104 ], [ -129.435147944140112, 55.77232798553883 ], [ -129.435090008936044, 55.759909951865261 ], [ -129.414657951854622, 55.759666976801824 ], [ -129.416296046259134, 55.754917019383285 ], [ -129.436660992804519, 55.752186014152159 ], [ -129.451141896760504, 55.742385012218321 ], [ -129.455018893471333, 55.736117015605579 ], [ -129.453119945057125, 55.709724037263094 ], [ -129.456661934019593, 55.694058951301677 ], [ -129.449834004386076, 55.691011025521938 ], [ -129.431280072264201, 55.694796993861992 ], [ -129.429580900622625, 55.684927959325755 ], [ -129.420500086015323, 55.677546957903395 ], [ -129.442370046521745, 55.668124955194919 ], [ -129.440866937404536, 55.66455395589405 ], [ -129.427695895620673, 55.657906024689403 ], [ -129.438293089064047, 55.647580965990869 ], [ -129.435364020422981, 55.624174988468219 ], [ -129.431212903745745, 55.623739982065594 ], [ -129.419490900642757, 55.633862035070599 ], [ -129.406738943404008, 55.638686036197186 ], [ -129.385623991019912, 55.632024044152537 ], [ -129.354416956198122, 55.627293016293784 ], [ -129.343403955886998, 55.628312048093271 ], [ -129.321494065264943, 55.650440051562306 ], [ -129.308185111270035, 55.655353003153223 ], [ -129.270926032949632, 55.654695013849107 ], [ -129.253774006439301, 55.651559980240414 ], [ -129.240208111392377, 55.652368993600732 ], [ -129.233837988139726, 55.650206959939055 ], [ -129.226528963169926, 55.642106991331211 ], [ -129.201382086337873, 55.64572697507333 ], [ -129.194203956282195, 55.643168945924259 ], [ -129.187362038959748, 55.634435989965183 ], [ -129.166459024390633, 55.634564988002893 ], [ -129.140666985914635, 55.618109044348294 ], [ -129.104276949523381, 55.600847998109955 ], [ -129.025258097985585, 55.57833593559176 ], [ -129.007997889838293, 55.563817997732812 ], [ -128.988347009112346, 55.527218957641971 ], [ -128.977772893629663, 55.514665022421518 ], [ -128.94018499450371, 55.489340000540196 ], [ -128.93652110718449, 55.484297021953047 ], [ -128.91977700727162, 55.477780972678346 ], [ -128.917931089030617, 55.467500011334145 ], [ -128.913772993442791, 55.466544943544292 ], [ -128.901411037020438, 55.470515983250216 ], [ -128.895851079168409, 55.467474944767716 ], [ -128.887995091256442, 55.437446016445328 ], [ -128.881759046794201, 55.430071968391026 ], [ -128.811453903530179, 55.429948004819686 ], [ -128.800550002899882, 55.430424977509936 ], [ -128.794120099031062, 55.433119035143562 ], [ -128.778127954014735, 55.432884017102076 ], [ -128.77220489373704, 55.429512952174214 ], [ -128.756312927660815, 55.428826012046635 ], [ -128.73115295094442, 55.422295018098396 ], [ -128.729178956296721, 55.419872975162264 ], [ -128.722460899373516, 55.420315970579637 ], [ -128.690443110015281, 55.405629014050355 ], [ -128.669186930021226, 55.392228953805258 ], [ -128.656939996771086, 55.375365059853891 ], [ -128.655126941808845, 55.364351979938732 ], [ -128.659746940327807, 55.346275954858783 ], [ -128.649633956184886, 55.337890051506676 ], [ -128.655193010155216, 55.329531018210034 ], [ -128.653978955519335, 55.316776964895844 ], [ -128.659244003228025, 55.307463981126809 ], [ -128.666142967494096, 55.303825941417394 ], [ -128.673874940253313, 55.290582955034225 ], [ -128.680495962236279, 55.285757055926943 ], [ -128.675883928790313, 55.281710033577149 ], [ -128.680145894225006, 55.276320987691122 ], [ -128.679089110326998, 55.268968023617347 ], [ -128.67410401887102, 55.262610023959745 ], [ -128.674418073553937, 55.256995005345331 ], [ -128.665495974182619, 55.251479983815415 ], [ -128.666844071293582, 55.246495953475026 ], [ -128.651507959615145, 55.251800046739966 ], [ -128.630402979857905, 55.254542036952415 ], [ -128.604910963494973, 55.250158053682469 ], [ -128.580991032647717, 55.255532936795049 ], [ -128.552028998515283, 55.255429983001449 ], [ -128.530300009904096, 55.263525037807455 ], [ -128.504842974434212, 55.288514006956362 ], [ -128.498748026808528, 55.29103195626697 ], [ -128.490787029551598, 55.291726995789908 ], [ -128.47330510714292, 55.288381984183687 ], [ -128.445900970625701, 55.289895967276827 ], [ -128.416659988629476, 55.285582035678537 ], [ -128.398917908018632, 55.279133028762395 ], [ -128.393575012166707, 55.274380053629976 ], [ -128.365240958071666, 55.274416017281673 ], [ -128.35783807508588, 55.27076503586396 ], [ -128.357614937256358, 55.267034019428088 ], [ -128.367627951474304, 55.256941029189278 ], [ -128.363423934940187, 55.245309065104628 ], [ -128.374785925716736, 55.236893961521545 ], [ -128.387121008545165, 55.237523050549129 ], [ -128.394698079643177, 55.226372048663656 ], [ -128.379633949557842, 55.20832404000604 ], [ -128.35121193543165, 55.197366009200415 ], [ -128.321072890920448, 55.180182047844688 ], [ -128.313990986540972, 55.181113035022058 ], [ -128.30177190633583, 55.188348961523097 ], [ -128.291020103639369, 55.187990025657875 ], [ -128.280863106050049, 55.192046986449 ], [ -128.268514072014483, 55.189564952365551 ], [ -128.250430028017405, 55.179822022460144 ], [ -128.241076950226841, 55.179467060125098 ], [ -128.23451508197482, 55.181808049207035 ], [ -128.219723897173338, 55.18007896307163 ], [ -128.203917082781771, 55.189214045110411 ], [ -128.208003005103564, 55.206512945755257 ], [ -128.157859077170912, 55.213258061377694 ], [ -128.14196305344376, 55.225953021612291 ], [ -128.115546949473696, 55.230384007997884 ], [ -128.103618032713456, 55.228059021933163 ], [ -128.089792908650082, 55.217235964114899 ], [ -128.077180038108111, 55.199860009747304 ], [ -128.075531991301233, 55.180787007929574 ], [ -128.068261911672096, 55.17001099324407 ], [ -128.044785055193699, 55.180747961213676 ], [ -127.949481081737261, 55.20500996805103 ], [ -127.936638894872843, 55.214594947102896 ], [ -127.932956108968284, 55.237093047413822 ], [ -127.95987805599907, 55.264877974380646 ], [ -127.975487975949207, 55.296750000507501 ], [ -127.981564103131888, 55.301178039720241 ], [ -127.994554981636185, 55.30382799611494 ], [ -127.998139040272406, 55.307281966736113 ], [ -127.958937987475991, 55.329087026634411 ], [ -127.957423931931899, 55.345313020420342 ], [ -127.965519052521387, 55.355384018106214 ], [ -127.963235968682426, 55.362509041849123 ], [ -127.959857090944297, 55.364402943802915 ], [ -127.948241043889766, 55.362164979909807 ], [ -127.929736977799948, 55.374422971618259 ], [ -127.940170999407442, 55.401437999912936 ], [ -127.9344820409205, 55.419225937114234 ], [ -127.952043940657646, 55.430170056293001 ], [ -127.959035035214654, 55.452193024451589 ], [ -127.966487003723515, 55.456228045635768 ], [ -127.987656007297772, 55.457079044345463 ], [ -128.00250491239467, 55.460201958545127 ], [ -128.019951985155132, 55.45434895453392 ], [ -128.030456065489119, 55.454819032096815 ], [ -128.037233066668648, 55.457675961726309 ], [ -128.048709017682796, 55.469708999242705 ], [ -128.074294055419131, 55.464064002484278 ], [ -128.093166987834309, 55.465238009030401 ], [ -128.122276905059778, 55.462817937955911 ], [ -128.160131111562009, 55.47516998433214 ], [ -128.170510111259262, 55.482680987799625 ], [ -128.176157949956036, 55.492585964364984 ], [ -128.156223067793064, 55.500321992283794 ], [ -128.186555918347551, 55.516423025781641 ], [ -128.192136963577695, 55.526183028405349 ], [ -128.189864969779677, 55.533446045624508 ], [ -128.171683086898724, 55.54286797396994 ], [ -128.170944933409146, 55.546323025954024 ], [ -128.190718930299937, 55.548162040956718 ], [ -128.200326072696583, 55.56681704190985 ], [ -128.228922082235925, 55.571421028336708 ], [ -128.248296011015412, 55.58251296048811 ], [ -128.30355605852381, 55.602787939997917 ], [ -128.32024101727734, 55.614526958105422 ], [ -128.335298941921877, 55.618779009938741 ], [ -128.342588922894009, 55.626295015753769 ], [ -128.357037056228137, 55.629417017278911 ], [ -128.357433098363686, 55.639178015242329 ], [ -128.37754199959565, 55.640405041240072 ], [ -128.39200402602566, 55.651394992888392 ], [ -128.389138046604046, 55.6609049655032 ], [ -128.393311998027684, 55.667592976193149 ], [ -128.387727937157138, 55.67186997063353 ], [ -128.358181923359155, 55.65753104576573 ], [ -128.307621039432547, 55.675631042606184 ], [ -128.310691914729432, 55.682765059192548 ], [ -128.32076701959349, 55.686883010364717 ], [ -128.327969968028157, 55.694489063115235 ], [ -128.350051969747653, 55.736624027768819 ], [ -128.380589002038107, 55.766397953962667 ], [ -128.396217974394574, 55.787492957133097 ], [ -128.394841890562844, 55.806257034332333 ], [ -128.373595969197652, 55.8307070017486 ], [ -128.374119007719173, 55.84783597416979 ], [ -128.368119005835581, 55.854437055621489 ], [ -128.357919051409283, 55.856899977641255 ], [ -128.35414801973036, 55.863744942631705 ], [ -128.361007044339487, 55.878984010580666 ], [ -128.370550078431393, 55.879950053508637 ], [ -128.382396036084231, 55.876810949827401 ], [ -128.40251100622055, 55.864905962164471 ], [ -128.409013898420881, 55.864936962057804 ], [ -128.419898980640369, 55.871161940129603 ], [ -128.425460910182892, 55.871106971607702 ], [ -128.444673042527285, 55.841776977548967 ], [ -128.457399967239667, 55.803979056283673 ], [ -128.462480925604467, 55.802231039774711 ], [ -128.471583050110354, 55.806304951764261 ], [ -128.481160893649189, 55.807108986534587 ], [ -128.496863912637821, 55.801864036106892 ], [ -128.504512903400752, 55.781201992261053 ], [ -128.501557049448877, 55.765473943543803 ], [ -128.483948090981897, 55.745948004810359 ], [ -128.457965007569982, 55.730022052927922 ], [ -128.454791000767301, 55.724671029517985 ], [ -128.461551957810315, 55.719227981523062 ], [ -128.47874704810522, 55.720246017525426 ], [ -128.492635969844883, 55.717267058182046 ], [ -128.502655037235797, 55.704197960724009 ], [ -128.517499085515141, 55.705703952272856 ], [ -128.527365924481359, 55.714898011733673 ], [ -128.567619896710539, 55.73071699583511 ], [ -128.583231965126174, 55.733224061349873 ], [ -128.589835953997209, 55.741270983441005 ], [ -128.596404947611887, 55.742064963633226 ], [ -128.603543958233104, 55.746463967256815 ], [ -128.610163013962818, 55.75371893589196 ], [ -128.602853985974406, 55.76106293956871 ], [ -128.608414956874412, 55.762644031480967 ], [ -128.609970015331413, 55.769784015883452 ], [ -128.627429997700375, 55.780934980337463 ], [ -128.637329974319215, 55.792969007462787 ], [ -128.635388927406041, 55.800933033838128 ], [ -128.640347976590192, 55.804775023447888 ], [ -128.622910974211976, 55.819503982834625 ], [ -128.658892920966906, 55.847750946538795 ], [ -128.65554293383471, 55.858074995847701 ], [ -128.660802032868986, 55.864990001278692 ], [ -128.670600976907309, 55.872106011949221 ], [ -128.710131999477426, 55.890211999581346 ], [ -128.720393968243116, 55.892849994675359 ], [ -128.724554941774244, 55.891696050241073 ], [ -128.710337010964508, 55.877723030745933 ], [ -128.731953928984296, 55.888248004511325 ] ] ] } },
{ "type": "Feature", "properties": { "NAME": "Yale First Nation", "SCALE": "1:20000" }, "geometry": { "type": "Polygon", "coordinates": [ [ [ -121.631867111051506, 49.360418258070595 ], [ -121.617988996087846, 49.360405046271175 ], [ -121.617789916119079, 49.347809773434022 ], [ -121.613374696809942, 49.346445866649148 ], [ -121.610285002992725, 49.348392996687345 ], [ -121.606661341117587, 49.3524429139473 ], [ -121.614635601237779, 49.35690079140533 ], [ -121.606303449353916, 49.356863320921306 ], [ -121.597123991901597, 49.383760063497704 ], [ -121.574998156605304, 49.39544242782695 ], [ -121.560914147816803, 49.408562564095256 ], [ -121.541928802311133, 49.40571817817564 ], [ -121.518502883527361, 49.408386005701928 ], [ -121.509774369148815, 49.405981995663858 ], [ -121.508126301451156, 49.40007918156104 ], [ -121.497797705511417, 49.396206046921591 ], [ -121.489947928191697, 49.400386640161869 ], [ -121.474464480236804, 49.419213557257606 ], [ -121.451076332611649, 49.420495972776429 ], [ -121.447005790993074, 49.423067186859399 ], [ -121.446998302146483, 49.42985600357926 ], [ -121.433213782289698, 49.429602672400655 ], [ -121.419249713640966, 49.409190475794546 ], [ -121.420526110496212, 49.404561949699264 ], [ -121.43381471356075, 49.400352978831023 ], [ -121.420163493660311, 49.401139050693118 ], [ -121.420212770766852, 49.399441443053952 ], [ -121.411884300977647, 49.39933079443329 ], [ -121.411974847700179, 49.396681654439746 ], [ -121.390710490293543, 49.396693266395168 ], [ -121.390624962954433, 49.389477765119587 ], [ -121.357073617524122, 49.389437494748506 ], [ -121.357058482304126, 49.380171835634286 ], [ -121.346746435400647, 49.377991864897176 ], [ -121.33864568335143, 49.381213094354095 ], [ -121.322110331369842, 49.379624944578978 ], [ -121.318056643589188, 49.385386133813689 ], [ -121.307350008128594, 49.380156158130433 ], [ -121.291897475387714, 49.380792468529997 ], [ -121.251748971017292, 49.370674932619472 ], [ -121.237506288882429, 49.372131593631693 ], [ -121.231592027035077, 49.370745983216821 ], [ -121.214835525104178, 49.373564777616735 ], [ -121.205565723829295, 49.372026847792419 ], [ -121.195550952240083, 49.373499244389635 ], [ -121.191485071668083, 49.374685964718921 ], [ -121.19196882949926, 49.37951528043331 ], [ -121.185835881701834, 49.382945530122427 ], [ -121.175500998653973, 49.378105065163979 ], [ -121.14905201274378, 49.388374033035213 ], [ -121.119704428726735, 49.386444451293535 ], [ -121.111375756159049, 49.393155064181393 ], [ -121.102128111312794, 49.392207098998654 ], [ -121.096993876375748, 49.395936158809917 ], [ -121.096184842245208, 49.402643438445089 ], [ -121.099985622191468, 49.410570121533127 ], [ -121.092310589168946, 49.414085879107283 ], [ -121.087489118852687, 49.424584918238814 ], [ -121.094877636663668, 49.436796513716843 ], [ -121.089352859289505, 49.441709622957227 ], [ -121.084712278125906, 49.453774068895157 ], [ -121.078925488558056, 49.457413483776108 ], [ -121.079337624693736, 49.464614882474187 ], [ -121.086831730382741, 49.466608212102564 ], [ -121.089565232139464, 49.473060374980669 ], [ -121.074991178965732, 49.472925589951224 ], [ -121.069854769717836, 49.469556999974884 ], [ -121.06184159307999, 49.46888911905058 ], [ -121.049073861867114, 49.474562278189197 ], [ -121.054885375851924, 49.475541809826595 ], [ -121.062904197302231, 49.489646582646081 ], [ -121.073753103816614, 49.496050743167473 ], [ -121.071263115950913, 49.503630626740943 ], [ -121.080245731131797, 49.514567177985661 ], [ -121.079266152781429, 49.520909601851159 ], [ -121.100715092947112, 49.529337595938607 ], [ -121.138434592644032, 49.549508028731992 ], [ -121.165409989848825, 49.550530013826972 ], [ -121.215783557490511, 49.562931409133299 ], [ -121.216257670555322, 49.568637041754528 ], [ -121.234825160222641, 49.576239785503937 ], [ -121.236035949470462, 49.580685466326287 ], [ -121.243889530562654, 49.584089674851917 ], [ -121.251224096715745, 49.594915599880373 ], [ -121.27134794868509, 49.602790088337443 ], [ -121.276590155700788, 49.608207321584707 ], [ -121.292005535031691, 49.610603858914438 ], [ -121.311815983155284, 49.622329831242695 ], [ -121.324010674733387, 49.624142708331348 ], [ -121.348059690128153, 49.620893954462929 ], [ -121.364359164099866, 49.622622217517531 ], [ -121.373573353249668, 49.610142696590657 ], [ -121.411055597863708, 49.611766147453537 ], [ -121.425276093345943, 49.615099695688087 ], [ -121.458245267968991, 49.605244175637708 ], [ -121.495256951727171, 49.602529044760772 ], [ -121.501605478589951, 49.604023795379163 ], [ -121.511692206300523, 49.59999800417409 ], [ -121.523647342447191, 49.601950186256886 ], [ -121.534508997250569, 49.585438210447201 ], [ -121.548673327391072, 49.579931764962673 ], [ -121.55585788581979, 49.579742891099052 ], [ -121.556255934709085, 49.585999574250636 ], [ -121.580748501645502, 49.596385850028163 ], [ -121.597057833466806, 49.599463376420196 ], [ -121.607509270213498, 49.598402032565581 ], [ -121.61698699098342, 49.591634471510758 ], [ -121.618576514597677, 49.578943342439153 ], [ -121.622001214621307, 49.574765614488619 ], [ -121.637767290067544, 49.571866923852163 ], [ -121.666277500374122, 49.560586179308366 ], [ -121.726045073123615, 49.555223933504827 ], [ -121.727295978707645, 49.552872195139862 ], [ -121.749130122973511, 49.547829897364949 ], [ -121.751338996363089, 49.543608172765211 ], [ -121.758468305647085, 49.541625178962121 ], [ -121.75805072990525, 49.537878565183796 ], [ -121.76866447006671, 49.532451189407212 ], [ -121.76349192100011, 49.526036364199953 ], [ -121.760583654378507, 49.526832745995236 ], [ -121.767877332189272, 49.520335264252076 ], [ -121.763476850094094, 49.476202973568135 ], [ -121.766481651609993, 49.465926707238658 ], [ -121.761828139334767, 49.464455062178388 ], [ -121.755455830067348, 49.45688889688607 ], [ -121.741211707906913, 49.455660000861258 ], [ -121.733370270499947, 49.450952002350839 ], [ -121.730847397291456, 49.44476743054198 ], [ -121.736063782082454, 49.440143173546758 ], [ -121.737528917481356, 49.433069024632807 ], [ -121.729673687922471, 49.429979674661574 ], [ -121.726672578167594, 49.425396686929375 ], [ -121.719315503059505, 49.426815726587968 ], [ -121.707525740832551, 49.42508460940045 ], [ -121.697260716855013, 49.417505446365553 ], [ -121.697623066375456, 49.412975436827587 ], [ -121.690837197159084, 49.406911849714973 ], [ -121.684583270590977, 49.405545828296944 ], [ -121.668796596174303, 49.408292212414537 ], [ -121.665907758787583, 49.403547807860612 ], [ -121.661028999765492, 49.403062398307931 ], [ -121.658429809309425, 49.400230276259897 ], [ -121.658926950373754, 49.391304525153508 ], [ -121.643443973515033, 49.386834516086367 ], [ -121.643276446329082, 49.382132347011954 ], [ -121.629846339290339, 49.37435511419325 ], [ -121.63042948702946, 49.368736157673055 ], [ -121.625328091050207, 49.36382029946887 ], [ -121.631867111051506, 49.360418258070595 ] ] ] } },
{ "type": "Feature", "properties": { "NAME": "Nazko First Nation", "SCALE": "n/a" }, "geometry": { "type": "Polygon", "coordinates": [ [ [ -122.971110999449863, 52.376887999844044 ], [ -122.965642999680782, 52.376095999762889 ], [ -122.934262999695122, 52.386317000381887 ], [ -122.913046999459283, 52.397203000170123 ], [ -122.8750620006454, 52.400234000453224 ], [ -122.880213999278666, 52.408186999848908 ], [ -122.876662999709225, 52.411015999972058 ], [ -122.889028000278699, 52.416349999996655 ], [ -122.888402999955147, 52.425402000245576 ], [ -122.894037999292323, 52.436330999825437 ], [ -122.893111000409988, 52.442740000053703 ], [ -122.88673199962507, 52.440297999584388 ], [ -122.883813999644957, 52.442219000095292 ], [ -122.887819000218386, 52.446582999890566 ], [ -122.886331000004262, 52.452991000187197 ], [ -122.895909000633438, 52.453844999757131 ], [ -122.900920000390585, 52.450621999589401 ], [ -122.898574000328409, 52.446924999704713 ], [ -122.910257000251178, 52.446367999565823 ], [ -122.92686199955395, 52.459049999600275 ], [ -122.927994999522028, 52.468423999542438 ], [ -122.93190499999335, 52.471663000380303 ], [ -122.919125999998869, 52.480203999556593 ], [ -122.924255999576758, 52.485350000170072 ], [ -122.922288000406738, 52.490751999725909 ], [ -122.915138999414069, 52.493371999590188 ], [ -122.907116000022754, 52.491774999622116 ], [ -122.896867999553223, 52.496423000047933 ], [ -122.887034000185054, 52.505737000000344 ], [ -122.877191000103352, 52.506401000269776 ], [ -122.85553799958501, 52.504911000225533 ], [ -122.851317999920269, 52.506757999783744 ], [ -122.835727999411205, 52.503194999635433 ], [ -122.829768999379866, 52.50507399962418 ], [ -122.818885000669809, 52.504158999629702 ], [ -122.805309000488421, 52.499264999864252 ], [ -122.777676999449199, 52.495146999696914 ], [ -122.770094000027342, 52.519145999909355 ], [ -122.783327999342873, 52.548255999698796 ], [ -122.780061999979608, 52.569280000057049 ], [ -122.76136500050454, 52.610211000264314 ], [ -122.733308999828964, 52.636405999797361 ], [ -122.720882999785715, 52.656727999966193 ], [ -122.751865999885595, 52.669509000153184 ], [ -122.755539999481087, 52.693391999673999 ], [ -122.776214999300976, 52.697999000074503 ], [ -122.80754199989839, 52.69883799995128 ], [ -122.81972800064564, 52.706187999677667 ], [ -122.819110000599309, 52.71735199972612 ], [ -122.808052999454631, 52.724083999791361 ], [ -122.768032000549141, 52.735180999606392 ], [ -122.736311000193396, 52.752383999724792 ], [ -122.710015000593785, 52.770144999753491 ], [ -122.703042000176652, 52.778442999655603 ], [ -122.704421000298154, 52.785969000095974 ], [ -122.718359000181621, 52.796589999742132 ], [ -122.720209000675993, 52.815905000366861 ], [ -122.731746000069847, 52.823130000166913 ], [ -122.744981000472805, 52.845457000305224 ], [ -122.766067000156454, 52.865727999731781 ], [ -122.773423999879313, 52.886608000177993 ], [ -122.757129999968569, 52.898982999968332 ], [ -122.741394000099831, 52.898559999751754 ], [ -122.728514000539036, 52.901696999932405 ], [ -122.712789000358214, 52.901604000401171 ], [ -122.679856999477082, 52.890927000306284 ], [ -122.665046999391379, 52.891014000001093 ], [ -122.648063999460689, 52.909077999606815 ], [ -122.64714499929535, 52.918479999884092 ], [ -122.640717000579613, 52.92677700018038 ], [ -122.629698000344277, 52.930095000257566 ], [ -122.579192000325193, 52.936179000386289 ], [ -122.572763999658306, 52.943368999988621 ], [ -122.560826000244646, 52.950006000221762 ], [ -122.521338999721479, 52.956642999643911 ], [ -122.510256000367889, 52.961622000235387 ], [ -122.501431000677101, 52.969460999694164 ], [ -122.492155000046353, 52.971212000208318 ], [ -122.478725999555834, 52.978634999657139 ], [ -122.479417999446028, 52.982722000335507 ], [ -122.491878000584805, 52.987725999669316 ], [ -122.496169999541451, 52.992062000342031 ], [ -122.49492400061844, 52.999986000011205 ], [ -122.480940999544387, 53.006991000206277 ], [ -122.466127000617433, 53.00515700042294 ], [ -122.452004999852448, 52.996315999764875 ], [ -122.433730000601571, 52.994565000047146 ], [ -122.383196000203156, 52.993980999933157 ], [ -122.372397000644767, 53.001736999772987 ], [ -122.367274999486341, 53.001570000047941 ], [ -122.363397999919314, 52.992480000364488 ], [ -122.352882999527296, 52.989688000271691 ], [ -122.334008000631442, 52.989827999719651 ], [ -122.302785999721834, 52.99701799995713 ], [ -122.270645000219218, 53.012505000023538 ], [ -122.241261000726411, 53.039606000109544 ], [ -122.233914000099062, 53.063941999966808 ], [ -122.232078000483909, 53.08551199968845 ], [ -122.258707999594989, 53.123674999709635 ], [ -122.259625999649046, 53.141927000408593 ], [ -122.255034999700229, 53.176770999983198 ], [ -122.231159000371221, 53.233738000304101 ], [ -122.261881000458573, 53.268817999863373 ], [ -122.353598000528251, 53.288435000016676 ], [ -122.385281000114105, 53.288260999980359 ], [ -122.434270999681772, 53.295669000043354 ], [ -122.502230999805661, 53.30046299999325 ], [ -122.615628999678691, 53.319001000008889 ], [ -122.67165599973211, 53.346082999709019 ], [ -122.766058000320655, 53.379134999835252 ], [ -122.799763000544786, 53.380324000278449 ], [ -122.839302999796601, 53.372826000008779 ], [ -122.838878999645345, 53.374788000212597 ], [ -122.826013000260176, 53.378329000041155 ], [ -122.802613999528774, 53.380126999544267 ], [ -122.783073999517839, 53.385468000117491 ], [ -122.759096999603514, 53.387319000119383 ], [ -122.742463000143175, 53.385683999751535 ], [ -122.684830000019616, 53.394183999743042 ], [ -122.676948999415799, 53.390298000032878 ], [ -122.669456000467576, 53.381243999744086 ], [ -122.662976999830562, 53.381181000137353 ], [ -122.644052999974221, 53.389754999651615 ], [ -122.636967000062953, 53.399072999925174 ], [ -122.650074000467285, 53.416505999820359 ], [ -122.659275000153286, 53.42303099977299 ], [ -122.663360000489462, 53.439330000168262 ], [ -122.679523999716508, 53.451878000300987 ], [ -122.685709999293906, 53.460424999768598 ], [ -122.683617000610823, 53.470531999941478 ], [ -122.674365000423819, 53.480636999725888 ], [ -122.674316999909493, 53.494687000278802 ], [ -122.672339000591805, 53.49322499988947 ], [ -122.670735000383686, 53.496025000384321 ], [ -122.680884999354902, 53.507333999901945 ], [ -122.688104999799847, 53.524134000235271 ], [ -122.698372000174473, 53.527063999910638 ], [ -122.71044900034876, 53.525728000083348 ], [ -122.719295000558972, 53.533874999578991 ], [ -122.720985000275661, 53.53842699973314 ], [ -122.717494000446749, 53.541466000240128 ], [ -122.725573000213586, 53.556918000330732 ], [ -122.709304000438962, 53.580501999811531 ], [ -122.706158999329418, 53.594040000147608 ], [ -122.68198099954337, 53.596603000209051 ], [ -122.675265999706383, 53.599298999676236 ], [ -122.686466000609187, 53.617342000008414 ], [ -122.681425999930198, 53.630146000128462 ], [ -122.667403000323972, 53.640354999927894 ], [ -122.670320999799799, 53.644461999800455 ], [ -122.699705000726667, 53.654094000174105 ], [ -122.703472000184206, 53.664987999562378 ], [ -122.714533999305999, 53.66741499967732 ], [ -122.727196999701064, 53.675228999812262 ], [ -122.721697000187802, 53.685057999960677 ], [ -122.705303000343349, 53.691059000351437 ], [ -122.714560999745856, 53.7081419998146 ], [ -122.709699999838563, 53.723249000194116 ], [ -122.715240999770046, 53.753310000182864 ], [ -122.709406999901802, 53.774534999761912 ], [ -122.713093999511869, 53.785663000069981 ], [ -122.736398000580451, 53.80409700009983 ], [ -122.730585000623876, 53.822636000345483 ], [ -122.748136000621031, 53.834385999704828 ], [ -122.748598999506285, 53.861179999885266 ], [ -122.763880999971633, 53.877246000228695 ], [ -122.758270999297281, 53.887302000427773 ], [ -122.740088000707473, 53.894769000046907 ], [ -122.721027000478898, 53.916774000391989 ], [ -122.727583000497475, 53.924698000238557 ], [ -122.733584999841185, 53.926778999743405 ], [ -122.781753000436836, 53.927010999934829 ], [ -122.804687999409438, 53.943418000068306 ], [ -122.822887000054891, 53.948577999831535 ], [ -122.853962999879997, 53.967997999743567 ], [ -122.866926000545476, 53.970960999800617 ], [ -122.877027000060266, 53.978198000287037 ], [ -122.907904999845087, 53.977946999742876 ], [ -122.902359000146561, 53.969584000032327 ], [ -122.904071999458608, 53.967051000338238 ], [ -122.928160000028228, 53.965341999804373 ], [ -122.937767999953095, 53.961734000230017 ], [ -122.925847000745094, 53.954563999853548 ], [ -122.928769999761542, 53.947312000229317 ], [ -122.945539999456003, 53.951050999797125 ], [ -122.967216999981289, 53.940462000085645 ], [ -122.963290999996488, 53.935301999568594 ], [ -122.947493000617811, 53.936896000085348 ], [ -122.938526999465296, 53.933036000123494 ], [ -122.944113000126265, 53.924041999848974 ], [ -122.953906000367397, 53.922903999945923 ], [ -122.956848000169558, 53.920424999990963 ], [ -122.944529000238632, 53.909543999898098 ], [ -122.946515999268598, 53.902974999592388 ], [ -122.963992000229382, 53.899350000327971 ], [ -122.978761000477434, 53.885808999700195 ], [ -122.991770999216882, 53.878350000414876 ], [ -123.044270000599496, 53.868310999725196 ], [ -123.051507999251257, 53.855429000386962 ], [ -123.070489999347075, 53.851625999819554 ], [ -123.086694999230374, 53.859048000176593 ], [ -123.094160999847887, 53.879760000304564 ], [ -123.102485000011995, 53.887205000205903 ], [ -123.114215999867156, 53.892739999570217 ], [ -123.113973000328443, 53.898690000299965 ], [ -123.11914000046562, 53.901427000360201 ], [ -123.126662999919347, 53.90281200008986 ], [ -123.16012699932223, 53.901477999782188 ], [ -123.176392999445937, 53.911476999984785 ], [ -123.19688599945701, 53.915229000310859 ], [ -123.237357999565688, 53.910581000331788 ], [ -123.254760000716402, 53.918383000197096 ], [ -123.26121499971056, 53.925711999770357 ], [ -123.258623000664755, 53.932576000348014 ], [ -123.261286999611713, 53.94207000019393 ], [ -123.244929999515762, 53.950769000003625 ], [ -123.237026999750668, 53.959620000193375 ], [ -123.240675000467022, 53.97128800015826 ], [ -123.251275999911172, 53.982312999733253 ], [ -123.275430999238083, 53.98693400027657 ], [ -123.302605000297632, 53.980126999559936 ], [ -123.310736000603725, 53.974588000273201 ], [ -123.326009999730729, 53.970305000011308 ], [ -123.37674200060556, 53.966525999760457 ], [ -123.424085999932302, 53.973809999834728 ], [ -123.431717000624872, 53.980506000018714 ], [ -123.450719000428222, 53.983545999561592 ], [ -123.466817999669246, 53.995367000175158 ], [ -123.486387999631503, 54.00185 ], [ -123.509748000629983, 53.997016999776193 ], [ -123.520612000508592, 54.002147000395077 ], [ -123.523685000351861, 53.992885000158637 ], [ -123.535292999494303, 53.986974000254293 ], [ -123.564810000219367, 53.990776000315925 ], [ -123.600124000202953, 53.983684000333461 ], [ -123.620940000215768, 53.985734999719746 ], [ -123.631950999518025, 53.983690999841926 ], [ -123.636367000677723, 53.976297999576758 ], [ -123.661124999558254, 53.970905999788997 ], [ -123.650630999418183, 53.954984000183991 ], [ -123.646626999473014, 53.928626000396378 ], [ -123.679757999314305, 53.892593000156282 ], [ -123.746526000526785, 53.856483999845103 ], [ -123.764287999533749, 53.851662000424319 ], [ -123.858587999503015, 53.810983000218464 ], [ -123.899734999591843, 53.802194999828949 ], [ -123.911769000775934, 53.797370999621634 ], [ -123.918295999698287, 53.790628999983802 ], [ -123.919992999410013, 53.781513000310532 ], [ -123.917252999747674, 53.77132999972109 ], [ -123.905330000468723, 53.752411000423727 ], [ -123.905392000685552, 53.743300000440733 ], [ -123.912186000554144, 53.732799999585083 ], [ -123.923600999811299, 53.723307000401697 ], [ -123.948463999408304, 53.710060999548197 ], [ -124.006608000445979, 53.684543999697055 ], [ -124.025425999370995, 53.680475999992716 ], [ -124.059638999908699, 53.678667000423019 ], [ -124.08387000030686, 53.67928999997276 ], [ -124.120758999906371, 53.686960000230023 ], [ -124.149499999500463, 53.686008999735883 ], [ -124.171175999685659, 53.680592000132698 ], [ -124.222810000168366, 53.655689999640423 ], [ -124.244100000652324, 53.652255000380713 ], [ -124.310906000187401, 53.661953000067577 ], [ -124.37217199942566, 53.678429000391148 ], [ -124.400755999261605, 53.680493999750723 ], [ -124.444664000694743, 53.672977999919034 ], [ -124.480713999858693, 53.656684999594276 ], [ -124.509100999678324, 53.648361999624285 ], [ -124.524805999374792, 53.640426000197088 ], [ -124.556993999880163, 53.616001000190813 ], [ -124.579592999719907, 53.5853070001627 ], [ -124.580548000209902, 53.571471000161935 ], [ -124.57742699947724, 53.564870999595016 ], [ -124.529199999470279, 53.512326999816359 ], [ -124.495358000152066, 53.494993999636705 ], [ -124.486692999578324, 53.487315000308662 ], [ -124.483664999322286, 53.475986999990745 ], [ -124.490878999517221, 53.46305799996771 ], [ -124.517954999939661, 53.442082999587043 ], [ -124.518041000534112, 53.424034999998902 ], [ -124.523037999516987, 53.41161799982001 ], [ -124.54435000057417, 53.393774000171071 ], [ -124.565401000290564, 53.382304000239024 ], [ -124.585722000092716, 53.376979999709143 ], [ -124.588275000034713, 53.373331999697264 ], [ -124.575070999376322, 53.357694999854161 ], [ -124.552077000137146, 53.3476479996786 ], [ -124.52983600036022, 53.349666999716476 ], [ -124.504518999632069, 53.348665999964631 ], [ -124.490254000446072, 53.342016000382301 ], [ -124.480643999777769, 53.310195000088136 ], [ -124.487184999386344, 53.301536999961442 ], [ -124.502675999599418, 53.290366000379038 ], [ -124.504556999330902, 53.285410999612587 ], [ -124.473493000507403, 53.271027999645547 ], [ -124.439483999326754, 53.277817999886302 ], [ -124.367894000013038, 53.287667000007509 ], [ -124.312767000393805, 53.290255999835836 ], [ -124.267209000001486, 53.278038999996546 ], [ -124.267416000216244, 53.266043999850268 ], [ -124.211339000537777, 53.247943000193317 ], [ -124.184210999408151, 53.233206000433327 ], [ -124.160791999732723, 53.227465999965652 ], [ -124.108606000448788, 53.225069000028945 ], [ -124.065009999493668, 53.21982800025603 ], [ -124.039660999537446, 53.222998000262265 ], [ -124.002633000070972, 53.235006999624943 ], [ -123.978023999418284, 53.239361999640693 ], [ -123.964021999273669, 53.238970000246056 ], [ -123.914443000543272, 53.231772000277886 ], [ -123.902310000411461, 53.224888000073399 ], [ -123.898316000571569, 53.213254999658226 ], [ -123.907341000040503, 53.20446699986325 ], [ -123.939790999961872, 53.206192999819045 ], [ -123.955818999643782, 53.201586000275739 ], [ -123.964194000510233, 53.188577000396002 ], [ -123.989484000259708, 53.163387000028472 ], [ -124.002367999292716, 53.141395000051105 ], [ -124.01345100023137, 53.132037000026244 ], [ -124.049125000608527, 53.125431000070137 ], [ -124.123251999625182, 53.095622999572541 ], [ -124.22406300013462, 53.042526999778879 ], [ -124.308441000229053, 53.004820999693337 ], [ -124.350397999982775, 52.993461000172211 ], [ -124.367351000203158, 52.9922160004039 ], [ -124.393764000098699, 52.986528999953052 ], [ -124.463968999328813, 52.991813000008158 ], [ -124.518719999623542, 52.992003999765657 ], [ -124.53859300019694, 52.988908999623256 ], [ -124.56077899943034, 52.97789499989581 ], [ -124.586361999671496, 52.953603999822008 ], [ -124.625854000232891, 52.886124999892658 ], [ -124.655014000046094, 52.859991999717728 ], [ -124.656292000676999, 52.854921000046147 ], [ -124.627987000279745, 52.845865999927561 ], [ -124.61792699983171, 52.838993999922586 ], [ -124.612568000392443, 52.829437999733983 ], [ -124.612389999428785, 52.806035999883399 ], [ -124.60351099960279, 52.791530999761505 ], [ -124.585782999295873, 52.777778999981599 ], [ -124.557481999375852, 52.774000999679366 ], [ -124.507806000536746, 52.772627000004988 ], [ -124.489314999946757, 52.768710999798927 ], [ -124.453222000569511, 52.739130000008721 ], [ -124.445456000029424, 52.743159000138434 ], [ -124.432238999426247, 52.743711000399841 ], [ -124.413592999918535, 52.739531000196273 ], [ -124.400539000426434, 52.730055999911301 ], [ -124.397870000661626, 52.725027999730422 ], [ -124.374396000694531, 52.714233999950032 ], [ -124.355119999503742, 52.715679000104934 ], [ -124.326829999321305, 52.72896500030636 ], [ -124.260410999632541, 52.749181999732528 ], [ -124.24233499941117, 52.744665999977251 ], [ -124.227938000088415, 52.721691000015774 ], [ -124.208207999914961, 52.718097000403823 ], [ -124.194293000187287, 52.725821999739196 ], [ -124.149707999607756, 52.726722000205449 ], [ -124.119270999329544, 52.710181000238208 ], [ -124.116686000491086, 52.70295400029714 ], [ -124.118584000231792, 52.692004999813065 ], [ -124.106614000311069, 52.686577999575874 ], [ -124.096743000113392, 52.685554000251763 ], [ -124.07569499968082, 52.692263999608613 ], [ -124.066410999504953, 52.689676999984918 ], [ -124.061576999748354, 52.684935000121364 ], [ -124.053287000440733, 52.686740999903385 ], [ -124.041226999566589, 52.685378999880683 ], [ -124.000480000074532, 52.667047000368903 ], [ -123.986911000133119, 52.657431000065635 ], [ -123.975847000574475, 52.640022000063752 ], [ -123.969711999737925, 52.565000000018159 ], [ -123.960563999666078, 52.533473000342241 ], [ -123.94304899965563, 52.50743500023983 ], [ -123.921821999508339, 52.491288000278892 ], [ -123.898303999968135, 52.481960999989852 ], [ -123.859369000317926, 52.4899270003257 ], [ -123.843088000458593, 52.488481999683927 ], [ -123.797734999374612, 52.431871000083667 ], [ -123.790967999706524, 52.426481999597321 ], [ -123.762746999436544, 52.416816999540799 ], [ -123.747075999391171, 52.406136000373174 ], [ -123.747969000594907, 52.394238000097879 ], [ -123.7540050005327, 52.38185699980481 ], [ -123.80211399980557, 52.331204000391004 ], [ -123.798741000513289, 52.315524999985861 ], [ -123.787996999351293, 52.308689999796691 ], [ -123.760922999991934, 52.303074000101113 ], [ -123.73964899973906, 52.303977999877645 ], [ -123.700374999778049, 52.311887999737444 ], [ -123.668977000685032, 52.322683999816704 ], [ -123.629468000222417, 52.325558000127984 ], [ -123.621360000174604, 52.32487600007979 ], [ -123.581756000149838, 52.310019999791294 ], [ -123.550197000565817, 52.306316999704833 ], [ -123.470753999856427, 52.310202000133479 ], [ -123.371386999732252, 52.306910000319846 ], [ -123.344316000476709, 52.303589999935063 ], [ -123.270684000019088, 52.305513999771428 ], [ -123.24807600019416, 52.303069999932774 ], [ -123.209529000422265, 52.304218000262303 ], [ -123.190390999627795, 52.301172000151716 ], [ -123.143185000363701, 52.301695000268239 ], [ -123.108363999703954, 52.306438000032458 ], [ -123.081777999613053, 52.313372999745233 ], [ -123.030269000440114, 52.333511000193802 ], [ -123.001471999732729, 52.351281999690443 ], [ -122.971110999449863, 52.376887999844044 ] ] ] } },
{ "type": "Feature", "properties": { "NAME": "Tsimshian First Nations", "SCALE": "1:250000" }, "geometry": { "type": "Polygon", "coordinates": [ [ [ -128.036919427514249, 53.037859733553411 ], [ -128.054552852307864, 53.036602734572867 ], [ -128.089760561801228, 53.038870555456882 ], [ -128.101184683413578, 53.042266408364334 ], [ -128.127814620445321, 53.056854550371199 ], [ -128.141575120339297, 53.072056423546748 ], [ -128.146673925345709, 53.087568404361853 ], [ -128.164803971767725, 53.118071038592809 ], [ -128.165844433193172, 53.146971282991636 ], [ -128.171386211630704, 53.160262549575641 ], [ -128.186071303942612, 53.178401010381549 ], [ -128.204622461757708, 53.191811728526389 ], [ -128.211661128035246, 53.210130018543957 ], [ -128.225826018505927, 53.221715608218545 ], [ -128.239515080234753, 53.225782974390427 ], [ -128.267100039400304, 53.226781643756915 ], [ -128.33459497370643, 53.23929001479604 ], [ -128.36277815674174, 53.238172615751289 ], [ -128.38965689158556, 53.23070044499238 ], [ -128.421817242599758, 53.208808544099732 ], [ -128.440594984354163, 53.207493985534512 ], [ -128.455661049479858, 53.212868303626252 ], [ -128.465392044364506, 53.224670202485157 ], [ -128.468861753726145, 53.252305713772984 ], [ -128.483348036872655, 53.27090503708115 ], [ -128.566615252952801, 53.294386651150049 ], [ -128.582514998375416, 53.29614037095147 ], [ -128.607429082105625, 53.295338048519717 ], [ -128.617975895863026, 53.298185068495862 ], [ -128.631940001033769, 53.313696004427442 ], [ -128.642481063291115, 53.317945976971934 ], [ -128.676532912171581, 53.322260967304359 ], [ -128.71532589492503, 53.321656966965513 ], [ -128.71998596119829, 53.327994934315406 ], [ -128.710458060122534, 53.346250954179617 ], [ -128.705728987310749, 53.34975500140569 ], [ -128.731330959702404, 53.393403018054464 ], [ -128.746602941365609, 53.399060957117584 ], [ -128.784316014930454, 53.3928079484431 ], [ -128.804324103480099, 53.394247996634988 ], [ -128.81725790833832, 53.398487042613141 ], [ -128.819541904426814, 53.415362956017475 ], [ -128.83119310659589, 53.447718945824526 ], [ -128.832846871685206, 53.471053963362806 ], [ -128.842164962224587, 53.481600001018485 ], [ -128.916979956752783, 53.511417939085916 ], [ -128.957542983600405, 53.533747058214971 ], [ -128.978353938679561, 53.558538024423278 ], [ -128.985634983368897, 53.59323800451844 ], [ -128.983538982591654, 53.618642972544471 ], [ -128.960555042658115, 53.65333700172944 ], [ -128.950103895884894, 53.662007068572848 ], [ -128.94587898981348, 53.698562968171188 ], [ -128.940639062052469, 53.708474942307369 ], [ -128.927027908404369, 53.720240025861479 ], [ -128.917587974806622, 53.734484977660927 ], [ -128.903909974318395, 53.768553946276583 ], [ -128.89655501923545, 53.77908101097654 ], [ -128.883968022566052, 53.786505034080577 ], [ -128.863978081444486, 53.813746955538797 ], [ -128.856512920714295, 53.851533996673815 ], [ -128.861706984643035, 53.867029967426795 ], [ -128.861638903497152, 53.887477010116214 ], [ -128.852184992123881, 53.888704949989922 ], [ -128.833314883602384, 53.88124502102221 ], [ -128.818615066140524, 53.881844004570844 ], [ -128.814392077161898, 53.887412981787605 ], [ -128.824830976497992, 53.901679977291131 ], [ -128.833208916653007, 53.907887966791641 ], [ -128.875160044491167, 53.93086393941271 ], [ -128.874065981235333, 53.945112982958335 ], [ -128.859263069294002, 53.969880967866438 ], [ -128.868689937323182, 53.982902986464161 ], [ -128.890766941474681, 53.991599013175005 ], [ -128.894965909136175, 53.99593995615124 ], [ -128.878060071957634, 54.017610075318096 ], [ -128.884365054744791, 54.022572953941911 ], [ -128.891736982099161, 54.023198990911972 ], [ -128.928613043287527, 54.018270042457836 ], [ -128.940196090676494, 54.020754989375163 ], [ -128.945454889538297, 54.026333940570019 ], [ -128.947538918351256, 54.04430200400283 ], [ -128.935918973701547, 54.06226495470348 ], [ -128.921144989048884, 54.069071051249487 ], [ -128.909541055835746, 54.070921927753517 ], [ -128.883188952447, 54.066561963201011 ], [ -128.863135063405934, 54.072117005160813 ], [ -128.799858922363171, 54.072027975034501 ], [ -128.751325955392815, 54.075656061441862 ], [ -128.719605904438708, 54.087357974458769 ], [ -128.714301104556512, 54.091681992230654 ], [ -128.714246097421665, 54.099736944099433 ], [ -128.707817900027862, 54.113351995416224 ], [ -128.699327990627324, 54.119527035681763 ], [ -128.653903032449023, 54.122503071354792 ], [ -128.649653949275745, 54.125588996702021 ], [ -128.64539307591852, 54.129913027724548 ], [ -128.647278026736018, 54.156560950196315 ], [ -128.639763066071112, 54.170169039776255 ], [ -128.630176961059249, 54.178193995897431 ], [ -128.611117079614843, 54.181232012645317 ], [ -128.577516001705533, 54.15819497181576 ], [ -128.541750088569188, 54.143193993990529 ], [ -128.519615888959493, 54.138771005175478 ], [ -128.446726019606643, 54.139077996285749 ], [ -128.432007031679717, 54.134051954209021 ], [ -128.418441946933626, 54.122214985943351 ], [ -128.409186084462874, 54.104821969662311 ], [ -128.37879309172547, 54.090418025472651 ], [ -128.357626089210072, 54.094643953746171 ], [ -128.339422983679441, 54.111274978542966 ], [ -128.292800971746516, 54.121542978814858 ], [ -128.264262123297414, 54.123230022375211 ], [ -128.246391971635489, 54.118783027477086 ], [ -128.228733106064169, 54.103181060384273 ], [ -128.200169085279924, 54.106711966141873 ], [ -128.186617986325416, 54.097946952957436 ], [ -128.161931102476132, 54.066177998060745 ], [ -128.150472936099902, 54.059282070823109 ], [ -128.151804959377955, 54.045660011179585 ], [ -128.176459069258499, 54.024765045748687 ], [ -128.181968942605494, 54.012409937819683 ], [ -128.180069927239828, 54.001864036918612 ], [ -128.14455701220308, 53.987985056354539 ], [ -128.108868941424134, 53.983387945646442 ], [ -128.081031971254305, 53.95715496230234 ], [ -128.062228904685725, 53.951432980195818 ], [ -128.045405892677906, 53.951301012037938 ], [ -128.036693110345908, 53.958650403898119 ], [ -128.033157963498724, 53.967644952186355 ], [ -128.022754987701404, 54.009099462260536 ], [ -128.02147837979274, 54.025305823999815 ], [ -128.028259321438156, 54.043888562587334 ], [ -128.033492456991638, 54.048754610278316 ], [ -128.031041053917932, 54.058844988471165 ], [ -128.02115153925962, 54.07009315320753 ], [ -128.00993400044905, 54.072458016153305 ], [ -128.000833071568763, 54.077269024414676 ], [ -128.005346085919257, 54.087910989260934 ], [ -127.995701734781051, 54.090697067752622 ], [ -127.955237029671466, 54.137230031256799 ], [ -127.932959846355274, 54.1315330282956 ], [ -127.920963308137402, 54.134743452905198 ], [ -127.916576007339145, 54.146328011971427 ], [ -127.908704096747542, 54.152131980723908 ], [ -127.904679553974773, 54.164507197971311 ], [ -127.904220121002353, 54.170107349482251 ], [ -127.913206922522932, 54.181914015470291 ], [ -127.909855885631174, 54.18869900408842 ], [ -127.883995935957941, 54.206431016851816 ], [ -127.873096922520332, 54.218102066976023 ], [ -127.865214901678669, 54.235377037077022 ], [ -127.845451877611339, 54.260593021832022 ], [ -127.8398750888189, 54.263612988730685 ], [ -127.838563001463257, 54.269331962511295 ], [ -127.827485333583951, 54.269378527274696 ], [ -127.825835972069441, 54.271905065816533 ], [ -127.818599962826369, 54.273345034283636 ], [ -127.794321996013167, 54.270006051171407 ], [ -127.782565433187301, 54.271595251041049 ], [ -127.775672967214419, 54.28168943216572 ], [ -127.764355540144905, 54.290737743417189 ], [ -127.768239812764747, 54.312495090602731 ], [ -127.727521981438585, 54.339954999428421 ], [ -127.723028081522486, 54.347961976436622 ], [ -127.72866990487735, 54.371567059160903 ], [ -127.740880935961044, 54.397476043313617 ], [ -127.747867903933212, 54.403986014209352 ], [ -127.76226685811757, 54.45494455062321 ], [ -127.785656183032643, 54.489954378241954 ], [ -127.77837899537694, 54.494954951428348 ], [ -127.77806396663911, 54.500070078435186 ], [ -127.787032998947097, 54.515269994801947 ], [ -127.777341910446737, 54.529669041055115 ], [ -127.76416416826045, 54.539229081271984 ], [ -127.763867038173643, 54.54355802781506 ], [ -127.708077945060523, 54.55350799691098 ], [ -127.692925994075154, 54.56016099127821 ], [ -127.684112106180322, 54.568739024655322 ], [ -127.688140946711513, 54.57621798149151 ], [ -127.700811017617852, 54.580691980641284 ], [ -127.735844966142238, 54.587258930118303 ], [ -127.795860900718637, 54.603374415888531 ], [ -127.807541477848659, 54.611211217786355 ], [ -127.810336642921769, 54.621309270072679 ], [ -127.804989907487695, 54.627478955951169 ], [ -127.795474929522001, 54.629378004115424 ], [ -127.753624042680798, 54.634531031032978 ], [ -127.726864050463433, 54.635491971527628 ], [ -127.621426975456856, 54.654782951295587 ], [ -127.606286924536377, 54.659566984507656 ], [ -127.570846907601222, 54.693849970975243 ], [ -127.56337703861476, 54.693142938204957 ], [ -127.557086883248772, 54.689350021196283 ], [ -127.549552047967182, 54.690498978529803 ], [ -127.544827036951162, 54.702835062158265 ], [ -127.551725074884558, 54.719645950200245 ], [ -127.562171943028247, 54.727204983743377 ], [ -127.596023005606909, 54.739994010133508 ], [ -127.612872049950397, 54.748860948404904 ], [ -127.634670905378016, 54.770174058371715 ], [ -127.638669944171241, 54.778892990564195 ], [ -127.626599950518468, 54.81840904798554 ], [ -127.626264101210126, 54.828317954680664 ], [ -127.634562899459993, 54.83708603418787 ], [ -127.634185949099489, 54.848233958511102 ], [ -127.615072064446281, 54.872800030240711 ], [ -127.641019909386344, 54.868755975472126 ], [ -127.662519885387141, 54.868995028662482 ], [ -127.704287030523048, 54.874404024381093 ], [ -127.735699973079235, 54.867300060735339 ], [ -127.749923983895428, 54.859392985778591 ], [ -127.791137926775249, 54.847419942587067 ], [ -127.810623935301251, 54.842655955964261 ], [ -127.831038091172601, 54.842853943961352 ], [ -127.848157074969365, 54.845496015864065 ], [ -127.88745204482224, 54.862590057533708 ], [ -127.915578033585788, 54.896299076525793 ], [ -127.928306966977317, 54.903227056310236 ], [ -127.947610982244569, 54.905873987243154 ], [ -127.979926011018122, 54.904910048144899 ], [ -127.995959955867193, 54.909380015733461 ], [ -128.024673013240033, 54.923863013168273 ], [ -128.056769065814166, 54.932790052213882 ], [ -128.091354055842629, 54.927477985756546 ], [ -128.098835959862328, 54.930011968796656 ], [ -128.100837898128475, 54.936841048809022 ], [ -128.11148399294396, 54.942495033915108 ], [ -128.126523997700161, 54.944463011527368 ], [ -128.147043057043675, 54.942130049040721 ], [ -128.18558298753581, 54.954165004826564 ], [ -128.209263075019066, 54.955559989020941 ], [ -128.237312977493872, 54.953881046651979 ], [ -128.25252408827194, 54.94716103472603 ], [ -128.267808961706152, 54.936102981729967 ], [ -128.280822100266676, 54.931224056977712 ], [ -128.396355934486508, 54.911409007318454 ], [ -128.451277009292113, 54.909810964676055 ], [ -128.487841103331988, 54.912448981013029 ], [ -128.526475889607468, 54.922517955687702 ], [ -128.535032058112051, 54.927507030721173 ], [ -128.534946923912344, 54.934939997374507 ], [ -128.541366947111328, 54.938682053851103 ], [ -128.610446992440075, 54.924054947453349 ], [ -128.669699046801639, 54.920513003165532 ], [ -128.683670943580694, 54.923647974664327 ], [ -128.689022061508638, 54.927997991393845 ], [ -128.685746958008025, 54.933565011431654 ], [ -128.667351086862624, 54.944048037109631 ], [ -128.654279923736055, 54.960738027061026 ], [ -128.645592971007233, 54.968145998711023 ], [ -128.632613023560026, 54.97306400838437 ], [ -128.626064060925756, 54.981717035813325 ], [ -128.64102195745599, 54.997248974930145 ], [ -128.636595094129888, 55.009625948887425 ], [ -128.609456935840143, 55.026268006105333 ], [ -128.600721893883474, 55.036151025510478 ], [ -128.598457043781224, 55.046674939537354 ], [ -128.589677954817802, 55.060274936823809 ], [ -128.56455991462775, 55.084966982488929 ], [ -128.502585915665179, 55.113225950369994 ], [ -128.505740009978581, 55.120671931989818 ], [ -128.524067908637676, 55.126320962450443 ], [ -128.542479021599263, 55.125151955796582 ], [ -128.605358988463422, 55.113601954858979 ], [ -128.662697087424107, 55.113773989927097 ], [ -128.683272088475547, 55.111351047441211 ], [ -128.696215936698223, 55.11633999756873 ], [ -128.703945594795044, 55.150382943487557 ], [ -128.710214120143121, 55.160855091693186 ], [ -128.720643945673487, 55.167951119479085 ], [ -128.765081077981819, 55.180918046372071 ], [ -128.783421189942231, 55.191500666252445 ], [ -128.816984119962967, 55.20578502235746 ], [ -128.832164930261115, 55.205807044361748 ], [ -128.841585083236396, 55.200937226615686 ], [ -128.847766521503786, 55.197098477112817 ], [ -128.849963176795654, 55.188493346111436 ], [ -128.847853662869824, 55.185120603887235 ], [ -128.826974309011831, 55.175571744560557 ], [ -128.800950077112617, 55.159300031198434 ], [ -128.790485036975269, 55.148802022643956 ], [ -128.796793971116045, 55.146239008959235 ], [ -128.791364071511708, 55.128309960447929 ], [ -128.794648945180541, 55.120882058099816 ], [ -128.807670005680933, 55.113469030957077 ], [ -128.816328130241175, 55.112863046340408 ], [ -128.826083969089666, 55.108541945839889 ], [ -128.840275055377845, 55.075729058184884 ], [ -128.85220906739454, 55.063972995919379 ], [ -128.856539091355671, 55.061500967649906 ], [ -128.87929900477144, 55.074490050197618 ], [ -128.888849596872149, 55.072161589337128 ], [ -128.901295416893248, 55.062081147930009 ], [ -128.920339073453164, 55.03492202382094 ], [ -128.942710036292482, 55.02417955345831 ], [ -128.954915084656335, 55.013877039396384 ], [ -128.99592512425869, 54.999637023981656 ], [ -129.013186011793977, 55.000875021185649 ], [ -129.031538064339884, 55.015739959498589 ], [ -129.036942003492982, 55.025030019825195 ], [ -129.052064949828235, 55.032459025006965 ], [ -129.070423967085077, 55.034926937485565 ], [ -129.088772054692157, 55.031818058488177 ], [ -129.143826078794035, 55.029286967100468 ], [ -129.20100094151897, 55.020533978617181 ], [ -129.210689093644248, 55.015560961219229 ], [ -129.219278011352287, 55.007492963000445 ], [ -129.222446925851727, 54.995096959379715 ], [ -129.219132881537973, 54.980855005209435 ], [ -129.209344980513947, 54.964765944390237 ], [ -129.160660960199607, 54.919616981169234 ], [ -129.16063407876058, 54.912801947763377 ], [ -129.171349036341411, 54.901016989816092 ], [ -129.17561002310552, 54.891099074554177 ], [ -129.184188957244345, 54.884892050648425 ], [ -129.200312926576601, 54.882387949398264 ], [ -129.228279099979744, 54.882339061139206 ], [ -129.285333053574817, 54.888412933779875 ], [ -129.302583074139392, 54.893327022069144 ], [ -129.317708891216256, 54.901342012393485 ], [ -129.335077065059551, 54.919260983820678 ], [ -129.356696946052153, 54.929111073994875 ], [ -129.374998082318342, 54.928436981213174 ], [ -129.398781064949759, 54.937654069487508 ], [ -129.435690131179399, 54.964165053137158 ], [ -129.453025877671166, 54.972155980051873 ], [ -129.474601121005946, 54.973311976668974 ], [ -129.528356950695837, 54.9619400139158 ], [ -129.557489892616928, 54.964288044761631 ], [ -129.570537898350011, 54.972279985753673 ], [ -129.580481036546814, 54.988960051055741 ], [ -129.593586937966336, 55.000048063227254 ], [ -129.612058067218612, 55.008628964208313 ], [ -129.633685902240273, 55.011615968423776 ], [ -129.651999901866162, 55.009661033397087 ], [ -129.674543932921438, 55.002722975448641 ], [ -129.690757945044368, 55.004491013562742 ], [ -129.738807935686765, 55.035803037368531 ], [ -129.743539939494099, 55.058075979275927 ], [ -129.737331064511665, 55.072982015465037 ], [ -129.714978908995676, 55.092320030093497 ], [ -129.676452912644095, 55.116079942203257 ], [ -129.650650061408754, 55.12613293588096 ], [ -129.631337066334936, 55.136765073688061 ], [ -129.62068605020761, 55.147970936891397 ], [ -129.617581070271996, 55.157278970269509 ], [ -129.605790987414565, 55.165390923510479 ], [ -129.579837967608711, 55.168615004490306 ], [ -129.566899998869019, 55.173012070259254 ], [ -129.484053950123069, 55.221069009055618 ], [ -129.472247085872766, 55.231646054301152 ], [ -129.448697001712247, 55.260229950981135 ], [ -129.457675011425039, 55.285595039786301 ], [ -129.455666058602475, 55.299850041280827 ], [ -129.431049879135315, 55.33524898938051 ], [ -129.430102991652433, 55.348260069154513 ], [ -129.439054938800183, 55.370528990922871 ], [ -129.434775064258417, 55.377358013026118 ], [ -129.425093105031976, 55.388542949003288 ], [ -129.376343944872929, 55.417196964635266 ], [ -129.339386069641307, 55.429694025620613 ], [ -129.331829926663602, 55.439006017154831 ], [ -129.334096004705742, 55.448910983107886 ], [ -129.338539050260607, 55.458190975783452 ], [ -129.347324074829913, 55.464360948850015 ], [ -129.398863929084513, 55.488361999558776 ], [ -129.428430941062061, 55.495695039939164 ], [ -129.518176002411622, 55.508975938186481 ], [ -129.577468058473897, 55.528532954046298 ], [ -129.615855039467277, 55.536398951244863 ], [ -129.637842920061615, 55.54371995720328 ], [ -129.635895008937325, 55.558597067735249 ], [ -129.574125091359235, 55.59916499637017 ], [ -129.58090594539658, 55.613380042348766 ], [ -129.614090976135344, 55.633660002164383 ], [ -129.616497082125733, 55.647274927427837 ], [ -129.575394026644091, 55.685880016770824 ], [ -129.570105003221499, 55.699532037547762 ], [ -129.572417958503024, 55.707574013973435 ], [ -129.591207901471648, 55.715536957910857 ], [ -129.622100966607462, 55.724055987406402 ], [ -129.643167983239692, 55.735717044778063 ], [ -129.647738063310925, 55.746223046912597 ], [ -129.684836878252781, 55.793097981300164 ], [ -129.772210923503906, 55.870008055328931 ], [ -129.867374008026161, 55.933793957334089 ], [ -129.880739926637375, 55.938654935915885 ], [ -129.920667972512661, 55.94517700377174 ], [ -129.934134080534164, 55.953747058979836 ], [ -129.955266091666346, 55.959160019905383 ], [ -129.970598978866349, 55.953465016124738 ], [ -129.997118928870492, 55.953252981876986 ], [ -130.035496064960739, 55.941787029286495 ], [ -130.040207963823349, 55.934406042140658 ], [ -130.027993927711691, 55.928468036614433 ], [ -130.032295985624643, 55.912916043531844 ], [ -130.025657932002332, 55.893434034814675 ], [ -130.049112048215051, 55.876330010804196 ], [ -130.069606869614262, 55.843071937650606 ], [ -130.083675101072799, 55.833479986653693 ], [ -130.08353805802696, 55.82943605619203 ], [ -130.100131994696369, 55.823859037753245 ], [ -130.111789912770604, 55.81428904444568 ], [ -130.126258896696527, 55.816823012592366 ], [ -130.142818011498775, 55.810566060822353 ], [ -130.170403086813479, 55.777884004262063 ], [ -130.179101993998415, 55.753508985565624 ], [ -130.16687501530842, 55.746235943987458 ], [ -130.161539887591488, 55.730791024214945 ], [ -130.171670047696665, 55.713142052839046 ], [ -130.150928901849881, 55.701247025864461 ], [ -130.133570936363213, 55.683241963773533 ], [ -130.122529014173523, 55.640215987471812 ], [ -130.143500872963102, 55.625817021746926 ], [ -130.138496922988281, 55.61913199000815 ], [ -130.152018044323228, 55.596725987768359 ], [ -130.142759951467497, 55.570536988469804 ], [ -130.139604056290693, 55.548322976155639 ], [ -130.127239941531315, 55.534979058772649 ], [ -130.128242951130119, 55.529574036002352 ], [ -130.119779134157199, 55.525624071103458 ], [ -130.114101986828928, 55.498717985972334 ], [ -130.104093049866322, 55.48399701739114 ], [ -130.07480206199412, 55.460722998689704 ], [ -130.069696905528104, 55.449990960681035 ], [ -130.062398948303979, 55.444676970316898 ], [ -130.05437904351939, 55.417118997272595 ], [ -130.058748983950125, 55.405609016362718 ], [ -130.041862058063089, 55.35994104012326 ], [ -130.042894054297761, 55.355209995121385 ], [ -130.04868386936073, 55.35110306294137 ], [ -130.044590063655448, 55.334289976220305 ], [ -130.021209942709106, 55.306220036659731 ], [ -130.004316884949816, 55.29560895526388 ], [ -129.999253915851625, 55.284872935102257 ], [ -130.002652969213273, 55.280117966649748 ], [ -130.000164039573264, 55.276097979028492 ], [ -130.015337078395305, 55.269871037452482 ], [ -130.037355913415297, 55.256151937616899 ], [ -130.050921972719578, 55.237126051834977 ], [ -130.086917023397802, 55.218526030051628 ], [ -130.094041904564392, 55.219794977766639 ], [ -130.10418302009964, 55.240584013317012 ], [ -130.107769983880644, 55.241892008944461 ], [ -130.110085980001912, 55.240518053961004 ], [ -130.103076063358316, 55.207556976807901 ], [ -130.117955102783043, 55.193903042102711 ], [ -130.135344085990937, 55.184938015201062 ], [ -130.145234032013065, 55.163919976022918 ], [ -130.149830033065086, 55.160494970280361 ], [ -130.159256050524107, 55.160385055112421 ], [ -130.174328099955432, 55.119749049563708 ], [ -130.184730898034218, 55.114230966592608 ], [ -130.18694108431535, 55.110158979165512 ], [ -130.19974099761555, 55.10595893731093 ], [ -130.208182996327196, 55.078885020958779 ], [ -130.217541079570054, 55.07742197922434 ], [ -130.232646986777581, 55.040149043444025 ], [ -130.249644968195042, 55.023079953812491 ], [ -130.266854938503457, 55.01207497796689 ], [ -130.268825083910826, 55.001934976238566 ], [ -130.303787025609836, 54.964399054142369 ], [ -130.31741491508771, 54.95275804426236 ], [ -130.346057079003231, 54.935521996175687 ], [ -130.368442920618946, 54.908923034625552 ], [ -130.381241132372679, 54.906726069583549 ], [ -130.416733963664001, 54.886682036010768 ], [ -130.425679100579487, 54.876442008255005 ], [ -130.4418330304986, 54.870821034239135 ], [ -130.484874024874443, 54.837162035928486 ], [ -130.497555933458614, 54.832931018575351 ], [ -130.516194126293669, 54.831309998414845 ], [ -130.527467932609966, 54.821702069145211 ], [ -130.526123918267075, 54.817675026992802 ], [ -130.53178795921005, 54.813544943057828 ], [ -130.567904062682942, 54.810979970208493 ], [ -130.572183961286356, 54.802148002098008 ], [ -130.569579022759285, 54.796118041858669 ], [ -130.573021102154883, 54.79471693698428 ], [ -130.578978939694196, 54.797323963682821 ], [ -130.585984060582518, 54.797216963658428 ], [ -130.592806046321897, 54.793066010426479 ], [ -130.639465946869876, 54.791666046521797 ], [ -130.669810068856094, 54.766230991169714 ], [ -130.668328046744421, 54.759511016966513 ], [ -130.661234992168772, 54.757600942210495 ], [ -130.652475931522019, 54.744925995007783 ], [ -130.640425990619065, 54.711395979504147 ], [ -131.359052947475902, 54.699952031762315 ], [ -131.349585960340818, 54.016820932703624 ], [ -131.198907942288827, 53.476965029917729 ], [ -130.655674064146609, 52.8393900281987 ], [ -129.920202072453833, 52.20255797046844 ], [ -129.632841020139949, 52.012428961528407 ], [ -129.44445102700243, 52.019541048849753 ], [ -129.349057918842107, 52.026006974766894 ], [ -129.254579009830508, 52.0378040537245 ], [ -129.168684038878069, 52.053676023619488 ], [ -129.129137980386673, 52.057245955814118 ], [ -129.057335937302952, 52.075233961551191 ], [ -129.020910993312611, 52.082855054959907 ], [ -128.995641085039352, 52.084542925282548 ], [ -128.956959086882392, 52.093465032257434 ], [ -128.875959094134544, 52.119313014052167 ], [ -128.765539934720181, 52.164900942342776 ], [ -128.660784924142291, 52.201034009347403 ], [ -128.597663017072961, 52.237104947204024 ], [ -128.52624609302427, 52.259504994878739 ], [ -128.502903922180707, 52.264496952923203 ], [ -128.45768206684636, 52.266394991528749 ], [ -128.373282914309954, 52.258782033619823 ], [ -128.347155017278538, 52.252894975494399 ], [ -128.314135103369438, 52.252943030418479 ], [ -128.293168006147965, 52.258207044862516 ], [ -128.290614907588036, 52.27436504319558 ], [ -128.284719937158826, 52.284172997778903 ], [ -128.260220943920899, 52.307930054501142 ], [ -128.256586955863355, 52.319157950986899 ], [ -128.248404986524662, 52.32754400792188 ], [ -128.2462399005191, 52.387298959942299 ], [ -128.242523975512512, 52.402745016802662 ], [ -128.235545938426043, 52.406918970143437 ], [ -128.220585907146045, 52.406821032049535 ], [ -128.197697049327616, 52.399637061880362 ], [ -128.188349021158643, 52.407307978554172 ], [ -128.182399990647156, 52.417813981630893 ], [ -128.186733016649555, 52.432610010463193 ], [ -128.20924694759222, 52.461591980399753 ], [ -128.205675907418453, 52.467897002788455 ], [ -128.187043104237461, 52.478316970801572 ], [ -128.194778000229888, 52.496652053783386 ], [ -128.209404042594144, 52.517141974781424 ], [ -128.206956988220441, 52.52485994179419 ], [ -128.196457046612124, 52.531118014525816 ], [ -128.1650969736761, 52.541448028345599 ], [ -128.165811042676893, 52.564655945539165 ], [ -128.176504947915191, 52.610435008153182 ], [ -128.159041024702162, 52.616640994289995 ], [ -128.142797961449389, 52.619336985407919 ], [ -128.120587963060927, 52.63112803644831 ], [ -128.126063023775856, 52.646636979580784 ], [ -128.137508992166261, 52.653048988593071 ], [ -128.143006976742782, 52.667855037737539 ], [ -128.130161029762661, 52.67338599191644 ], [ -128.097727993232098, 52.673847059814818 ], [ -128.084932960322249, 52.676561060850631 ], [ -128.070829962566364, 52.686296014037971 ], [ -128.055410997747856, 52.703049031887716 ], [ -128.030785110287781, 52.716209930175694 ], [ -127.999398980455084, 52.720168020606785 ], [ -127.989016004273452, 52.717970019160589 ], [ -127.977574959102498, 52.71154402934669 ], [ -127.961318938723437, 52.712808935470314 ], [ -127.941365089031748, 52.723178985635364 ], [ -127.927438965395467, 52.723757034045128 ], [ -127.924100031049633, 52.718102032046076 ], [ -127.924411038630552, 52.705448031983941 ], [ -127.926069942453239, 52.685071964670506 ], [ -127.93087406572927, 52.678083947006655 ], [ -127.928781921425028, 52.668924941807774 ], [ -127.918433059401991, 52.66601802724324 ], [ -127.903297035952988, 52.669394963247257 ], [ -127.878951063403321, 52.670573049248198 ], [ -127.852472978950601, 52.664695029397343 ], [ -127.821279085546777, 52.662278952174397 ], [ -127.810785896493016, 52.664987059352605 ], [ -127.807218037284812, 52.668467041915243 ], [ -127.802106986086827, 52.685994016419976 ], [ -127.803269064112484, 52.728194063549495 ], [ -127.785452960578269, 52.743481994230223 ], [ -127.757123887692899, 52.760768008941305 ], [ -127.760438116034308, 52.765782829735066 ], [ -127.76854490205811, 52.767215038420964 ], [ -127.790042971556787, 52.787124057880867 ], [ -127.796314051969219, 52.794898867460603 ], [ -127.798061082876558, 52.809593037229661 ], [ -127.819040030795335, 52.831009985622778 ], [ -127.791869002515057, 52.846909033759239 ], [ -127.783457934792423, 52.856666982672508 ], [ -127.777269974880241, 52.869963047693318 ], [ -127.787205951054588, 52.889049080201332 ], [ -127.849982969789508, 52.909888973748529 ], [ -127.900494864789621, 52.918979935692363 ], [ -127.939872848278313, 52.931882858989354 ], [ -127.946996915793349, 52.93694916991948 ], [ -127.950546217326234, 52.952864224956549 ], [ -127.955797988739008, 52.960725063444585 ], [ -127.969348271304924, 52.969063940363171 ], [ -127.970912651998546, 52.984948674178341 ], [ -127.967546961438984, 52.994379528950347 ], [ -127.970085806392092, 52.99954608234485 ], [ -127.992305019490644, 53.015580996270707 ], [ -127.998219445856421, 53.028781261611812 ], [ -128.003549594547621, 53.032161464977321 ], [ -128.024715980667054, 53.039591054506097 ], [ -128.036919427514249, 53.037859733553411 ] ] ] } },
{ "type": "Feature", "properties": { "NAME": "Laich-Kwil-Tach Council of Chiefs", "SCALE": "n/a" }, "geometry": { "type": "Polygon", "coordinates": [ [ [ -124.65192934482269, 49.308597817800845 ], [ -124.628911200109513, 49.308832727376554 ], [ -124.614811027573012, 49.312125055697926 ], [ -124.603208333609984, 49.318903097456392 ], [ -124.597309828066571, 49.326226292686854 ], [ -124.596510034383812, 49.332264452573519 ], [ -124.599309586612577, 49.335113202939596 ], [ -124.595311135648643, 49.343125095946853 ], [ -124.555309871155188, 49.349562438795871 ], [ -124.546710472003127, 49.35556541440431 ], [ -124.542308404274962, 49.364305051189476 ], [ -124.518404290290874, 49.46902706195489 ], [ -124.515010930905362, 49.506532805112101 ], [ -124.502505936193245, 49.538930467429878 ], [ -124.502811408000682, 49.544676700364413 ], [ -124.508206326826468, 49.552387499907574 ], [ -124.524007654898753, 49.562367456596661 ], [ -124.614317185250016, 49.614507192470086 ], [ -124.631118352291267, 49.620896468137232 ], [ -124.687600085148702, 49.656486172735761 ], [ -124.776006332523238, 49.74653249808577 ], [ -124.847407815484516, 49.808529964280716 ], [ -124.923968148618542, 49.902362425572449 ], [ -124.972924350683243, 49.950270562460773 ], [ -125.022411188984535, 50.008537924171485 ], [ -125.031487250100568, 50.017963490498865 ], [ -125.06727314454703, 50.042899674550888 ], [ -125.084150207721621, 50.060169205430341 ], [ -125.093525542931062, 50.075980036618951 ], [ -125.089087322367192, 50.088045893120189 ], [ -125.077423284577733, 50.10543101844177 ], [ -124.991349772625057, 50.156469694038783 ], [ -124.984291782596245, 50.166174730469017 ], [ -124.983808993309211, 50.184559003508575 ], [ -124.998086204118962, 50.198692354302821 ], [ -125.003560748659638, 50.210583702449938 ], [ -124.981016347281539, 50.237333924406414 ], [ -124.910865817766989, 50.289634123324959 ], [ -124.89127670588627, 50.298742090067066 ], [ -124.877566686338952, 50.298964428422025 ], [ -124.849897632786892, 50.293017591557174 ], [ -124.818588648027344, 50.289518001531 ], [ -124.796189020176186, 50.290662263110214 ], [ -124.756819728516575, 50.297614478149306 ], [ -124.752931710839249, 50.304319790335576 ], [ -124.738197375533076, 50.309577648659392 ], [ -124.728275880925963, 50.329158179320423 ], [ -124.697559939875504, 50.343178398736306 ], [ -124.679595349684135, 50.367125485056555 ], [ -124.671871574170069, 50.371896048604974 ], [ -124.673924146655224, 50.378463641278202 ], [ -124.670706163221055, 50.390553202638742 ], [ -124.655841301084607, 50.399692206638655 ], [ -124.641972001881385, 50.402609766222781 ], [ -124.605435249926103, 50.400007545986007 ], [ -124.558074916758429, 50.400651958918552 ], [ -124.545831693086754, 50.397708075002853 ], [ -124.526463497939019, 50.399906482816334 ], [ -124.513452971368494, 50.410945474934209 ], [ -124.470180373188242, 50.426254886764305 ], [ -124.421938394327583, 50.438893031899276 ], [ -124.409325377401643, 50.444091969755888 ], [ -124.399875852766897, 50.453523881706957 ], [ -124.389576575473072, 50.454811779103245 ], [ -124.342335998615766, 50.494255689087886 ], [ -124.318438778638722, 50.503634706504975 ], [ -124.305537864979598, 50.507189165616104 ], [ -124.283236022547939, 50.509397508415475 ], [ -124.227135271302288, 50.504889598135883 ], [ -124.20593305693744, 50.507435924420527 ], [ -124.197631860550047, 50.51042697623695 ], [ -124.15223637673553, 50.535531603827287 ], [ -124.138137576255829, 50.551840886077414 ], [ -124.074735478880285, 50.567471736385855 ], [ -124.040124289381083, 50.587652180530291 ], [ -124.008219905492169, 50.6284661650364 ], [ -123.985226994454464, 50.644567166562922 ], [ -123.954723708476749, 50.67466519481593 ], [ -123.935421139118461, 50.677627869119199 ], [ -123.910120998721496, 50.675899155491422 ], [ -123.886819165674098, 50.6732010772348 ], [ -123.873916439734728, 50.66882864986836 ], [ -123.846519684014851, 50.67448994602023 ], [ -123.837723869284048, 50.679198555413556 ], [ -123.825825235918117, 50.688847257586296 ], [ -123.82232553716878, 50.699034647505599 ], [ -123.833136079838042, 50.718675256592185 ], [ -123.85794048454224, 50.73807343581759 ], [ -123.839860346379496, 50.766506154710456 ], [ -123.827963564748771, 50.776159625764194 ], [ -123.814568605375356, 50.781236247182413 ], [ -123.803772063794611, 50.789580427953815 ], [ -123.806483579891477, 50.80264171613814 ], [ -123.81169262535532, 50.809552626298085 ], [ -123.829595819493719, 50.812570048556502 ], [ -123.83259959261494, 50.819194419931002 ], [ -123.825299587834493, 50.822991812182735 ], [ -123.798704130198573, 50.824718845959161 ], [ -123.781905831823678, 50.828771615320328 ], [ -123.736701424630454, 50.846183994446712 ], [ -123.706502285001037, 50.851833685262037 ], [ -123.678300988899551, 50.860863382354971 ], [ -123.685399540369616, 50.872625242517159 ], [ -123.698698305216439, 50.873185007064322 ], [ -123.706199232012551, 50.876453368208544 ], [ -123.714601328056617, 50.88730180090424 ], [ -123.719605171224458, 50.889263086237385 ], [ -123.72940208491373, 50.882165426244093 ], [ -123.746204451944038, 50.880683389869176 ], [ -123.758106902924155, 50.882539992921906 ], [ -123.769605637005213, 50.879852069490937 ], [ -123.778005809187349, 50.888874771731267 ], [ -123.772207845185264, 50.893872695856921 ], [ -123.774107049507464, 50.897641960301087 ], [ -123.781707084017043, 50.900572268380273 ], [ -123.810012772244463, 50.903117665529237 ], [ -123.838311407956212, 50.897117543101913 ], [ -123.844416287633578, 50.902424240057726 ], [ -123.846315927387465, 50.907055201860445 ], [ -123.843813470225257, 50.913768499765766 ], [ -123.850918183831624, 50.922107023904623 ], [ -123.860813253188965, 50.929494212772269 ], [ -123.875812839279689, 50.929715720720075 ], [ -123.887815501900604, 50.940177951325239 ], [ -123.912016133784007, 50.934905757107991 ], [ -123.928214793511231, 50.935803404055328 ], [ -123.930114352453472, 50.932051735079114 ], [ -123.935416954539619, 50.930012931102944 ], [ -123.950920550321712, 50.928875975822621 ], [ -123.983215186569183, 50.948802340259412 ], [ -124.001291390278169, 50.953172121441533 ], [ -124.015736752644301, 50.949247687007102 ], [ -124.028834639910542, 50.936093622030285 ], [ -124.063836000599409, 50.930141074041927 ], [ -124.077814876665983, 50.931779999934434 ], [ -124.08461118634763, 50.936299175192879 ], [ -124.082732606666568, 50.951469595175126 ], [ -124.097222201685099, 50.973506121780609 ], [ -124.092620831120101, 50.985001959538621 ], [ -124.095537659693022, 50.990999722065219 ], [ -124.083748242183319, 51.008029821272636 ], [ -124.087198661702629, 51.012907739246444 ], [ -124.097289743998559, 51.01632052461342 ], [ -124.124017464015367, 51.012028110055923 ], [ -124.189234618343022, 50.994638927243436 ], [ -124.218910187146633, 50.985514710136691 ], [ -124.229687685697755, 50.979778279929477 ], [ -124.251585963091486, 50.9745811354938 ], [ -124.280050472057312, 50.968763359288104 ], [ -124.331058669209753, 50.964348318461226 ], [ -124.362440445806541, 50.968096981536888 ], [ -124.44218437225426, 51.002859100898327 ], [ -124.502757299770465, 51.014755997293648 ], [ -124.567355284237223, 51.023963623152753 ], [ -124.605417117463915, 51.032316875324639 ], [ -124.62857835806723, 51.0421982924844 ], [ -124.6562651320409, 51.058034317757219 ], [ -124.754961070483489, 51.138887460116145 ], [ -124.807035342721434, 51.17044958034689 ], [ -124.812760156747402, 51.176414446330483 ], [ -124.813759378788063, 51.183067469008094 ], [ -124.887404107113355, 51.203744121796817 ], [ -124.920031341452585, 51.218083062897811 ], [ -124.961818620705245, 51.243124389838968 ], [ -125.01555052324855, 51.266924032098288 ], [ -125.120071960757642, 51.289185361543311 ], [ -125.14879906540537, 51.300862455792434 ], [ -125.196022649484348, 51.325866165431144 ], [ -125.220741402864292, 51.334934821579985 ], [ -125.285458998400614, 51.350118711334886 ], [ -125.311232009029652, 51.364297426233414 ], [ -125.33106918188362, 51.391062588009831 ], [ -125.336600565002371, 51.40650489705169 ], [ -125.322713756426396, 51.437059264747809 ], [ -125.296466401192149, 51.458128673188256 ], [ -125.289278507127676, 51.479997479177115 ], [ -125.298393707590904, 51.502924452048156 ], [ -125.314589331973949, 51.528843878507246 ], [ -125.332595989086329, 51.593130772570539 ], [ -125.331717130476164, 51.610524108804043 ], [ -125.317699261341701, 51.634351775556404 ], [ -125.31264277717267, 51.6535001550494 ], [ -125.312226697157527, 51.680052230654162 ], [ -125.33149779844679, 51.717923190532254 ], [ -125.335194639051309, 51.735507926334442 ], [ -125.365680241829793, 51.770346468614342 ], [ -125.386902356220375, 51.788163108311075 ], [ -125.400969135657803, 51.806675771988871 ], [ -125.420784713041456, 51.842915597252087 ], [ -125.425360105695646, 51.858425940663068 ], [ -125.435964470296256, 51.870278268600089 ], [ -125.43943742024959, 51.879144976656427 ], [ -125.483113233486549, 51.927284365032449 ], [ -125.485333335691053, 51.94204296369476 ], [ -125.482693340038537, 51.962678894351669 ], [ -125.476544051771441, 51.978010960679399 ], [ -125.478560851218532, 52.007641633318045 ], [ -125.452931101557368, 52.019208174595185 ], [ -125.462948932231242, 52.017250708105564 ], [ -125.515931501818912, 51.995572374946654 ], [ -125.516855181640338, 51.965326885655692 ], [ -125.52429025378693, 51.958314476904775 ], [ -125.538005725763909, 51.93545132114221 ], [ -125.554340985850743, 51.92462076032583 ], [ -125.580488038474726, 51.913168578551847 ], [ -125.587182844767383, 51.904963236251113 ], [ -125.607934384093852, 51.903295484095281 ], [ -125.639142473101032, 51.912384306092321 ], [ -125.668293846147662, 51.937393719929773 ], [ -125.681600218376488, 51.954201076983892 ], [ -125.688781355767446, 51.97136306393341 ], [ -125.720689439025719, 52.011963321040042 ], [ -125.807978877061828, 52.039736000179374 ], [ -125.830239666843994, 52.040408394570207 ], [ -125.845720462773414, 52.037210951934526 ], [ -125.862847646868005, 52.029142506141483 ], [ -125.879057399253909, 52.017059606400281 ], [ -125.893744076392167, 52.011861136674597 ], [ -125.905117058612674, 51.975718383027655 ], [ -125.935449152868628, 51.953843279288776 ], [ -125.940414105671607, 51.935659522992644 ], [ -125.938986192418412, 51.913826926725896 ], [ -125.922406356846224, 51.8952266928017 ], [ -125.91767663741814, 51.869675413220477 ], [ -125.919882818629375, 51.85631427603559 ], [ -125.938880861953749, 51.841576411953113 ], [ -125.959346100679042, 51.81344225222167 ], [ -125.963379094987147, 51.802259913909666 ], [ -125.958255930527272, 51.769520057477735 ], [ -125.962357649099587, 51.759446553632237 ], [ -125.970312734637361, 51.753705369602919 ], [ -125.997621568778371, 51.743778804429063 ], [ -126.005989350401137, 51.735438602228669 ], [ -126.013714888460626, 51.717513178824966 ], [ -126.009440517832743, 51.706910480842929 ], [ -126.001853579745983, 51.700089175024324 ], [ -125.969863284096604, 51.683543971070009 ], [ -125.967347507808938, 51.663294132112682 ], [ -125.953559975958143, 51.652192149086787 ], [ -125.934045161520132, 51.644186667420456 ], [ -125.873350865505031, 51.631666764473501 ], [ -125.830474033093779, 51.605146579182211 ], [ -125.782320347750812, 51.566370098978091 ], [ -125.76214817383584, 51.535475559465446 ], [ -125.759945325965106, 51.527342865927565 ], [ -125.764149423468268, 51.491978007513083 ], [ -125.786959075379144, 51.453163575682154 ], [ -125.78067286335525, 51.428218865093434 ], [ -125.766611964674695, 51.412110735824214 ], [ -125.741925231080756, 51.405747468503186 ], [ -125.718290071450298, 51.406941686353512 ], [ -125.699750937469403, 51.416513170110264 ], [ -125.681421881358716, 51.41693387689665 ], [ -125.667645347510017, 51.413848865450547 ], [ -125.651706573638563, 51.408679381741891 ], [ -125.621153891483502, 51.389454232144473 ], [ -125.601866381299772, 51.370871430542273 ], [ -125.599114033601296, 51.349108697291577 ], [ -125.602117639078955, 51.329093160709256 ], [ -125.596388466744145, 51.300205505493317 ], [ -125.589810328804788, 51.291847553174875 ], [ -125.576830444307106, 51.278098906544905 ], [ -125.562767609955102, 51.269053922562598 ], [ -125.507998227168855, 51.246424897384067 ], [ -125.478448730114266, 51.226220214502199 ], [ -125.473791348332753, 51.215260651569231 ], [ -125.474566880777644, 51.20460895718859 ], [ -125.487577588355734, 51.18264797090989 ], [ -125.493870421003834, 51.161670184560862 ], [ -125.492278614290967, 51.132365487275138 ], [ -125.487048399809581, 51.123118767163504 ], [ -125.482456514112741, 51.100677225824285 ], [ -125.474350064464659, 51.088090811293796 ], [ -125.456676351039135, 51.073155897798976 ], [ -125.378334550476879, 51.036502720051978 ], [ -125.366185804926701, 51.023145882380042 ], [ -125.365640536766463, 51.012526123275741 ], [ -125.38427091138314, 50.994707288109758 ], [ -125.412248421127416, 50.979247267554335 ], [ -125.424502280138555, 50.968789540141032 ], [ -125.429567102132495, 50.936790946330845 ], [ -125.455204946784818, 50.908934089336412 ], [ -125.466205641563903, 50.902131953073614 ], [ -125.499355972094051, 50.895341645748495 ], [ -125.505056810378889, 50.888833479208387 ], [ -125.509254771866452, 50.879388975790349 ], [ -125.50314011917547, 50.853148794425799 ], [ -125.506107855033591, 50.845857992778249 ], [ -125.515873906145387, 50.840120654227036 ], [ -125.549253832811118, 50.83641823961343 ], [ -125.562226508624306, 50.828052550740068 ], [ -125.561760978112844, 50.819558279275441 ], [ -125.546431594127938, 50.809262259971106 ], [ -125.51546410540557, 50.795048712311107 ], [ -125.512214762914752, 50.784487191881169 ], [ -125.518084720842879, 50.78138358820123 ], [ -125.551700495682908, 50.782779706115129 ], [ -125.565677456164067, 50.780772963743011 ], [ -125.574200493352322, 50.777180444321701 ], [ -125.57653073712244, 50.770752091463947 ], [ -125.567501434013394, 50.740207088414159 ], [ -125.580494946080307, 50.720208048433875 ], [ -125.578774936549422, 50.710573460886444 ], [ -125.652848418475159, 50.715723197658249 ], [ -125.667555980453912, 50.710873070956673 ], [ -125.684631695780212, 50.698195465718776 ], [ -125.701659628093864, 50.691389083581029 ], [ -125.739499536225807, 50.687567930317826 ], [ -125.747252333571623, 50.68122205960767 ], [ -125.77973371244741, 50.666115546222095 ], [ -125.834530803439577, 50.657888729147913 ], [ -125.860010884179033, 50.648133256284012 ], [ -125.871608857975957, 50.636887425153098 ], [ -125.924022851414335, 50.638893801699425 ], [ -125.995331403969615, 50.625946699311925 ], [ -126.017291930881967, 50.61884694097386 ], [ -126.061973076228725, 50.610998632154541 ], [ -126.142419421930541, 50.591831930303911 ], [ -126.16665012156551, 50.584699475604069 ], [ -126.187780120451208, 50.574140166360223 ], [ -126.213104393870836, 50.557448922385902 ], [ -126.22073430668658, 50.544214992070842 ], [ -126.246453350427416, 50.534858310811728 ], [ -126.275510818994903, 50.531350226561976 ], [ -126.307092026177472, 50.524555552993661 ], [ -126.323701110671152, 50.513322106632693 ], [ -126.371016492221059, 50.500309809958139 ], [ -126.424542577210318, 50.497321098290911 ], [ -126.572983041369625, 50.503367064028474 ], [ -126.59398744894871, 50.498222940295648 ], [ -126.589318576505221, 50.481012708380462 ], [ -126.580971008403424, 50.475917149262685 ], [ -126.5793200835449, 50.468642647191537 ], [ -126.617881766098506, 50.458304817212898 ], [ -126.655105002815318, 50.441207417527401 ], [ -126.648528000749081, 50.436830132693309 ], [ -126.632963996965088, 50.401073466753928 ], [ -126.655949623350452, 50.387171803427321 ], [ -126.682665304116739, 50.378957518643851 ], [ -126.693099927550605, 50.370060129153778 ], [ -126.691299450038997, 50.358641529522806 ], [ -126.668788182289731, 50.347868771027635 ], [ -126.665840751268291, 50.340872331613753 ], [ -126.656460110242122, 50.338330596013805 ], [ -126.635777553142404, 50.340789018426896 ], [ -126.616819005866773, 50.320892547086075 ], [ -126.599101068143327, 50.301505276496428 ], [ -126.595868098045898, 50.293897610116716 ], [ -126.598031279543235, 50.286210170953773 ], [ -126.59407585106085, 50.264069952531159 ], [ -126.586856029383085, 50.246393688573079 ], [ -126.575326187562908, 50.245607241145244 ], [ -126.57003127066335, 50.248113647961375 ], [ -126.562464601464455, 50.269147093619608 ], [ -126.522051996201341, 50.297500515292299 ], [ -126.510795389335797, 50.299892554039765 ], [ -126.498195892094216, 50.296467503917398 ], [ -126.492790396645589, 50.291353849059547 ], [ -126.49683453725001, 50.265456563686094 ], [ -126.510114222385056, 50.247179203649601 ], [ -126.510445855380695, 50.239261098966352 ], [ -126.505484757534873, 50.22769287696709 ], [ -126.494448494841919, 50.220409755234137 ], [ -126.477334272836288, 50.216996593709759 ], [ -126.472933580715363, 50.231707535812781 ], [ -126.463633328435364, 50.240266897528286 ], [ -126.452639035677777, 50.24393682369579 ], [ -126.439518153256685, 50.240534021753064 ], [ -126.412423482742312, 50.218671573399746 ], [ -126.401725717203888, 50.216322458135942 ], [ -126.3696283607418, 50.22409178984109 ], [ -126.335324640517342, 50.226922393910407 ], [ -126.327506097232856, 50.225198844155571 ], [ -126.323729858470244, 50.214583428690148 ], [ -126.302527636020756, 50.211675290566447 ], [ -126.281973828921394, 50.218115110007517 ], [ -126.269362968557218, 50.227260311321764 ], [ -126.262981552740186, 50.227440283185267 ], [ -126.243915712757101, 50.218820876950787 ], [ -126.224115604237781, 50.216286688520583 ], [ -126.207453637417373, 50.209811977390515 ], [ -126.209968056588849, 50.192973632519156 ], [ -126.190388355319655, 50.166358146431698 ], [ -126.190538182075286, 50.154928920932477 ], [ -126.196220222542934, 50.151259442162321 ], [ -126.229776298557027, 50.148571012267453 ], [ -126.235335985752201, 50.143144674386143 ], [ -126.229208236969555, 50.126618033871502 ], [ -126.23369965091976, 50.11213899524148 ], [ -126.220647983748208, 50.080573995618984 ], [ -126.225114533494818, 50.079275513621603 ], [ -126.242063317722099, 50.080854279066465 ], [ -126.250361506371462, 50.075642545846755 ], [ -126.249414959245755, 50.061607299872676 ], [ -126.234072032444772, 50.05676462481749 ], [ -126.232637597130292, 50.042158505484913 ], [ -126.213560078458599, 50.028914957678765 ], [ -126.203855609105418, 50.006044692058595 ], [ -126.210276382057828, 49.998566566476036 ], [ -126.205030040898279, 49.993443447826998 ], [ -126.198795468456609, 49.99146686816318 ], [ -126.195688619019208, 49.984225996072723 ], [ -126.182562476660991, 49.994343384477929 ], [ -126.173735017169832, 49.993773319252988 ], [ -126.179017071521784, 49.999555855494918 ], [ -126.181147026226213, 50.014785470679001 ], [ -126.178390488829308, 50.020789300393744 ], [ -126.173624485154278, 50.02176731718874 ], [ -126.1584824936361, 50.017619291837157 ], [ -126.1375295513037, 50.023270337895639 ], [ -126.131766647869881, 50.030085190948924 ], [ -126.109136010088193, 50.028562011221311 ], [ -126.103917335132181, 50.032483379924741 ], [ -126.088815192452657, 50.029884438201115 ], [ -126.072622413547634, 50.014506245199826 ], [ -126.06418023816758, 50.013136549342427 ], [ -126.054055747029835, 50.01477317325061 ], [ -126.033169863113159, 50.011047118996039 ], [ -126.01611812738696, 50.001523389787224 ], [ -126.006166180980514, 50.002724058140309 ], [ -126.001379272584401, 50.005946719425587 ], [ -125.99687373373331, 50.003036603869461 ], [ -125.979031487599428, 50.001237684514976 ], [ -125.96201780726561, 50.005853066795844 ], [ -125.951715015633937, 50.000205283958117 ], [ -125.931526872696224, 50.00563825603421 ], [ -125.924631199132662, 50.010530678548449 ], [ -125.912144090104434, 50.007381520275345 ], [ -125.91355714713643, 49.999696957112995 ], [ -125.905446239703124, 49.996472801191601 ], [ -125.900725837052548, 49.991400781422691 ], [ -125.893380344514114, 49.976038967068483 ], [ -125.902112373948995, 49.972366499338406 ], [ -125.903190792638625, 49.967913627803789 ], [ -125.910696686690599, 49.964216313768055 ], [ -125.908836653162183, 49.957399090380825 ], [ -125.91645852790694, 49.951944804987235 ], [ -125.915566941779389, 49.946217926653055 ], [ -125.921108793920169, 49.939800681397003 ], [ -125.918317526882518, 49.937450246744788 ], [ -125.920062421340546, 49.92681764799768 ], [ -125.908488301177513, 49.915656987802024 ], [ -125.914706917274785, 49.906909296852 ], [ -125.913360307703456, 49.899970626717419 ], [ -125.91986448063291, 49.891782422844685 ], [ -125.916917257791511, 49.885015001659241 ], [ -125.919660184383531, 49.87737560511593 ], [ -125.926569788361817, 49.872217367471215 ], [ -125.9293306899649, 49.860403008755249 ], [ -125.927077764118536, 49.846385413331916 ], [ -125.93509930915441, 49.841027633371169 ], [ -125.918871409625865, 49.83581917209424 ], [ -125.906243570026348, 49.82389563498068 ], [ -125.918316968682845, 49.816485239810341 ], [ -125.911372303087532, 49.808617342924904 ], [ -125.918200205986139, 49.80553081335411 ], [ -125.914667455825096, 49.77325990130403 ], [ -125.902885203685869, 49.760124277451091 ], [ -125.89673221739281, 49.75795908369011 ], [ -125.887767322246575, 49.742871422828607 ], [ -125.883052882801209, 49.741356105664387 ], [ -125.865207946379655, 49.745334891065021 ], [ -125.856635164391477, 49.742550555671201 ], [ -125.849069465097486, 49.735377996735224 ], [ -125.847541953334755, 49.730787359548223 ], [ -125.839638625441978, 49.724985399831148 ], [ -125.833721273513476, 49.709877333324414 ], [ -125.812489621835795, 49.698682000234157 ], [ -125.805278061062921, 49.690139688926315 ], [ -125.809609963780375, 49.685127074979619 ], [ -125.810804079092975, 49.6766594705391 ], [ -125.802957419810056, 49.664317919773396 ], [ -125.785181804965717, 49.654473316349197 ], [ -125.777574211099406, 49.653567844087021 ], [ -125.767141715175796, 49.654631888727536 ], [ -125.750384238892508, 49.662664774876049 ], [ -125.736819777166971, 49.660264993283768 ], [ -125.730373388947072, 49.650058106823707 ], [ -125.73476986338197, 49.631156627813318 ], [ -125.732462066358082, 49.627396633070646 ], [ -125.721428420380335, 49.627436425389511 ], [ -125.70797568993332, 49.632056731883679 ], [ -125.699911619978707, 49.630338098960571 ], [ -125.697232920268064, 49.627404720838349 ], [ -125.701164444886231, 49.615051306506999 ], [ -125.712511389558045, 49.607975510702957 ], [ -125.72695294746363, 49.603816886980411 ], [ -125.729298290410938, 49.600765961328861 ], [ -125.728561057517226, 49.595061788866886 ], [ -125.719437886269077, 49.589280596151426 ], [ -125.720376434966681, 49.5835412227622 ], [ -125.74618397030325, 49.580475390108695 ], [ -125.751113658330667, 49.578725298136469 ], [ -125.75331807878392, 49.573225716416054 ], [ -125.752995462297235, 49.567511743866142 ], [ -125.737107140786847, 49.555487288008401 ], [ -125.733869329206101, 49.547611150166297 ], [ -125.733024324203058, 49.539997683038578 ], [ -125.743019533909859, 49.531587699078543 ], [ -125.738821970514337, 49.516429252099044 ], [ -125.734399718645832, 49.512175204244244 ], [ -125.682299173367355, 49.508218415963569 ], [ -125.663984459880439, 49.517638210342788 ], [ -125.645264114572711, 49.519700757664211 ], [ -125.637175797766346, 49.517164254867083 ], [ -125.636883083109126, 49.51171915288252 ], [ -125.641875886917475, 49.503427491465743 ], [ -125.636224049945199, 49.499472008333349 ], [ -125.629942414158293, 49.499340847531215 ], [ -125.616104729519336, 49.506550447572934 ], [ -125.600774136250109, 49.509347710053191 ], [ -125.587617357234066, 49.505828579579074 ], [ -125.57462827483937, 49.491252337688245 ], [ -125.553379056620997, 49.491062384634596 ], [ -125.540104624134372, 49.485088819266885 ], [ -125.531680706005417, 49.48391071655157 ], [ -125.508761844621191, 49.485498891699699 ], [ -125.50131283914908, 49.487023114297955 ], [ -125.486921328642126, 49.500139850309225 ], [ -125.482553140395098, 49.513035035661062 ], [ -125.485947507221411, 49.522232641175691 ], [ -125.440744077107965, 49.542627302064879 ], [ -125.448483482394266, 49.551446239717713 ], [ -125.446540899367776, 49.554483034425814 ], [ -125.440442640425658, 49.558151826500897 ], [ -125.429132371581474, 49.558120004477139 ], [ -125.404126363224805, 49.552102188547885 ], [ -125.393256781796211, 49.543885068804137 ], [ -125.387561717804104, 49.530108260972582 ], [ -125.390867646845166, 49.512057013520305 ], [ -125.388786347861483, 49.503652808884958 ], [ -125.374979097989595, 49.494950174241232 ], [ -125.371110193346382, 49.484130840137368 ], [ -125.363302201671104, 49.478294936783584 ], [ -125.340445402881386, 49.481211339832043 ], [ -125.330694726322363, 49.478412480654868 ], [ -125.324813541411331, 49.468995285423645 ], [ -125.314049899140059, 49.462401095805575 ], [ -125.304546578378407, 49.464772480768062 ], [ -125.298055690996094, 49.477977360247593 ], [ -125.292434965150008, 49.482991808207061 ], [ -125.255279004049129, 49.493536977777367 ], [ -125.21185333736598, 49.495190079869964 ], [ -125.174120504399639, 49.493184279669812 ], [ -125.135994332063049, 49.472368025130407 ], [ -125.128940440697789, 49.473586491042752 ], [ -125.125336070159605, 49.48250940175587 ], [ -125.12772964544348, 49.498360738586115 ], [ -125.125045808245886, 49.501468848047658 ], [ -125.086190364341576, 49.516259016860708 ], [ -125.059210015525721, 49.523169956864329 ], [ -125.055297590571485, 49.51956941685394 ], [ -125.06042158930029, 49.507230661039415 ], [ -125.057958361562001, 49.504521881550104 ], [ -125.023175524299134, 49.493189291134577 ], [ -125.013050107669898, 49.486938435695286 ], [ -125.003367759824556, 49.46843142515452 ], [ -124.967538753394479, 49.453430316546907 ], [ -124.94704247588443, 49.433878571280772 ], [ -124.929085968683893, 49.430815185419284 ], [ -124.920933725763888, 49.426358681479428 ], [ -124.920190414995602, 49.419327410416358 ], [ -124.926602354639414, 49.403302649356611 ], [ -124.914345805544755, 49.389734009012358 ], [ -124.903737763919736, 49.38225384358379 ], [ -124.873690490514633, 49.381345809028133 ], [ -124.8653238809935, 49.364798725415476 ], [ -124.834530290874397, 49.349872805316238 ], [ -124.818515847507598, 49.334968149030139 ], [ -124.792791360901447, 49.323127021277436 ], [ -124.782421484130964, 49.30828695036989 ], [ -124.775940641358901, 49.30379439974314 ], [ -124.766113973762998, 49.303945066715947 ], [ -124.75867097955512, 49.311866793330289 ], [ -124.749380066962672, 49.313996066933264 ], [ -124.741590177769112, 49.312125485422008 ], [ -124.719354789443329, 49.291948457828738 ], [ -124.717305001339128, 49.287336980196478 ], [ -124.720410001874825, 49.275173587613828 ], [ -124.71920516713439, 49.269757976271656 ], [ -124.71471275572776, 49.26637943828252 ], [ -124.695851577094402, 49.268493457717291 ], [ -124.682374959536361, 49.281900456496963 ], [ -124.677621923884786, 49.297549111366862 ], [ -124.667408201728747, 49.303804023896085 ], [ -124.65192934482269, 49.308597817800845 ] ] ] } },
{ "type": "Feature", "properties": { "NAME": "Northern Shuswap Tribal Council", "SCALE": "n/a" }, "geometry": { "type": "Polygon", "coordinates": [ [ [ -120.584130314616473, 53.545557014295021 ], [ -120.594934811678442, 53.549874843108988 ], [ -120.590960591887878, 53.542503365830427 ], [ -120.598140009188683, 53.540732447762203 ], [ -120.606695865456928, 53.542900412601497 ], [ -120.612212281370816, 53.530459369094586 ], [ -120.622599602099328, 53.528760152480089 ], [ -120.628498913038598, 53.533992432252553 ], [ -120.645320918074532, 53.523668565064021 ], [ -120.656442080721334, 53.515916844627 ], [ -120.670665341788677, 53.500254302588871 ], [ -120.6768740828701, 53.484434530413481 ], [ -120.706737611269375, 53.475447213412934 ], [ -120.718262052499199, 53.459727341168183 ], [ -120.742598738924286, 53.453813626082315 ], [ -120.762936277041504, 53.422315330365862 ], [ -120.787245500652503, 53.416392191630408 ], [ -120.798559381054744, 53.403849003921636 ], [ -120.860852346382018, 53.384259259984162 ], [ -120.869156640195868, 53.378031700016415 ], [ -120.876903877068855, 53.382951875520675 ], [ -120.943071369267102, 53.392080702454479 ], [ -120.948856274742184, 53.382616229764672 ], [ -120.965132665036521, 53.376518854105292 ], [ -120.991900082583143, 53.373784290257078 ], [ -121.01053136268483, 53.374096356896892 ], [ -121.036928287861997, 53.379315463757365 ], [ -121.076930942337128, 53.378372794776332 ], [ -121.099291324329812, 53.354821470566776 ], [ -121.137165301896204, 53.341073136441786 ], [ -121.159746905684045, 53.311138313807305 ], [ -121.176170083967492, 53.300232856377818 ], [ -121.195107251803705, 53.292551182778467 ], [ -121.213904745157734, 53.28805236417179 ], [ -121.240994566612073, 53.275703446944583 ], [ -121.270981064837486, 53.257014709382382 ], [ -121.356852245747234, 53.234320329028712 ], [ -121.377959720450349, 53.2377973563501 ], [ -121.420419836693341, 53.238367678938204 ], [ -121.465934088037486, 53.2278048076872 ], [ -121.496012944735511, 53.202685623707112 ], [ -121.504689000515825, 53.182073913722675 ], [ -121.508389670214711, 53.151835792420215 ], [ -121.516609994111505, 53.14396885847308 ], [ -121.605754135780245, 53.090852942825776 ], [ -121.619131922385151, 53.086227165873922 ], [ -121.637904770190985, 53.069819272044541 ], [ -121.65171960082553, 53.053027778354554 ], [ -121.653621090609278, 53.041440495173433 ], [ -121.677661745187393, 53.02952092255579 ], [ -121.689690631294383, 53.026287505985742 ], [ -121.695576592633643, 53.02890614230207 ], [ -121.692957756303443, 53.020054688340387 ], [ -121.69576583356492, 53.01625460779708 ], [ -121.717958021979513, 53.000940134350508 ], [ -121.724276029750143, 52.992092203702377 ], [ -121.76201884360421, 52.995949850632712 ], [ -121.799901806390878, 52.980734998566085 ], [ -121.814114212032791, 52.978665009016808 ], [ -121.834440195132018, 52.970453657863494 ], [ -121.844079160304759, 52.962495295891365 ], [ -121.841931979681505, 52.943862808516457 ], [ -121.848297802016617, 52.935748138648755 ], [ -121.859534890139059, 52.934052584733017 ], [ -121.868464191533363, 52.935600601148302 ], [ -121.874794529351504, 52.940574241378449 ], [ -121.888349834940144, 52.940488352995757 ], [ -121.918779347298383, 52.933321813530867 ], [ -121.938830238595443, 52.932585536496312 ], [ -121.975305646712542, 52.939798605339462 ], [ -122.009034875655672, 52.951645951537216 ], [ -122.037778775931415, 52.954284505126367 ], [ -122.065140058623712, 52.953942832992688 ], [ -122.094909066134761, 52.945100932338562 ], [ -122.132858683446656, 52.916143707804558 ], [ -122.16600186395101, 52.905420385660477 ], [ -122.192592006889953, 52.903831682681982 ], [ -122.203579401107575, 52.898044397906105 ], [ -122.210126880225857, 52.892117033017506 ], [ -122.208542460605102, 52.884837335247227 ], [ -122.219643585381334, 52.864141750789123 ], [ -122.219174943946513, 52.854403158796984 ], [ -122.23831990416808, 52.826489184864528 ], [ -122.238315753594577, 52.802215131002505 ], [ -122.272182116867171, 52.775038184549224 ], [ -122.294128735364922, 52.741550403026693 ], [ -122.293998769371754, 52.736357275848718 ], [ -122.276531607870893, 52.719247006570491 ], [ -122.269608639394093, 52.698564829525012 ], [ -122.273078855629095, 52.695470719279363 ], [ -122.295374730910979, 52.690802367729546 ], [ -122.324167933508718, 52.68006598913145 ], [ -122.358433808055267, 52.673765914269254 ], [ -122.370071236817481, 52.666429173152679 ], [ -122.374101559415422, 52.65333971604904 ], [ -122.372029313918887, 52.619188585815927 ], [ -122.355744737928347, 52.595215873403326 ], [ -122.356823202875248, 52.565235198279659 ], [ -122.398482868762983, 52.540919661576162 ], [ -122.444643619374858, 52.530030343189914 ], [ -122.450677373921621, 52.512760671115892 ], [ -122.490195756779656, 52.499307168492336 ], [ -122.508190095074042, 52.483156710101504 ], [ -122.530627325696045, 52.472700534227094 ], [ -122.545632481700267, 52.460589121307137 ], [ -122.556570945184049, 52.455924895242653 ], [ -122.573591224241738, 52.426292591506588 ], [ -122.58051097567666, 52.424370131105917 ], [ -122.644216557013834, 52.424092159009227 ], [ -122.656185816907737, 52.420882219898196 ], [ -122.664510614644328, 52.408087005141361 ], [ -122.671057070876401, 52.38408975003572 ], [ -122.704068945363147, 52.364867068256373 ], [ -122.828759505560257, 52.337365568391611 ], [ -122.842019300939725, 52.333327315283093 ], [ -122.885147233469567, 52.311705278466825 ], [ -122.917406571812975, 52.301775575004804 ], [ -122.918633682751178, 52.294828064961216 ], [ -122.910164497754394, 52.27993255197881 ], [ -122.912612068365647, 52.269759961046418 ], [ -122.907831124650613, 52.234517927303784 ], [ -122.91124437651554, 52.202490655775662 ], [ -122.918411168823653, 52.197192359369026 ], [ -122.966270577516028, 52.189361195227974 ], [ -122.985295386754771, 52.178691618280176 ], [ -123.008826928619911, 52.153026451374735 ], [ -123.012742869343839, 52.137006473198021 ], [ -123.010781817387326, 52.130805513304502 ], [ -122.99846689459298, 52.114441804945869 ], [ -122.919121406394297, 52.050162639498375 ], [ -122.859485930413356, 51.986404558707861 ], [ -122.857220472607366, 51.97710657528561 ], [ -122.833530834793322, 51.971561337134453 ], [ -122.833302218454079, 51.964471398546685 ], [ -122.805535088510098, 51.969208764836168 ], [ -122.898966750908812, 51.74029386456926 ], [ -122.953002299683561, 51.728181486155165 ], [ -123.022207583581022, 51.724329481216031 ], [ -123.040019761684093, 51.714512401920949 ], [ -123.057878258751927, 51.690174785140684 ], [ -123.070136282211365, 51.64997854575526 ], [ -123.060768436530836, 51.578760307204291 ], [ -123.069049009575622, 51.54441677869162 ], [ -123.063808053105916, 51.489919968931233 ], [ -123.05501004793777, 51.456534797425761 ], [ -123.061464859266451, 51.43759035157089 ], [ -123.067350093664089, 51.401357795330775 ], [ -123.077992969709783, 51.373023174207177 ], [ -123.107629413183815, 51.334888400784358 ], [ -123.1504618615552, 51.270212644111226 ], [ -123.196396433099338, 51.213253454498521 ], [ -123.20781275649729, 51.189461472400083 ], [ -123.214471848773925, 51.143350809065595 ], [ -123.213663873723334, 51.122774361899936 ], [ -123.200056647142361, 51.096409860167675 ], [ -123.186364148332359, 51.08583708158946 ], [ -123.093152834079191, 51.037823521874593 ], [ -123.021098588385314, 51.00602397145876 ], [ -122.962792985605503, 50.984077219413237 ], [ -122.904358164714409, 50.978770239796027 ], [ -122.896015629279844, 50.97612623831958 ], [ -122.845936732947735, 50.973434055562507 ], [ -122.74576779957259, 50.973258999880606 ], [ -122.678934618378975, 50.981005078565097 ], [ -122.65810162792468, 50.975672194225766 ], [ -122.645660299100825, 50.965087572361199 ], [ -122.641669913316932, 50.941343354398597 ], [ -122.625114018124791, 50.92546996755361 ], [ -122.615223379050462, 50.89758163068101 ], [ -122.610176980014487, 50.892257290411983 ], [ -122.590104587775443, 50.882035794831388 ], [ -122.57472940869134, 50.878392877023799 ], [ -122.562033304700051, 50.871025579891992 ], [ -122.547915608833335, 50.868616019903754 ], [ -122.530423951012267, 50.85568729155753 ], [ -122.503450836628872, 50.853714023689271 ], [ -122.487485172793882, 50.847080557338266 ], [ -122.461655432837262, 50.841325214318339 ], [ -122.422721162027443, 50.835896371172538 ], [ -122.403022041590219, 50.810419403536343 ], [ -122.389054166943083, 50.8031736037874 ], [ -122.34342387130728, 50.795014752666972 ], [ -122.35144700965769, 50.816155511912704 ], [ -122.317672071205479, 50.850243557007872 ], [ -122.26356082341897, 50.849914646541421 ], [ -122.246953883915012, 50.84717169219936 ], [ -122.213391174723498, 50.862772170520451 ], [ -122.188273190924519, 50.87051110442556 ], [ -122.171570000599203, 50.873030724193306 ], [ -122.167358692278682, 50.875637729099601 ], [ -122.183740598264208, 50.891575253383976 ], [ -122.187631367207715, 50.907424162080986 ], [ -122.174849420869265, 50.923156275421434 ], [ -122.162200966749424, 50.930977059212516 ], [ -122.137135344680203, 50.933431480537529 ], [ -122.120357179645666, 50.938580206795848 ], [ -122.112067164886213, 50.9358805109635 ], [ -122.062029200151315, 50.935489310213697 ], [ -122.024556635008807, 50.93254532735255 ], [ -122.016384543523273, 50.924565860954957 ], [ -121.933071555056799, 50.921197300633736 ], [ -121.899227331481427, 50.941979066351387 ], [ -121.869780779171393, 50.952245738914712 ], [ -121.857267720545138, 50.952123969069007 ], [ -121.84038695916054, 50.95986854467786 ], [ -121.843773207374511, 50.991545927696045 ], [ -121.855907785494239, 51.007487226064519 ], [ -121.867793725283008, 51.033972610843563 ], [ -121.871908070711484, 51.036649365325438 ], [ -121.896854660667742, 51.042161418481655 ], [ -121.929923566960127, 51.058290509870282 ], [ -121.942104958628263, 51.074222951136996 ], [ -121.949931993461021, 51.098025777791541 ], [ -121.962189605474407, 51.111319751964118 ], [ -121.991258424129313, 51.122121729888491 ], [ -121.996611390290298, 51.127330871232253 ], [ -121.990156438350127, 51.151309227473746 ], [ -121.979999128351579, 51.168999454034612 ], [ -121.971938473869159, 51.175808666209299 ], [ -121.966201916650576, 51.177039936850257 ], [ -121.934748384377514, 51.169612479919735 ], [ -121.905283048382188, 51.150024760409536 ], [ -121.874710857359432, 51.136550090606399 ], [ -121.860829076997618, 51.126197651022764 ], [ -121.843529588310261, 51.106250930227539 ], [ -121.80886307053953, 51.091070114900724 ], [ -121.775151005724453, 51.060396786903517 ], [ -121.750749820510222, 51.054205335674851 ], [ -121.728588366461224, 51.061877257902687 ], [ -121.697866411493621, 51.089687670590799 ], [ -121.65097747568781, 51.062189757521814 ], [ -121.610766866148055, 51.049770406704809 ], [ -121.581495663579688, 51.04482864432795 ], [ -121.496051470499381, 51.035736257266279 ], [ -121.380671882918122, 51.034296300417942 ], [ -121.339968010027889, 51.039508786808021 ], [ -121.29648942965764, 51.050437910037992 ], [ -121.203516607071563, 51.088488542543672 ], [ -121.158747383311322, 51.103970346157091 ], [ -121.123347336565004, 51.120851684278428 ], [ -121.096548683267031, 51.137650060019652 ], [ -121.072659110484665, 51.153678116606486 ], [ -121.056672826940371, 51.16916765872449 ], [ -121.048916418027957, 51.182586593791228 ], [ -121.055575639265214, 51.200223494710052 ], [ -121.109583964122336, 51.264125555432592 ], [ -121.131325643862297, 51.314548722846013 ], [ -121.125815698009205, 51.3144606628166 ], [ -121.11995406532121, 51.310591661778531 ], [ -121.110637575460814, 51.312706703487287 ], [ -121.104262468422732, 51.311596982777182 ], [ -121.103698918159694, 51.305799408464502 ], [ -121.096793488409787, 51.298137248865146 ], [ -121.090578990609018, 51.273875556432316 ], [ -121.085937854443799, 51.269772980251098 ], [ -121.09352452733782, 51.260836600257726 ], [ -121.092057595381789, 51.257540937655925 ], [ -121.0729784265462, 51.25370489360381 ], [ -121.049450580870797, 51.260362007207995 ], [ -121.039911809178918, 51.258440912429386 ], [ -121.031046020710946, 51.259550444795977 ], [ -121.029161564732178, 51.256750286270176 ], [ -121.017816871886666, 51.259578808305498 ], [ -121.016301269566668, 51.257539701395729 ], [ -121.004664014138839, 51.257845230914981 ], [ -120.991335927297939, 51.241761584146481 ], [ -120.971593110350511, 51.235129051668956 ], [ -120.966632742958566, 51.22950606314609 ], [ -120.95540266302784, 51.229813691396757 ], [ -120.940326821627067, 51.226529121729783 ], [ -120.927860951335674, 51.245436608053225 ], [ -120.914592798375381, 51.255268019216899 ], [ -120.910361061243449, 51.269034875089581 ], [ -120.900196770004328, 51.272124753953122 ], [ -120.894150852586293, 51.281579921981994 ], [ -120.878279712475091, 51.286578545611775 ], [ -120.865159869461095, 51.284074856715208 ], [ -120.856624852394276, 51.277878539683343 ], [ -120.847810057353342, 51.277716781865479 ], [ -120.845181945382365, 51.273893211514732 ], [ -120.834836421439022, 51.272192201214558 ], [ -120.828239402604439, 51.267539689810945 ], [ -120.8213344639029, 51.269424791394584 ], [ -120.819874921692687, 51.266377436293133 ], [ -120.814290945037712, 51.265769925573835 ], [ -120.811618462284358, 51.262951450014064 ], [ -120.803243341644773, 51.262039483424772 ], [ -120.793892634431543, 51.24802102098208 ], [ -120.773739772641605, 51.242102233629979 ], [ -120.768535423015862, 51.242003075807645 ], [ -120.75837704853096, 51.253134721825575 ], [ -120.756420224084849, 51.260396063757163 ], [ -120.740745229016497, 51.269406805916262 ], [ -120.730516344069784, 51.265433610071554 ], [ -120.727895088920235, 51.253553505561754 ], [ -120.709713082306379, 51.248416995669608 ], [ -120.708161822990846, 51.255433819257306 ], [ -120.695494712731048, 51.268272719183472 ], [ -120.689360366433675, 51.270668629598248 ], [ -120.675442225842119, 51.268379461754343 ], [ -120.677911133001444, 51.2830263097227 ], [ -120.670120213347573, 51.286395099428105 ], [ -120.65973622620713, 51.277630525680856 ], [ -120.635712104539152, 51.269093599776774 ], [ -120.578067047723735, 51.274962011422382 ], [ -120.556035964265917, 51.274503974145674 ], [ -120.543338892843551, 51.271972855482517 ], [ -120.501245053440257, 51.276320845756338 ], [ -120.485047366040064, 51.272998010128994 ], [ -120.462899432557847, 51.272114099340641 ], [ -120.4581204795101, 51.268899269183677 ], [ -120.432086230790688, 51.268195538751954 ], [ -120.429099861143825, 51.271511590588254 ], [ -120.420517585908655, 51.266994212531444 ], [ -120.41404617063354, 51.267121877905772 ], [ -120.40961758487299, 51.276898350663977 ], [ -120.403015139238207, 51.27932203587217 ], [ -120.403432309210629, 51.283389297325343 ], [ -120.394260401813, 51.285484934090896 ], [ -120.396606981361685, 51.289730398188439 ], [ -120.394187091481342, 51.298198320252467 ], [ -120.400290272981607, 51.308478966773976 ], [ -120.403898660961843, 51.30950593112609 ], [ -120.403980318015215, 51.319517396998677 ], [ -120.399087479965317, 51.322114098195662 ], [ -120.40213777787126, 51.329215611503862 ], [ -120.387859971890208, 51.318482421195512 ], [ -120.385097642572646, 51.317744416692072 ], [ -120.380988802661051, 51.321710511495326 ], [ -120.38963843473509, 51.325150108121576 ], [ -120.386937516286991, 51.327118837110383 ], [ -120.388316271449142, 51.337024004553562 ], [ -120.397271436125109, 51.346556738640196 ], [ -120.407583101453227, 51.351249286028015 ], [ -120.409294834542663, 51.355345078825231 ], [ -120.406986007505679, 51.357999268619679 ], [ -120.394193794751871, 51.355145236682596 ], [ -120.369974218319143, 51.35960851716284 ], [ -120.364949448424881, 51.368152529652598 ], [ -120.36043339202547, 51.401596587490275 ], [ -120.363078110931738, 51.415723692050264 ], [ -120.347046061924729, 51.4247805528559 ], [ -120.340127206057332, 51.435638085721962 ], [ -120.341694277076343, 51.438977991195472 ], [ -120.351321011924512, 51.442185632714526 ], [ -120.360489267321029, 51.449001148658049 ], [ -120.351061462785708, 51.464051169411782 ], [ -120.314139420671665, 51.475483928783163 ], [ -120.307116945018919, 51.475008067156203 ], [ -120.281265654173808, 51.465127522712869 ], [ -120.271530322761492, 51.455302860907544 ], [ -120.260093812955716, 51.448741979401071 ], [ -120.234356532144247, 51.449868104433193 ], [ -120.221571826910363, 51.453184715576157 ], [ -120.210301676076128, 51.435765484448005 ], [ -120.202830690576278, 51.43039469435444 ], [ -120.188320405599399, 51.445467925781806 ], [ -120.180422295959943, 51.463373691701058 ], [ -120.181503790395894, 51.474414434254143 ], [ -120.186899716141511, 51.484929354970461 ], [ -120.181356710687098, 51.489044668778057 ], [ -120.177929962080171, 51.499662195893954 ], [ -120.179595023492098, 51.510439679571547 ], [ -120.173589952857469, 51.512735585558985 ], [ -120.166378851334755, 51.523950814220974 ], [ -120.168250257448278, 51.535792054966727 ], [ -120.17528008915265, 51.548571171131385 ], [ -120.173596270960743, 51.565207683174812 ], [ -120.128124136917094, 51.57264486805493 ], [ -120.123385292925633, 51.575376038512694 ], [ -120.122297554935102, 51.582264301583564 ], [ -120.11370749235698, 51.59425606564195 ], [ -120.084127086721452, 51.628099236547037 ], [ -120.082797143860134, 51.638641978389686 ], [ -120.045197611037608, 51.644209378707473 ], [ -120.021537622426578, 51.645238196167533 ], [ -120.012054050509263, 51.647982795056869 ], [ -120.003082686512926, 51.636818333272153 ], [ -119.990872396269083, 51.632764595679831 ], [ -119.976986720001605, 51.640033877570907 ], [ -119.971769188580467, 51.648964501890333 ], [ -119.947154056279118, 51.654082342169374 ], [ -119.936802457131279, 51.663597229415764 ], [ -119.924488338029562, 51.667879726106825 ], [ -119.918597013536285, 51.672905303959332 ], [ -119.88808419120258, 51.672675701060172 ], [ -119.883624928693067, 51.670255077734986 ], [ -119.834848166175576, 51.666647255962872 ], [ -119.807952994151194, 51.667645445667823 ], [ -119.80028340554118, 51.671465654989866 ], [ -119.786596471779291, 51.668789296705441 ], [ -119.774618897337774, 51.681123621936401 ], [ -119.757174512372046, 51.692154715732691 ], [ -119.725697056191763, 51.705094964663239 ], [ -119.724025446242095, 51.715409009337741 ], [ -119.717015109593348, 51.722695887512359 ], [ -119.713366555985289, 51.734681250662788 ], [ -119.70517574772623, 51.745387958759707 ], [ -119.700264475218901, 51.77460528671152 ], [ -119.690632596806211, 51.779514594842652 ], [ -119.672071123830037, 51.804891901143776 ], [ -119.667441471686971, 51.804760652078237 ], [ -119.642342640301337, 51.817860250620946 ], [ -119.633921455248256, 51.81877044887262 ], [ -119.628800382048482, 51.837618362389875 ], [ -119.618845743442222, 51.846541921466617 ], [ -119.613133091886283, 51.860767378234314 ], [ -119.597796432004927, 51.879319208222377 ], [ -119.589014855104836, 51.884820685570133 ], [ -119.582708620487452, 51.894422743571845 ], [ -119.564644359860921, 51.899652240083824 ], [ -119.531989362924136, 51.937259083350128 ], [ -119.526276673234833, 51.962992726942936 ], [ -119.51260085251144, 51.971222126875844 ], [ -119.503343017012156, 51.982459431087989 ], [ -119.503824731941606, 51.988229827325227 ], [ -119.524447904304722, 51.998626170097225 ], [ -119.530334010223413, 52.006858343567991 ], [ -119.51831960810955, 52.029527562016256 ], [ -119.4955406080188, 52.034607484679114 ], [ -119.492900242796509, 52.056401832659461 ], [ -119.485046580762344, 52.061348037784718 ], [ -119.467516923065418, 52.070608594801563 ], [ -119.454161263974072, 52.074236339418007 ], [ -119.448756091940666, 52.071770980124668 ], [ -119.443123092198036, 52.072176536024656 ], [ -119.433306936982163, 52.078211281237976 ], [ -119.428985123543413, 52.085563219509424 ], [ -119.432863170214844, 52.095466164424451 ], [ -119.427377963632836, 52.105660872252898 ], [ -119.43069244072133, 52.11094189803763 ], [ -119.420600587009773, 52.13193320532951 ], [ -119.422200309534105, 52.146947687406595 ], [ -119.419181717975505, 52.161246178424449 ], [ -119.426934685394031, 52.169540075252776 ], [ -119.425125862709891, 52.180421778335067 ], [ -119.443139198144195, 52.212625067398974 ], [ -119.459974402801194, 52.224643868327156 ], [ -119.45545835617483, 52.234293339139484 ], [ -119.436839684404887, 52.256180553101508 ], [ -119.439659114926442, 52.267777722723551 ], [ -119.42709500071571, 52.284090171617983 ], [ -119.437907894690923, 52.289597601187722 ], [ -119.441282400658963, 52.294304251047301 ], [ -119.434420551809765, 52.309638209187263 ], [ -119.423844549328805, 52.312771667567496 ], [ -119.462709892881463, 52.319699266021154 ], [ -119.46684256836609, 52.326730220544583 ], [ -119.456851565675535, 52.346000776316714 ], [ -119.449033294327378, 52.349794937763555 ], [ -119.440798024809567, 52.358756386752617 ], [ -119.427259562443183, 52.363527714042533 ], [ -119.430638217749092, 52.368234709035818 ], [ -119.464340617199369, 52.369824595360164 ], [ -119.468798854476802, 52.372836000763535 ], [ -119.472203908769231, 52.389054249409597 ], [ -119.463367990742128, 52.405481954889183 ], [ -119.466110223462266, 52.418226949671997 ], [ -119.459529381393764, 52.441628922071722 ], [ -119.450200277889167, 52.45228508031694 ], [ -119.441469287031197, 52.455475927800521 ], [ -119.427862851648982, 52.472332975354171 ], [ -119.413020634679114, 52.481092781283955 ], [ -119.397499994031563, 52.506608423973496 ], [ -119.382819288122107, 52.498595066903285 ], [ -119.363313650432971, 52.499077137958388 ], [ -119.372753621481664, 52.506211762999328 ], [ -119.392820812534254, 52.513310183765547 ], [ -119.399737375867474, 52.522526899304232 ], [ -119.411543584052254, 52.529730304320978 ], [ -119.416670386290448, 52.539251855279495 ], [ -119.414258572934727, 52.547103822163557 ], [ -119.395613055795408, 52.572833867305022 ], [ -119.403837466762383, 52.602262938387142 ], [ -119.391650565789803, 52.635393303303438 ], [ -119.386395156291584, 52.641717120780598 ], [ -119.37151844557421, 52.642702835121227 ], [ -119.349544910637263, 52.629418837787625 ], [ -119.349173138094969, 52.619681005173412 ], [ -119.329854198194454, 52.617282090473061 ], [ -119.309478615743032, 52.627455442304793 ], [ -119.281837522901995, 52.625509311601945 ], [ -119.248679589801299, 52.63274824636099 ], [ -119.222249763246865, 52.630466353438756 ], [ -119.197218674619478, 52.632546456372985 ], [ -119.179323655952444, 52.640976256130976 ], [ -119.178137667819385, 52.647782741810708 ], [ -119.199322417269443, 52.656030347844215 ], [ -119.20913915816773, 52.672556407736046 ], [ -119.233419319235907, 52.679455742449925 ], [ -119.251619702421337, 52.69516371921214 ], [ -119.267545312077658, 52.723765654814954 ], [ -119.265686531906042, 52.731632346355731 ], [ -119.25227903907674, 52.742736562049217 ], [ -119.248928634774387, 52.761002832357555 ], [ -119.242638770291123, 52.765126408214975 ], [ -119.2448243844768, 52.774201744917256 ], [ -119.239186281830584, 52.777625310784416 ], [ -119.238752126513987, 52.782654922295684 ], [ -119.252482941318618, 52.80938746453954 ], [ -119.279424875066852, 52.81449555455066 ], [ -119.287169172413783, 52.825469154095742 ], [ -119.293336187671756, 52.828695000973667 ], [ -119.293178399246841, 52.8310538578219 ], [ -119.296523808753889, 52.830928081067817 ], [ -119.295507855780102, 52.838345982657891 ], [ -119.291282374290518, 52.841286981372697 ], [ -119.305009710659704, 52.853456552534801 ], [ -119.305471209286182, 52.860200292192538 ], [ -119.309338241267852, 52.858605529881032 ], [ -119.307586914240119, 52.86591380825336 ], [ -119.311143256333239, 52.867130415499155 ], [ -119.315364090627185, 52.864080920827867 ], [ -119.3179724829196, 52.865073038046596 ], [ -119.313413659485946, 52.870377312758492 ], [ -119.315117618771382, 52.872843564655014 ], [ -119.328298166504297, 52.87310727998824 ], [ -119.334272049725485, 52.875318789889228 ], [ -119.334197845776046, 52.882513558606774 ], [ -119.339776834898515, 52.883159028592594 ], [ -119.343236981128015, 52.87841512161468 ], [ -119.353288812983067, 52.879600994670049 ], [ -119.365261776818414, 52.885486375960298 ], [ -119.370986276807429, 52.88387956155708 ], [ -119.397906133062193, 52.905962040698675 ], [ -119.408568591593536, 52.910502858085835 ], [ -119.406378734044935, 52.912318626822241 ], [ -119.411664270264168, 52.917228781276009 ], [ -119.409116407333357, 52.921173912168904 ], [ -119.414155386832007, 52.933390235881554 ], [ -119.435107293642773, 52.940785323700595 ], [ -119.446652652571544, 52.941492197433789 ], [ -119.450530268954196, 52.939784750290741 ], [ -119.450584697492431, 52.943380333620546 ], [ -119.457909531772657, 52.946816704200558 ], [ -119.46378952443817, 52.957026439046395 ], [ -119.458360998645148, 52.961859576187003 ], [ -119.469151206691279, 52.972461890902053 ], [ -119.468333786494483, 52.978764113754906 ], [ -119.472544773379767, 52.975025905593263 ], [ -119.479787214800893, 52.973517209795517 ], [ -119.499015004550174, 52.977097619624445 ], [ -119.504883455369651, 52.982225232265492 ], [ -119.538794619203145, 52.99343786145684 ], [ -119.54203000636663, 52.997010304551964 ], [ -119.556017078346272, 52.99814899108155 ], [ -119.558291670387518, 53.000051373823922 ], [ -119.554166452564687, 53.006929026727924 ], [ -119.557938415759239, 53.010957276835505 ], [ -119.552929607590599, 53.011990835113266 ], [ -119.546182950793167, 53.009330004217219 ], [ -119.550141062774756, 53.012230640162912 ], [ -119.563391962917876, 53.015200584722265 ], [ -119.566261116944503, 53.020578729115378 ], [ -119.560565757356898, 53.027122044702452 ], [ -119.566215010534464, 53.031586161218499 ], [ -119.575401667566439, 53.035811601202859 ], [ -119.584317590854781, 53.033738360550124 ], [ -119.589632866985426, 53.041805165153761 ], [ -119.599557171980621, 53.04433151024265 ], [ -119.601729155795809, 53.040498344256669 ], [ -119.611777162027224, 53.038650529836382 ], [ -119.638984363221809, 53.038822879020536 ], [ -119.642733222809241, 53.040375983261718 ], [ -119.647133786974308, 53.047651565022967 ], [ -119.646271870623409, 53.053057357397229 ], [ -119.649478308442852, 53.054721507299476 ], [ -119.656165731557536, 53.053555930725636 ], [ -119.659618245070675, 53.047804805806877 ], [ -119.666155395096979, 53.048323721990847 ], [ -119.669212109485102, 53.053362594626194 ], [ -119.659817368102821, 53.060505825187427 ], [ -119.662273661624013, 53.063301393378666 ], [ -119.672548472833711, 53.064581667378917 ], [ -119.681463342855295, 53.073741926355474 ], [ -119.68937133013165, 53.066720473587395 ], [ -119.69756794819277, 53.065770040364768 ], [ -119.701929213619977, 53.070122157922611 ], [ -119.698278362006604, 53.074989011466371 ], [ -119.71729963895551, 53.074744422708271 ], [ -119.728004570972004, 53.078491954530108 ], [ -119.734899083313167, 53.089016703018054 ], [ -119.732309680220013, 53.090829520572115 ], [ -119.73555915415055, 53.095196813840118 ], [ -119.733753642505903, 53.09947367909627 ], [ -119.737489688795677, 53.099001236410942 ], [ -119.748412188223, 53.104657260487429 ], [ -119.759000201154308, 53.101768396812787 ], [ -119.758600763548827, 53.099970057650751 ], [ -119.769834920410602, 53.101579382583587 ], [ -119.772301366995833, 53.103922706965669 ], [ -119.769648548719104, 53.112149844666305 ], [ -119.77482761994024, 53.109969643155544 ], [ -119.776429115929034, 53.104896508139511 ], [ -119.782024075848355, 53.104298620610848 ], [ -119.781118188099683, 53.117124384775167 ], [ -119.800387261328041, 53.117877285916549 ], [ -119.814281464702077, 53.131712480850283 ], [ -119.827701775966332, 53.130027558797373 ], [ -119.834843922693636, 53.131772519300746 ], [ -119.836526499372411, 53.141651281811058 ], [ -119.842368990281813, 53.14475778709533 ], [ -119.848527886642614, 53.14425118912142 ], [ -119.862959319876879, 53.136603092155831 ], [ -119.866748066373461, 53.13915560697636 ], [ -119.860500199116174, 53.144602387634436 ], [ -119.862593839226989, 53.146611339543817 ], [ -119.874589523076622, 53.147751766881051 ], [ -119.88159941557592, 53.143418953088343 ], [ -119.88721217936839, 53.143705272089591 ], [ -119.888222089129187, 53.146963238087281 ], [ -119.879451865594945, 53.156932228923658 ], [ -119.885059958871238, 53.156886558038984 ], [ -119.893689028231776, 53.149276053934585 ], [ -119.909233059763636, 53.159714893311282 ], [ -119.918601365947566, 53.160196066701282 ], [ -119.926728105769584, 53.164852696469808 ], [ -119.935140479055519, 53.16467303330824 ], [ -119.937342668853972, 53.171056655613924 ], [ -119.945414826012239, 53.172449028330888 ], [ -119.95476733157976, 53.181362267998821 ], [ -119.955241538447282, 53.185630893089616 ], [ -119.951550173284573, 53.187692087455801 ], [ -119.941970812168861, 53.185977897433602 ], [ -119.949183943437703, 53.190744810033237 ], [ -119.962694937243853, 53.192765523374554 ], [ -119.967991899888375, 53.186644562827659 ], [ -119.974895164817696, 53.186247312811979 ], [ -119.977063056518062, 53.190950652651324 ], [ -119.982529733587526, 53.192477270710043 ], [ -119.989215652952396, 53.198829275893232 ], [ -119.995397448105152, 53.194047149119847 ], [ -120.003408111357388, 53.196386621396748 ], [ -120.005167714466438, 53.200783483820068 ], [ -120.009810725610393, 53.198634890759372 ], [ -120.020882762029601, 53.200925590619917 ], [ -120.025372804506503, 53.205300442353419 ], [ -120.022840292433827, 53.212853604024474 ], [ -120.029865484851328, 53.212642400909786 ], [ -120.032075204475007, 53.206483936981328 ], [ -120.036744359203894, 53.207193458100498 ], [ -120.040119832992744, 53.210146439617944 ], [ -120.038859313181916, 53.219746131619544 ], [ -120.043578444789702, 53.230177726765966 ], [ -120.060408196020248, 53.238696239029011 ], [ -120.069550586301247, 53.236529594265328 ], [ -120.07446377686, 53.238088934314781 ], [ -120.070216882174606, 53.247606922564643 ], [ -120.072289873145309, 53.25127251098349 ], [ -120.086494104535888, 53.252519883937893 ], [ -120.105573909469413, 53.249532244149968 ], [ -120.110864787517002, 53.251764722820283 ], [ -120.10920361025444, 53.259053095717256 ], [ -120.096523070853266, 53.256757525352555 ], [ -120.09327902403848, 53.258809350524416 ], [ -120.097816987119572, 53.265089185960974 ], [ -120.093405817099523, 53.269990152282816 ], [ -120.096938171352036, 53.271200038400799 ], [ -120.1086355429252, 53.267482969043257 ], [ -120.11488173390029, 53.268938601423102 ], [ -120.115879779119993, 53.27905216312044 ], [ -120.112202077411482, 53.283971643678839 ], [ -120.119059321054323, 53.296448025959556 ], [ -120.125016813158567, 53.297383221610339 ], [ -120.135341047157908, 53.293144444380367 ], [ -120.140462382646476, 53.294652402822031 ], [ -120.142244328033016, 53.303030664213139 ], [ -120.154585791882738, 53.309089876961046 ], [ -120.15849727818248, 53.314398652990995 ], [ -120.17183827008725, 53.317926282762954 ], [ -120.201321964458643, 53.339393342921966 ], [ -120.21470739887144, 53.341235591911278 ], [ -120.220771058844107, 53.347788097462256 ], [ -120.22601776692575, 53.348449880145566 ], [ -120.22685767345169, 53.353567969610715 ], [ -120.236627977497648, 53.352850323572866 ], [ -120.232308881820742, 53.343218939608036 ], [ -120.234900467867774, 53.340536544412963 ], [ -120.241582054841317, 53.339909030528553 ], [ -120.251692986835479, 53.350429379257612 ], [ -120.269597817823993, 53.347243491971895 ], [ -120.273311101832803, 53.354288510724757 ], [ -120.28738100701149, 53.354950904412391 ], [ -120.294205558420302, 53.361571001108679 ], [ -120.305781330150367, 53.365132810918901 ], [ -120.312189566954558, 53.377043744315159 ], [ -120.325520645258862, 53.374694880933944 ], [ -120.332084527994795, 53.375749591885764 ], [ -120.334089727826125, 53.378797704924096 ], [ -120.329772791124313, 53.383880604185684 ], [ -120.344073996489172, 53.388245977684022 ], [ -120.344404595662809, 53.396444478242415 ], [ -120.359222710775981, 53.39766370016924 ], [ -120.366490630471517, 53.395684496231127 ], [ -120.368534901016147, 53.397662690797695 ], [ -120.368268357494259, 53.401990797422187 ], [ -120.358354676308721, 53.405125722098497 ], [ -120.355449980599573, 53.40971909362721 ], [ -120.358016249638212, 53.413498440935612 ], [ -120.371591380149567, 53.411271335696107 ], [ -120.372454405746652, 53.404591840247726 ], [ -120.376045875511778, 53.403717302265086 ], [ -120.383251955932352, 53.411572395812293 ], [ -120.378532380383362, 53.418059432403972 ], [ -120.395777350972182, 53.415182149703142 ], [ -120.404800753995559, 53.421474981526622 ], [ -120.399430395870738, 53.428065810920124 ], [ -120.389546902586432, 53.428911273778446 ], [ -120.403243937960013, 53.430954202791163 ], [ -120.40910554589162, 53.434588281430791 ], [ -120.417739184974607, 53.429748845342125 ], [ -120.427273766419631, 53.433677397708657 ], [ -120.425716942235425, 53.43726721061492 ], [ -120.41177205212955, 53.438755158488981 ], [ -120.407672798081265, 53.442047200882918 ], [ -120.412039482918445, 53.445270801073917 ], [ -120.424496211301971, 53.442483061443177 ], [ -120.427669887562729, 53.444071275745351 ], [ -120.42370392031566, 53.451349164649706 ], [ -120.411842469126498, 53.457404616756406 ], [ -120.415535061977295, 53.462592050415793 ], [ -120.429472780146412, 53.455088328716776 ], [ -120.444999638506104, 53.455906993378655 ], [ -120.481727100424052, 53.466325944177534 ], [ -120.484982486778875, 53.46937975220645 ], [ -120.47954910171967, 53.473841529024227 ], [ -120.482701785543298, 53.477621529106663 ], [ -120.499315076622409, 53.474221162771315 ], [ -120.515107915838684, 53.476043150654164 ], [ -120.523340657692913, 53.479846863019546 ], [ -120.522643910466812, 53.482484437992348 ], [ -120.509262891174615, 53.483204613671113 ], [ -120.509320045577951, 53.486064552884486 ], [ -120.534399378176985, 53.484337538560411 ], [ -120.542741314286957, 53.486847050796747 ], [ -120.556389311336332, 53.50224114338824 ], [ -120.551574591859818, 53.517723489285807 ], [ -120.563354078912397, 53.52513960333421 ], [ -120.552808673202151, 53.532161545281937 ], [ -120.560151109919815, 53.532536711986801 ], [ -120.568115618575931, 53.544980835609664 ], [ -120.584130314616473, 53.545557014295021 ] ], [ [ -122.097953446739851, 51.865082041785129 ], [ -122.138235148082487, 51.832805028903053 ], [ -122.183578731036789, 51.804881385954623 ], [ -122.209755537118028, 51.784631139325171 ], [ -122.227933153058288, 51.780653577644593 ], [ -122.255684291731427, 51.781483310752456 ], [ -122.280411235210082, 51.772874462804367 ], [ -122.29296119477489, 51.76499627285483 ], [ -122.311602807174594, 51.745289512840444 ], [ -122.320015472367928, 51.715803185166862 ], [ -122.330981384641404, 51.702890817576758 ], [ -122.345431616857439, 51.705180374492741 ], [ -122.366788150128556, 51.718555750236291 ], [ -122.397918612248432, 51.73347497892393 ], [ -122.373673532542341, 51.759982969730522 ], [ -122.354058690440695, 51.770836573827069 ], [ -122.314641525117111, 51.787226326541834 ], [ -122.300013074977528, 51.822789417693706 ], [ -122.290262593735918, 51.830864078143762 ], [ -122.271715262939622, 51.831072570690807 ], [ -122.251867704282475, 51.835716741605296 ], [ -122.211224060869895, 51.862701850375515 ], [ -122.194128472664588, 51.867547549582198 ], [ -122.139512389243876, 51.864100159999047 ], [ -122.097953446739851, 51.865082041785129 ] ] ] } },
{ "type": "Feature", "properties": { "NAME": "Wei Wai Kum/Kwiakah First Nations", "SCALE": "n/a" }, "geometry": { "type": "Polygon", "coordinates": [ [ [ -124.286343649655919, 49.332064444397972 ], [ -124.300101882836813, 49.383486881348055 ], [ -124.314434423860746, 49.459658930874483 ], [ -124.331383450793268, 49.469437906859035 ], [ -124.336655730230632, 49.468900446957328 ], [ -124.358950060414585, 49.477509829376309 ], [ -124.366460154685797, 49.476989753970756 ], [ -124.361763325481832, 49.486858828760546 ], [ -124.353435298704227, 49.484734880636459 ], [ -124.357428111665797, 49.482340284208618 ], [ -124.356944011509768, 49.479809144132894 ], [ -124.348452691622995, 49.482292322245094 ], [ -124.349283582219655, 49.48538620185532 ], [ -124.357609003854662, 49.488409994531132 ], [ -124.346497571877279, 49.494080991904752 ], [ -124.35451378761077, 49.494347118687898 ], [ -124.350325800818595, 49.497193650027604 ], [ -124.356523618885959, 49.49908191521628 ], [ -124.352859151897164, 49.501418764249699 ], [ -124.359198528814531, 49.498420939276457 ], [ -124.369816410396623, 49.497863857783436 ], [ -124.366913105674726, 49.49621613928808 ], [ -124.37079243404132, 49.495675381941673 ], [ -124.379078593584751, 49.496170677203459 ], [ -124.381099863456498, 49.499330807450278 ], [ -124.37826625097351, 49.505103621529457 ], [ -124.381675296743595, 49.508940102263288 ], [ -124.379261817849738, 49.508591055507523 ], [ -124.37937270867171, 49.513537050142723 ], [ -124.374598363304145, 49.515194900850574 ], [ -124.376567674357375, 49.51695267999493 ], [ -124.359428509874135, 49.520681311074988 ], [ -124.361354885179807, 49.524850494268094 ], [ -124.356001314201407, 49.524613515765878 ], [ -124.354626434242419, 49.59631539379658 ], [ -124.381829370643445, 49.611153949256547 ], [ -124.425069017312666, 49.644255655386232 ], [ -124.451988856125169, 49.668990405848071 ], [ -124.465264187444504, 49.68721419185399 ], [ -124.476131062720341, 49.694580781428002 ], [ -124.531152531931497, 49.711567276149736 ], [ -124.599752596144342, 49.740421799733831 ], [ -124.605065707633486, 49.748604888560443 ], [ -124.604682043425768, 49.761223514366954 ], [ -124.618153333762024, 49.775820925627244 ], [ -124.635405814044574, 49.78001146544036 ], [ -124.987321907808962, 49.969197367415404 ], [ -125.031487320034145, 50.017963548658301 ], [ -125.0672732445625, 50.042899631345023 ], [ -125.084150134772727, 50.060169151778972 ], [ -125.09352563422037, 50.075980083221545 ], [ -125.082999010303624, 50.097937272855347 ], [ -125.077423235997585, 50.105431000953828 ], [ -125.066526013163667, 50.11283882423934 ], [ -125.069485115817002, 50.112456675067563 ], [ -125.07169216249963, 50.115313250858939 ], [ -125.063273565825995, 50.120572464164447 ], [ -125.058015000752647, 50.119640388894304 ], [ -125.055408565486147, 50.130327634809369 ], [ -125.046325916585459, 50.130919743622663 ], [ -125.045241885460996, 50.127835766491195 ], [ -125.039613176548599, 50.127997276743756 ], [ -125.043370453190192, 50.132842625181802 ], [ -125.032334635185322, 50.139233946827446 ], [ -125.029676398154052, 50.145540908231382 ], [ -125.023032571528717, 50.145962604237695 ], [ -125.007082199210146, 50.140788668829508 ], [ -125.001655417445448, 50.130808250181403 ], [ -124.991329176199542, 50.128143653953813 ], [ -124.988147899176838, 50.124950493546663 ], [ -124.989706914784648, 50.132533785928594 ], [ -124.992951215667972, 50.134492814483863 ], [ -125.000990110623817, 50.134345196268285 ], [ -124.999478724901365, 50.142394709873152 ], [ -125.015970702290375, 50.157445675315188 ], [ -125.011278149202283, 50.161062370121819 ], [ -125.004740183157708, 50.1540602836332 ], [ -125.001887693416151, 50.157833618140408 ], [ -125.000995939366192, 50.155258568506866 ], [ -124.996983726267814, 50.156389005291075 ], [ -125.003407811060114, 50.162718628330502 ], [ -124.987222434619511, 50.17154133632885 ], [ -124.984579598571671, 50.181102955637186 ], [ -124.979587205533406, 50.180613101439853 ], [ -124.967107067151233, 50.173467264034002 ], [ -124.96112200896647, 50.1675241115841 ], [ -124.957563713753558, 50.160289338560951 ], [ -124.960789116351179, 50.159038862994223 ], [ -124.958926247847714, 50.155958021970775 ], [ -124.962083201456878, 50.155778765281788 ], [ -124.968689708000682, 50.161882286432935 ], [ -124.949131997624349, 50.14299924017574 ], [ -124.956897012322443, 50.141914949066653 ], [ -124.945599559403377, 50.138740876466805 ], [ -124.942557586068219, 50.141391810231305 ], [ -124.944963625382059, 50.147234050573324 ], [ -124.94690621173784, 50.148856161259651 ], [ -124.948539083081343, 50.144970131602157 ], [ -124.953039697364034, 50.152036138723084 ], [ -124.95210230452129, 50.155137105002623 ], [ -124.948143722856116, 50.15177664617751 ], [ -124.956711835382208, 50.163101190771229 ], [ -124.955863186311745, 50.166982774116136 ], [ -124.95263148729687, 50.167100474205832 ], [ -124.966777485831429, 50.174642296432097 ], [ -124.978485312937238, 50.18477836141696 ], [ -124.973694737401104, 50.198054623968325 ], [ -124.98034536692451, 50.197923655406619 ], [ -124.982935958298313, 50.205335874856615 ], [ -124.990299784540198, 50.20547991511183 ], [ -124.998453179635334, 50.217474031741602 ], [ -125.005114409216688, 50.21818652403406 ], [ -125.004008371358879, 50.223242737027107 ], [ -125.008286624288914, 50.2306435545648 ], [ -125.000899772737995, 50.238767292008298 ], [ -124.984785468566344, 50.233130187619565 ], [ -124.975143059830174, 50.241505358463428 ], [ -124.980735333494223, 50.246254691149531 ], [ -124.978474476341304, 50.260081538616639 ], [ -124.968736725584364, 50.25837652428423 ], [ -124.957787525957755, 50.259586670413221 ], [ -124.954221320996197, 50.262974699320971 ], [ -124.959044640568692, 50.2642516010186 ], [ -124.957151141812176, 50.267350460918578 ], [ -124.96051087978482, 50.27228638226093 ], [ -124.954564691118676, 50.274095289337986 ], [ -124.954669866952671, 50.276683745434809 ], [ -124.931640100784279, 50.291982068407741 ], [ -124.923908407736548, 50.302903405484884 ], [ -124.911804796564468, 50.304686517039734 ], [ -124.873290996455822, 50.298046112325274 ], [ -124.877197441246551, 50.297688073670408 ], [ -124.856606861166384, 50.286135357151224 ], [ -124.82715433597005, 50.286116704713024 ], [ -124.825465325820829, 50.281618597754111 ], [ -124.814691956113947, 50.285124228641131 ], [ -124.783963690218016, 50.285383580618003 ], [ -124.770869572586463, 50.29239314850426 ], [ -124.763413067199451, 50.291220704841116 ], [ -124.752124571305529, 50.296913841152843 ], [ -124.754147260664197, 50.300399964256357 ], [ -124.746017350051417, 50.306143725700501 ], [ -124.73713446033419, 50.309114182578341 ], [ -124.731436553209576, 50.321751442703047 ], [ -124.735984208242598, 50.325659107297476 ], [ -124.698535330680812, 50.339685624278353 ], [ -124.67698123068584, 50.368932812010087 ], [ -124.671109096741702, 50.370681462302102 ], [ -124.674628002876631, 50.375568450669057 ], [ -124.666911062002114, 50.389341521804582 ], [ -124.64566781478743, 50.403567166888934 ], [ -124.632387241972154, 50.399581149892846 ], [ -124.585264631369583, 50.397957192443315 ], [ -124.561530406182058, 50.400203046616724 ], [ -124.545804706068921, 50.395646094332463 ], [ -124.526555716192632, 50.39648504790221 ], [ -124.515626642334666, 50.407663737835541 ], [ -124.505783579923218, 50.41191971577031 ], [ -124.508233691175263, 50.417715995043778 ], [ -124.502074015732248, 50.420574738491794 ], [ -124.485967546472622, 50.425449699359071 ], [ -124.47295566682611, 50.421280231743147 ], [ -124.466085718654611, 50.426727440029964 ], [ -124.447515595372579, 50.430413541351477 ], [ -124.440539139969559, 50.438100061134371 ], [ -124.432522279123617, 50.44078884163266 ], [ -124.420645569105787, 50.438299434222934 ], [ -124.412460349155268, 50.439127963557461 ], [ -124.398516683245163, 50.451024213153346 ], [ -124.381144320009312, 50.459083345182094 ], [ -124.382687191358997, 50.468535310971589 ], [ -124.378148012839901, 50.478194591498173 ], [ -124.374968904094146, 50.481272275170582 ], [ -124.355477567288318, 50.488264471116928 ], [ -124.34814563927813, 50.497136116755009 ], [ -124.35445542867123, 50.498888372778026 ], [ -124.370949252583614, 50.493407283855724 ], [ -124.372971317814446, 50.494534512280374 ], [ -124.366515656491814, 50.499530372181802 ], [ -124.385659474064383, 50.49450106145909 ], [ -124.391112561491127, 50.496819619079119 ], [ -124.389718074385257, 50.491583549574422 ], [ -124.405727798225513, 50.476156160333652 ], [ -124.404331631066469, 50.471828983696803 ], [ -124.410866723004645, 50.467900319154282 ], [ -124.430869216043376, 50.460236154808136 ], [ -124.462575588261799, 50.454032131737797 ], [ -124.490150752999099, 50.443437788850254 ], [ -124.530628389161791, 50.435546752232206 ], [ -124.535555702693628, 50.432909519878415 ], [ -124.537588546105425, 50.425264488900083 ], [ -124.544989066529055, 50.420768724927306 ], [ -124.612521425987751, 50.419150292078982 ], [ -124.64410055633833, 50.42537302540368 ], [ -124.661451787327138, 50.437223136292893 ], [ -124.661789795699804, 50.43520404946868 ], [ -124.666015459940922, 50.437221416115477 ], [ -124.667072967945941, 50.434858672021647 ], [ -124.674906235185603, 50.434179082827072 ], [ -124.671895863187729, 50.424239372377542 ], [ -124.678219680307066, 50.417150560324039 ], [ -124.68190564917208, 50.416701752221108 ], [ -124.69224731608368, 50.401963356288967 ], [ -124.703670985065173, 50.39678658133365 ], [ -124.699964620837491, 50.389933601593036 ], [ -124.712222610736916, 50.373231326118891 ], [ -124.721878124741551, 50.368384856932259 ], [ -124.731161268524602, 50.358820902779875 ], [ -124.740902794919492, 50.357964714074015 ], [ -124.751925872669204, 50.345414053070691 ], [ -124.762810381298124, 50.345177889670779 ], [ -124.778854955659611, 50.337450148425532 ], [ -124.785512334976332, 50.33210422767894 ], [ -124.786631788559745, 50.327104153330467 ], [ -124.800301880245655, 50.323367580180012 ], [ -124.802896296539018, 50.315439063440287 ], [ -124.819730677722518, 50.313045464545127 ], [ -124.830582989659192, 50.307064541252949 ], [ -124.837706837432933, 50.310423656161255 ], [ -124.88102586564861, 50.320443503763521 ], [ -124.885934068278672, 50.319869008609196 ], [ -124.897121088085981, 50.325290525279456 ], [ -124.941358937505015, 50.326907913746609 ], [ -124.957660652031308, 50.33483742237209 ], [ -124.965543833955024, 50.345380647525502 ], [ -124.959394700132563, 50.355459560917268 ], [ -124.952381456043895, 50.356881355133368 ], [ -124.942639239437241, 50.370005548440197 ], [ -124.938832081189361, 50.378002514275927 ], [ -124.941435161534514, 50.386305503037249 ], [ -124.953160538584712, 50.391272053111756 ], [ -124.951111597687472, 50.398250071606626 ], [ -124.956162097455092, 50.40402068376649 ], [ -124.954785112872514, 50.408181359136776 ], [ -124.963215711811799, 50.429292956056933 ], [ -124.969915008328556, 50.431230737624212 ], [ -124.974625184889561, 50.436835314761197 ], [ -124.985038471881197, 50.441694913285993 ], [ -124.999504527857994, 50.445746487376191 ], [ -125.008129230830932, 50.445822761653503 ], [ -125.011643979163722, 50.444691518294462 ], [ -125.010794846922423, 50.439246842032446 ], [ -124.986256597619658, 50.418648168980987 ], [ -124.980172060401912, 50.404729906165478 ], [ -124.980721794427339, 50.397983744972343 ], [ -124.969035479998638, 50.376442525074566 ], [ -124.985136116996031, 50.3571184322874 ], [ -125.00293024836391, 50.342664634216234 ], [ -125.014419582072904, 50.342124334299143 ], [ -125.043486383307197, 50.351007593002997 ], [ -125.037117062013849, 50.336862631987067 ], [ -125.031628501451991, 50.332389577905879 ], [ -125.036559177883021, 50.324451146750611 ], [ -125.043885998831314, 50.319699144082485 ], [ -125.05665898922085, 50.315552081560732 ], [ -125.068702462368677, 50.3182526476009 ], [ -125.069884164219403, 50.321505968431453 ], [ -125.080016893664492, 50.325794992905713 ], [ -125.075632287625638, 50.334805337997949 ], [ -125.08192639994202, 50.341187044964101 ], [ -125.091457352138235, 50.345360463011311 ], [ -125.092721911290639, 50.348890373592425 ], [ -125.083771857124987, 50.357640869134585 ], [ -125.069121730135123, 50.359279017382114 ], [ -125.05369548010205, 50.372261461580159 ], [ -125.058332085518146, 50.37864678426827 ], [ -125.05226282778213, 50.387946291473249 ], [ -125.066120237964938, 50.411545246195459 ], [ -125.056697978614793, 50.418889937148521 ], [ -125.054382164801922, 50.433681934637711 ], [ -125.057032385097827, 50.443843682456851 ], [ -125.043023539543114, 50.451825819919769 ], [ -125.050270013669731, 50.463984830424259 ], [ -125.043013736786648, 50.46923927951174 ], [ -125.04910262638505, 50.470229473188311 ], [ -125.05218616635176, 50.479943045435824 ], [ -125.037353191738461, 50.484440308193427 ], [ -125.023095296548902, 50.485273387084568 ], [ -124.993613399531228, 50.498248247854967 ], [ -124.971520230203197, 50.500351934799681 ], [ -124.951385439825827, 50.516484795568076 ], [ -124.936178059459394, 50.533054248595775 ], [ -124.936463896572178, 50.536935329334284 ], [ -124.945004183187109, 50.545895222822502 ], [ -124.944078745523115, 50.55360063410771 ], [ -124.931212274981803, 50.554147150353785 ], [ -124.921938535406625, 50.551413895779454 ], [ -124.885224863686176, 50.561799881169556 ], [ -124.876707875132013, 50.568116103502184 ], [ -124.875192400499685, 50.58008509617359 ], [ -124.869424982716538, 50.58926145338981 ], [ -124.862717729462076, 50.591635456910808 ], [ -124.86541381877322, 50.598266124042404 ], [ -124.871071926213077, 50.59768957918596 ], [ -124.875949137034056, 50.601271585090593 ], [ -124.867142406740143, 50.607304402711598 ], [ -124.867919559618457, 50.617643937623455 ], [ -124.875209413004214, 50.626053155629364 ], [ -124.86152406914627, 50.64216514233145 ], [ -124.865776496568785, 50.658114999690298 ], [ -124.852992037566111, 50.665109727337416 ], [ -124.860136037916817, 50.67722769506549 ], [ -124.85821949251357, 50.681395155635386 ], [ -124.864537840786539, 50.68829183383717 ], [ -124.840917096072815, 50.702616687653361 ], [ -124.840755861030956, 50.707898617631848 ], [ -124.833359430805388, 50.712530670200785 ], [ -124.832491234269483, 50.732420449979138 ], [ -124.846982108688891, 50.745592278098798 ], [ -124.859508905869049, 50.750852437817734 ], [ -124.865872861391793, 50.763980781364367 ], [ -124.886007477710947, 50.769214796385498 ], [ -124.895045495988967, 50.769302305578535 ], [ -124.903775111349091, 50.775465015698856 ], [ -124.91198946348139, 50.783811591905526 ], [ -124.91214599673431, 50.794601796578903 ], [ -124.916713163160793, 50.801164092910611 ], [ -124.864008688216501, 50.823045986372605 ], [ -124.860244756688104, 50.831595905717307 ], [ -124.84382174156822, 50.845464041551857 ], [ -124.842949291539313, 50.865524832165598 ], [ -124.838454141242977, 50.871549666931635 ], [ -124.828250099565324, 50.872636331038983 ], [ -124.818082595087674, 50.880187807839789 ], [ -124.790250638727898, 50.892156768367862 ], [ -124.78929788783033, 50.896992111041776 ], [ -124.799414154292009, 50.914445636569482 ], [ -124.810469740564542, 50.91998591436893 ], [ -124.819930258020406, 50.929075065221141 ], [ -124.829709039491391, 50.92949743499112 ], [ -124.82990216768161, 50.932588427974586 ], [ -124.836281265260823, 50.927973324857092 ], [ -124.841089068621585, 50.930433998250194 ], [ -124.859110030295355, 50.929114180167723 ], [ -124.851658028229551, 50.913098002396026 ], [ -124.853814740894194, 50.901515866005788 ], [ -124.87035860591827, 50.888831576643355 ], [ -124.880200349882998, 50.886056828899335 ], [ -124.893598781127864, 50.872142385768278 ], [ -124.898872082130509, 50.863027252293257 ], [ -124.895815120026413, 50.857410962501639 ], [ -124.897637859698037, 50.852236717282395 ], [ -124.907877352047649, 50.84484776371098 ], [ -124.911473256522441, 50.837252394087685 ], [ -124.920411960258448, 50.834587065447145 ], [ -124.952600152810859, 50.833360158701034 ], [ -124.964760231301042, 50.823714874784145 ], [ -124.990588768114364, 50.837562299830545 ], [ -125.051325843958836, 50.84496615979171 ], [ -125.114420528980517, 50.844108562937997 ], [ -125.13844697990767, 50.838797359588618 ], [ -125.152952341192247, 50.831642431864665 ], [ -125.162985367946789, 50.843295808248108 ], [ -125.172581633612396, 50.842919105895959 ], [ -125.178136065735202, 50.840260476137935 ], [ -125.191152841555891, 50.841715995798722 ], [ -125.189727270401633, 50.852463926628879 ], [ -125.179418037931541, 50.864769268600703 ], [ -125.178378997469125, 50.873442114313299 ], [ -125.181037779049973, 50.875609164784805 ], [ -125.200332756626651, 50.879009806267653 ], [ -125.223604805999145, 50.877780220954513 ], [ -125.227953494871727, 50.870775671020887 ], [ -125.232031142821398, 50.869948768572243 ], [ -125.242574154760803, 50.872668253142479 ], [ -125.249318706695533, 50.879701622283697 ], [ -125.244308628589664, 50.885586419830801 ], [ -125.231145355717047, 50.892410668482668 ], [ -125.235181082896702, 50.903909759713031 ], [ -125.250181254086115, 50.909039281774298 ], [ -125.250423942762126, 50.921822137580499 ], [ -125.244588433483358, 50.927416143680375 ], [ -125.227283641495049, 50.923426574830131 ], [ -125.225317417249471, 50.933862522793198 ], [ -125.211340153518435, 50.934798560769934 ], [ -125.206223172179378, 50.942756298582452 ], [ -125.201456011390562, 50.945311719789075 ], [ -125.195306155874718, 50.944910271743701 ], [ -125.198142412044476, 50.947517738929342 ], [ -125.198551746528082, 50.957941665625327 ], [ -125.205391926066525, 50.962448569997775 ], [ -125.231416760938615, 50.955826440541564 ], [ -125.25593076695634, 50.9601999442364 ], [ -125.277576688400245, 50.95577928730512 ], [ -125.283079145559284, 50.959411208034147 ], [ -125.294244640642873, 50.959131042608099 ], [ -125.309573969195952, 50.954061706699008 ], [ -125.320807157072792, 50.955349975163799 ], [ -125.339689344391459, 50.952994787501716 ], [ -125.357737970446138, 50.946627604048693 ], [ -125.363999800632257, 50.942084383209355 ], [ -125.374894090238755, 50.940005999558565 ], [ -125.394430154658139, 50.939440722612275 ], [ -125.410808114387123, 50.94294372719996 ], [ -125.418349117433706, 50.942518360926876 ], [ -125.426953487606198, 50.93356101617546 ], [ -125.446340492922815, 50.930288345627446 ], [ -125.451073688445746, 50.924166233437859 ], [ -125.458294857195312, 50.921936540614617 ], [ -125.464606951597361, 50.915687283698141 ], [ -125.470563853748786, 50.915763758253448 ], [ -125.473562566825521, 50.908692788625153 ], [ -125.480819702623648, 50.907553473483318 ], [ -125.487604731675461, 50.910017382445147 ], [ -125.491453677960109, 50.907354104766078 ], [ -125.498326325897466, 50.899304269484212 ], [ -125.500698234697097, 50.885670251808243 ], [ -125.505146794877561, 50.880632084989585 ], [ -125.499383930622884, 50.869991634759884 ], [ -125.506500820268855, 50.85886048776603 ], [ -125.503074510689856, 50.848813373762958 ], [ -125.5058249959161, 50.84267849504937 ], [ -125.516534020666541, 50.835816969773148 ], [ -125.529125112857173, 50.836948951501114 ], [ -125.543747733905931, 50.833225584602864 ], [ -125.545943008641629, 50.828913858194227 ], [ -125.536668488059277, 50.821438307426966 ], [ -125.530533454778507, 50.808430462583146 ], [ -125.517186135505185, 50.803860930690526 ], [ -125.507489001333028, 50.795190074122772 ], [ -125.496470950228868, 50.793812225734065 ], [ -125.509494088532605, 50.792115903698402 ], [ -125.515154101181594, 50.783879304629934 ], [ -125.525224115713968, 50.779513861026459 ], [ -125.539834721150356, 50.779948380107207 ], [ -125.563947262988293, 50.776472133727438 ], [ -125.572092552754043, 50.745678573929112 ], [ -125.562353889322594, 50.734869896489549 ], [ -125.578667791137249, 50.71754627123812 ], [ -125.576504420988385, 50.712633626568554 ], [ -125.556920719626845, 50.705468906650481 ], [ -125.567982557393165, 50.692560104613399 ], [ -125.567014029152915, 50.687530613048274 ], [ -125.559253807082698, 50.685142761601981 ], [ -125.577062474852582, 50.669346704540857 ], [ -125.58365716602097, 50.667779282298561 ], [ -125.582794908030323, 50.65071810680832 ], [ -125.586999391375713, 50.643951772959198 ], [ -125.584813223761543, 50.640003756237746 ], [ -125.597691756963371, 50.626031404614004 ], [ -125.593594177118945, 50.612734049602345 ], [ -125.605206401065502, 50.605409053733403 ], [ -125.61807626121967, 50.602801503056604 ], [ -125.630715877800853, 50.596921531489265 ], [ -125.638172535761683, 50.608154238269016 ], [ -125.639238862052437, 50.601015167964661 ], [ -125.653958773422303, 50.59550078164542 ], [ -125.657584273219371, 50.586503102601988 ], [ -125.672321798983305, 50.589848350501683 ], [ -125.675580928486781, 50.597617845278378 ], [ -125.682737846051154, 50.59738121554723 ], [ -125.690771373960118, 50.602550801745153 ], [ -125.690808612050404, 50.605479108917066 ], [ -125.706329729817867, 50.605038727554067 ], [ -125.716132707482416, 50.608680661616773 ], [ -125.736706817118275, 50.607940013792238 ], [ -125.761002668529628, 50.599157249676232 ], [ -125.773128523546205, 50.598256599311632 ], [ -125.797259972230776, 50.584898467120446 ], [ -125.811109300258039, 50.571124446024825 ], [ -125.821743126444659, 50.565648028018934 ], [ -125.862574104391868, 50.575065473167371 ], [ -125.881526230407658, 50.577616161288383 ], [ -125.899058216933852, 50.577316192106828 ], [ -126.031666744817556, 50.55734632140171 ], [ -126.07003314234089, 50.544052060296835 ], [ -126.139116746694711, 50.512848390336238 ], [ -126.166626532401125, 50.490829492775468 ], [ -126.180507609981447, 50.491248673858969 ], [ -126.204860940437982, 50.500066999604954 ], [ -126.216120285168643, 50.497350842997086 ], [ -126.229672537718969, 50.498321551762423 ], [ -126.233924273247609, 50.501571317196479 ], [ -126.239208427323206, 50.501894744867812 ], [ -126.241540230843512, 50.507392287761803 ], [ -126.270249192568613, 50.507313773574815 ], [ -126.27730625302182, 50.510663355048386 ], [ -126.275748155034265, 50.513478314076252 ], [ -126.283339567754922, 50.514915357271164 ], [ -126.287259512173151, 50.520853523726821 ], [ -126.28289764959581, 50.527273445288799 ], [ -126.253289237865431, 50.526344289429396 ], [ -126.233231410890042, 50.532237540317475 ], [ -126.224054728006919, 50.530129953778285 ], [ -126.210532278106129, 50.537344875793025 ], [ -126.195190940938176, 50.534241279115406 ], [ -126.190585054451773, 50.53099076936013 ], [ -126.186851847664244, 50.524486850135666 ], [ -126.186963555207058, 50.513587380286609 ], [ -126.181546174341435, 50.520229643136048 ], [ -126.172035013088433, 50.520475557312238 ], [ -126.177034466500288, 50.532929685478756 ], [ -126.185334391949539, 50.537403794531151 ], [ -126.189615400523479, 50.546826170103358 ], [ -126.186443739470306, 50.548179630201588 ], [ -126.189980744185078, 50.550424267865125 ], [ -126.186334589253647, 50.560428504596956 ], [ -126.190252643670163, 50.568394147683549 ], [ -126.168618193080931, 50.57753077506856 ], [ -126.158900812378036, 50.576313687005126 ], [ -126.150452244189523, 50.578913428154266 ], [ -126.15260646761773, 50.587223745382509 ], [ -126.129496857494345, 50.588275493498983 ], [ -126.125993518170318, 50.592434498796266 ], [ -126.111857556807678, 50.590213804436615 ], [ -126.104463773263888, 50.593709497954947 ], [ -126.102180492135943, 50.597529633724491 ], [ -126.071306576456323, 50.599473362378866 ], [ -126.06691313190305, 50.602628134086586 ], [ -126.061612619030555, 50.60262901732937 ], [ -126.052809084961098, 50.60982764155758 ], [ -126.037624929399144, 50.608489009097021 ], [ -126.029870695869988, 50.611979277344233 ], [ -126.005511615292406, 50.610653576044513 ], [ -125.998426279488498, 50.614996093650831 ], [ -126.002933823203875, 50.617837599259296 ], [ -126.002587716534777, 50.621067098636964 ], [ -125.988728936580898, 50.618816775750474 ], [ -125.957864329695823, 50.622897434939986 ], [ -125.946706570273307, 50.627858187632597 ], [ -125.937746338931859, 50.635658214985483 ], [ -125.943759872903925, 50.639077841724479 ], [ -125.957540725409174, 50.639133317307731 ], [ -125.970623387728338, 50.642686465980454 ], [ -125.984417997785869, 50.637134254851162 ], [ -126.002804158980069, 50.633882344085968 ], [ -126.011010341408777, 50.626258405476754 ], [ -126.027062775095033, 50.620858409407944 ], [ -126.039937785162806, 50.618262835960309 ], [ -126.048592038973581, 50.619823042146976 ], [ -126.060942460063018, 50.617229742672713 ], [ -126.075605517323837, 50.61721231517874 ], [ -126.121427961258803, 50.599860058788735 ], [ -126.130243676949419, 50.597370128248144 ], [ -126.147884619801076, 50.59801059539781 ], [ -126.189619656997806, 50.579740104870396 ], [ -126.199660084493033, 50.578371687362221 ], [ -126.201185902002194, 50.58013593460155 ], [ -126.20758788941724, 50.576625878350043 ], [ -126.206630316294735, 50.564200871960139 ], [ -126.213137820524793, 50.559463549354177 ], [ -126.223556325149758, 50.561916545455595 ], [ -126.219821990348663, 50.558660987101895 ], [ -126.224392636729647, 50.555621422247079 ], [ -126.218383454074967, 50.551925171166744 ], [ -126.221899357009292, 50.550237125053648 ], [ -126.221523898474416, 50.546530791909056 ], [ -126.234563961617113, 50.546607935776429 ], [ -126.246850935657918, 50.538038918665045 ], [ -126.251617894386627, 50.540049259812236 ], [ -126.255832880716909, 50.537234284731497 ], [ -126.257420884190807, 50.538801080005641 ], [ -126.275547951342162, 50.534819204820096 ], [ -126.277662661794807, 50.535597259596592 ], [ -126.270110890737556, 50.538541990745692 ], [ -126.280683862903473, 50.538285535956511 ], [ -126.263319263509615, 50.54956331708572 ], [ -126.268967167058349, 50.551009201151352 ], [ -126.26916856778756, 50.554602953091511 ], [ -126.266352883059284, 50.55495052629486 ], [ -126.269912009754549, 50.559090985683532 ], [ -126.263770516979122, 50.563939129337946 ], [ -126.251803044120521, 50.567677826884534 ], [ -126.255511532256023, 50.569240927483847 ], [ -126.267483450211998, 50.56640139640426 ], [ -126.271561698219514, 50.569644901190706 ], [ -126.275611476494959, 50.568732565941581 ], [ -126.279908382378366, 50.551760520671856 ], [ -126.293377178426951, 50.538698610404261 ], [ -126.316356048967876, 50.525027633224347 ], [ -126.33502090125593, 50.522830094033971 ], [ -126.339923934198964, 50.520459590458842 ], [ -126.352625922920026, 50.521648690642792 ], [ -126.361947992118914, 50.519701657408312 ], [ -126.393207153301148, 50.528006671721755 ], [ -126.400379901767096, 50.522032723775034 ], [ -126.414626961283844, 50.520290373840155 ], [ -126.416863455556381, 50.514214488084832 ], [ -126.433218070712158, 50.512570675445275 ], [ -126.449103320973137, 50.514638123208954 ], [ -126.4594680762292, 50.512346280300633 ], [ -126.461960090485945, 50.514019448542541 ], [ -126.473226329242095, 50.513850770207299 ], [ -126.475361977683164, 50.515867123223032 ], [ -126.488051797591083, 50.51546734536501 ], [ -126.489119404614001, 50.517145636328053 ], [ -126.501266061283502, 50.516075592297568 ], [ -126.515241882608535, 50.52072864881174 ], [ -126.528464425428112, 50.52122590809212 ], [ -126.530781687043856, 50.524126528329063 ], [ -126.544033045923584, 50.526529812735575 ], [ -126.567262449776877, 50.52427427151558 ], [ -126.566520177068298, 50.521694922492017 ], [ -126.569949245366047, 50.521880684176395 ], [ -126.569610281188972, 50.503275710700073 ], [ -126.568204906408582, 50.488326048108235 ], [ -126.565191035674232, 50.487217083579729 ], [ -126.545969051021444, 50.485410111769021 ], [ -126.535611208459272, 50.487484938048162 ], [ -126.517069015086975, 50.483762614067295 ], [ -126.50582545395261, 50.484718540242604 ], [ -126.47319632205982, 50.479813185495317 ], [ -126.4616032267093, 50.482007786276 ], [ -126.455233620577744, 50.479340809722956 ], [ -126.440608416148919, 50.478948294383784 ], [ -126.425612341767959, 50.475531788971324 ], [ -126.400514557547083, 50.4826014408454 ], [ -126.371976840557295, 50.481141745037831 ], [ -126.361962694253862, 50.482750016227499 ], [ -126.334464418172274, 50.478129225771035 ], [ -126.318626087317384, 50.479753283122108 ], [ -126.302401942524639, 50.475762166049087 ], [ -126.287210023281062, 50.467834909967401 ], [ -126.286174400395012, 50.470653294602073 ], [ -126.282798990248907, 50.466841003800781 ], [ -126.273947484021562, 50.466121396931342 ], [ -126.271208343756186, 50.4688994397088 ], [ -126.263635653649132, 50.468244968242168 ], [ -126.25345189625358, 50.472763465967908 ], [ -126.244112767986309, 50.469987755069909 ], [ -126.240249159591713, 50.471227730486923 ], [ -126.230538509994943, 50.466877119803442 ], [ -126.222448558385423, 50.468806838487694 ], [ -126.193546423167291, 50.459216565202617 ], [ -126.195667203717633, 50.462910854933142 ], [ -126.177018972485101, 50.462729262527802 ], [ -126.170850245890321, 50.45960207226539 ], [ -126.173285759380022, 50.456333231954403 ], [ -126.160083164740755, 50.454454913839342 ], [ -126.144971930010371, 50.45830394627351 ], [ -126.124915551168201, 50.456991213069152 ], [ -126.119976092858806, 50.453180801187891 ], [ -126.105898383741561, 50.452975576591946 ], [ -126.087773214220221, 50.449185620437497 ], [ -126.077905327925706, 50.444476243239173 ], [ -126.053789950153501, 50.438551278258259 ], [ -126.03882799579894, 50.430929457227784 ], [ -126.026511775243989, 50.429706599208281 ], [ -126.012091860199604, 50.423876433510195 ], [ -126.019479241182026, 50.378110817476617 ], [ -126.017463586394811, 50.334587238080708 ], [ -126.003182621043521, 50.309783609476789 ], [ -126.001922874810461, 50.286800169317388 ], [ -126.00847043257005, 50.26579455060746 ], [ -126.033653696928241, 50.220168277930433 ], [ -126.034832326081883, 50.209212138164155 ], [ -126.040089837851781, 50.205754461911404 ], [ -126.038638948112521, 50.196509630668828 ], [ -126.04511422542177, 50.195150673893195 ], [ -126.048330871191752, 50.190248796165427 ], [ -126.045932578101755, 50.180723610752594 ], [ -126.051396212132502, 50.166615582341308 ], [ -126.051336842718158, 50.156583287963102 ], [ -126.08292130208541, 50.138887235270126 ], [ -126.178936040922451, 50.101582661270108 ], [ -126.230596069729287, 50.076716210712831 ], [ -126.239877559476213, 50.068269146172312 ], [ -126.243186521653882, 50.061261078285746 ], [ -126.235857031632364, 50.022187917857615 ], [ -126.226488661342117, 50.011525066250677 ], [ -126.219097552768886, 50.014404524459238 ], [ -126.206085619398849, 50.009857509365972 ], [ -126.205528001391031, 49.995613088978509 ], [ -126.19979679109035, 49.991445911576569 ], [ -126.192354038539889, 49.990744984408245 ], [ -126.189603534489251, 49.984491795076728 ], [ -126.183207511812256, 49.988278720994714 ], [ -126.18291914789755, 49.992227178292843 ], [ -126.173096954179243, 49.993065107276458 ], [ -126.178185344606518, 50.005798789838586 ], [ -126.175610176036685, 50.009486722915348 ], [ -126.155738296989895, 50.012581378337465 ], [ -126.126216630996907, 50.029005496902251 ], [ -126.110684271039815, 50.027846831068715 ], [ -126.100158446599096, 50.030907451467073 ], [ -126.086581325393396, 50.029044509384207 ], [ -126.078478445460249, 50.017519063508196 ], [ -126.072756127504675, 50.014359900056704 ], [ -126.062218253510579, 50.011807616689005 ], [ -126.056222439846096, 50.013790979490686 ], [ -126.044059645431346, 50.008369208830608 ], [ -126.030194212220735, 50.00896327832897 ], [ -126.02055442789478, 50.005111465958862 ], [ -126.016750532998117, 50.000325836209925 ], [ -126.014707013942115, 50.002637212714859 ], [ -126.004087783242056, 50.003098340066401 ], [ -125.997598174071214, 50.009173762604703 ], [ -125.993060209354326, 50.004614804328341 ], [ -125.980580484384873, 50.00382434306966 ], [ -125.965707812616202, 50.009929742041422 ], [ -125.949367356297529, 50.002574807447516 ], [ -125.925716029113616, 50.008799061791805 ], [ -125.91882613175521, 50.017687235747715 ], [ -125.913457867606112, 50.018655658952532 ], [ -125.914593610482513, 50.002077434503562 ], [ -125.882533967164647, 49.97260405025208 ], [ -125.884640980561755, 49.968646434739711 ], [ -125.898559265494754, 49.963104886069772 ], [ -125.907424025977036, 49.95223872610832 ], [ -125.910123089141877, 49.942329449027497 ], [ -125.905028952012188, 49.923040461987767 ], [ -125.893781580222154, 49.905043707576553 ], [ -125.884662434751107, 49.900430261938133 ], [ -125.881089240636172, 49.894074888994489 ], [ -125.880032941939874, 49.888250022160378 ], [ -125.886033396165686, 49.883730326812767 ], [ -125.884628960020692, 49.877483045676335 ], [ -125.877274297258239, 49.871783210914614 ], [ -125.91526118024936, 49.835956948307377 ], [ -125.915065473104264, 49.831896075511168 ], [ -125.906792197431272, 49.826954032981725 ], [ -125.912044871298775, 49.817368992805967 ], [ -125.910918486916685, 49.804053689602242 ], [ -125.916391781059019, 49.788995313607053 ], [ -125.913642306226194, 49.77313147061512 ], [ -125.904541499573483, 49.764320578664872 ], [ -125.90117433202235, 49.756023962245166 ], [ -125.861477567258774, 49.750552595710246 ], [ -125.853311821174074, 49.745731047492306 ], [ -125.85023971380383, 49.734018210677405 ], [ -125.830318708773191, 49.720637101562083 ], [ -125.841491295789751, 49.71896239958383 ], [ -125.837999774761556, 49.712770852105173 ], [ -125.832385881414851, 49.709543377513825 ], [ -125.820961023621791, 49.691831054325775 ], [ -125.811672234004888, 49.688490656335432 ], [ -125.805715581547545, 49.681907753935462 ], [ -125.804646067846946, 49.665460485581384 ], [ -125.790606843355164, 49.660512666017432 ], [ -125.766266020638582, 49.661811189133765 ], [ -125.747765102647492, 49.650475575949081 ], [ -125.734459527454533, 49.647180219858825 ], [ -125.728233308573621, 49.629388999458818 ], [ -125.709034982704623, 49.629221553353837 ], [ -125.70214125416615, 49.615866052698124 ], [ -125.689260499489293, 49.610237511104003 ], [ -125.693465532975253, 49.603127482252908 ], [ -125.719220316672036, 49.604408316076153 ], [ -125.725866582502874, 49.601650095468827 ], [ -125.730223649829995, 49.588085368490155 ], [ -125.724100857728502, 49.582756252622879 ], [ -125.745502190828333, 49.577549592681969 ], [ -125.744987934549272, 49.565576193442219 ], [ -125.734501067722817, 49.559790618433567 ], [ -125.736765215236176, 49.55155486453949 ], [ -125.72836804749187, 49.539424992679997 ], [ -125.739185747953442, 49.528979741204388 ], [ -125.737708592609479, 49.519275454645502 ], [ -125.715962663424577, 49.513535605856404 ], [ -125.702099796371272, 49.514303089474915 ], [ -125.691784861451524, 49.518242223089942 ], [ -125.678756986423366, 49.51404490130043 ], [ -125.643025779153405, 49.51809559255846 ], [ -125.63630385310482, 49.516560753612197 ], [ -125.631781199359708, 49.512494171227971 ], [ -125.634453541650416, 49.506043038985062 ], [ -125.64060319363648, 49.502516016586121 ], [ -125.629582733656846, 49.496226894847659 ], [ -125.624622863706932, 49.49648541914663 ], [ -125.618060420274034, 49.502411122387734 ], [ -125.591765595597494, 49.506792547169063 ], [ -125.582842661876811, 49.506434519505937 ], [ -125.572322927821816, 49.501550715954835 ], [ -125.567020776319325, 49.493672743478534 ], [ -125.560148128670022, 49.489582977245583 ], [ -125.540514253543719, 49.489916967180193 ], [ -125.533287693074342, 49.486288372951989 ], [ -125.503191171246513, 49.480298085258816 ], [ -125.492481327916735, 49.487815896150558 ], [ -125.495186919135122, 49.496647188704131 ], [ -125.490370577472817, 49.500999005701615 ], [ -125.491900822628139, 49.506604167954798 ], [ -125.485380481986482, 49.514050745425706 ], [ -125.484563020933777, 49.520045216061568 ], [ -125.469805403110726, 49.529390069245295 ], [ -125.447247722433417, 49.535277150966955 ], [ -125.437968331721592, 49.551894409040621 ], [ -125.425335539135787, 49.556008920677172 ], [ -125.408027044389442, 49.546767534606829 ], [ -125.395011466899348, 49.547908091499316 ], [ -125.390590630394826, 49.534604544923845 ], [ -125.383062541925682, 49.527662156148281 ], [ -125.38885371875125, 49.520453775125389 ], [ -125.38197960208646, 49.50344897798476 ], [ -125.383544927336828, 49.490017249944387 ], [ -125.37483382510149, 49.478362288519371 ], [ -125.35033317808282, 49.477229939274416 ], [ -125.347727087010085, 49.474763945675662 ], [ -125.307528943222962, 49.470459251366655 ], [ -125.297105374732695, 49.47200727494964 ], [ -125.269966850192688, 49.482798509790229 ], [ -125.226323163842267, 49.489053910888899 ], [ -125.181625449246027, 49.489865410675641 ], [ -125.168277396626578, 49.483652839328975 ], [ -125.134150988717735, 49.479767421006351 ], [ -125.130442283529646, 49.485098159093099 ], [ -125.144652785815694, 49.497195863502562 ], [ -125.146103066491904, 49.50056046672676 ], [ -125.143173709733759, 49.504973128209024 ], [ -125.133948834302771, 49.505071735666228 ], [ -125.106556611507031, 49.499663873448455 ], [ -125.099566050115939, 49.502777387759842 ], [ -125.086979838942412, 49.515689193800512 ], [ -125.088758892185112, 49.517510418707559 ], [ -125.107584520171159, 49.518851031306092 ], [ -125.113190102482505, 49.524425138759327 ], [ -125.116062529553247, 49.543205058286773 ], [ -125.102559055904891, 49.553495073289476 ], [ -125.075381963571346, 49.553500046111388 ], [ -125.004412927420134, 49.537335969784202 ], [ -124.956895347697298, 49.533274130101375 ], [ -124.894045993990588, 49.534837493257356 ], [ -124.861666125662921, 49.540849400909238 ], [ -124.843516241812083, 49.522426048154571 ], [ -124.832719392957927, 49.52376700815482 ], [ -124.829275338828111, 49.52218430071003 ], [ -124.835318648056926, 49.519381051705388 ], [ -124.831786552616634, 49.518762087757239 ], [ -124.831281361218444, 49.5156128214647 ], [ -124.836032727455077, 49.515564560869763 ], [ -124.820626234801964, 49.503628082472041 ], [ -124.817282246770731, 49.497608804849875 ], [ -124.819109658772859, 49.495142175597174 ], [ -124.808661918185877, 49.497546052342884 ], [ -124.806975601033912, 49.50653173360682 ], [ -124.791926474995748, 49.496501995738086 ], [ -124.789703809180565, 49.491220075123316 ], [ -124.791786850973551, 49.490036455860057 ], [ -124.797980213253567, 49.493250612324807 ], [ -124.796292992484851, 49.484875070958914 ], [ -124.801225823539752, 49.481569132972012 ], [ -124.791939451765259, 49.472672730813962 ], [ -124.793282787561395, 49.462954700812297 ], [ -124.787863784644102, 49.458900630898142 ], [ -124.780633538866581, 49.458544472690946 ], [ -124.779063656849004, 49.460565667089327 ], [ -124.785179533104284, 49.461757687038137 ], [ -124.774476801597558, 49.46690595630654 ], [ -124.758635128393394, 49.461255808227072 ], [ -124.75814090982108, 49.455920026902163 ], [ -124.746104170982974, 49.450777179091737 ], [ -124.744706327635711, 49.454540494338481 ], [ -124.736346992171832, 49.455368026375446 ], [ -124.725513274105751, 49.465173226542369 ], [ -124.736637606791291, 49.465537345397578 ], [ -124.724460602935309, 49.467032886743965 ], [ -124.716852909151044, 49.457457977766154 ], [ -124.687081920459377, 49.448891723630396 ], [ -124.653651076151988, 49.424691195486552 ], [ -124.641520909437062, 49.421112696100103 ], [ -124.630629430554279, 49.404949015025196 ], [ -124.612147912036804, 49.40089952787708 ], [ -124.611567493774061, 49.397471244546672 ], [ -124.579250153722697, 49.38206710112707 ], [ -124.524337444878171, 49.37298118704971 ], [ -124.508049340681964, 49.366502269671145 ], [ -124.489020973782317, 49.367657495697884 ], [ -124.485646230044225, 49.369500180895962 ], [ -124.459045824695679, 49.35504134535342 ], [ -124.419066295299942, 49.360189884897316 ], [ -124.361179008259782, 49.353086860680222 ], [ -124.359342247096578, 49.348916716316729 ], [ -124.354768386047297, 49.349843121004106 ], [ -124.356124266218828, 49.345023521821332 ], [ -124.34685661518786, 49.343449692132303 ], [ -124.330530117126784, 49.335884723184662 ], [ -124.318233347207226, 49.323836822153737 ], [ -124.31229410491926, 49.32403034761446 ], [ -124.304216269723582, 49.329825030507507 ], [ -124.297079674209684, 49.330067262968235 ], [ -124.290855151227106, 49.325756004014153 ], [ -124.293824664399438, 49.329312128905563 ], [ -124.287290517176004, 49.328881449818041 ], [ -124.286669286301262, 49.330390625750589 ], [ -124.292248005578273, 49.331101952622554 ], [ -124.286343649655919, 49.332064444397972 ] ] ] } },
{ "type": "Feature", "properties": { "NAME": "Gwa'Sala-'Nakwaxda'xw Nation (proposed)", "SCALE": "n/a" }, "geometry": { "type": "Polygon", "coordinates": [ [ [ -126.512092240162048, 51.421877116296812 ], [ -126.529865135353432, 51.416782796350056 ], [ -126.536232015723215, 51.411116145963859 ], [ -126.542346137074816, 51.411586377976221 ], [ -126.551139534742148, 51.41703213119375 ], [ -126.56049319071532, 51.413989566610866 ], [ -126.569083214735784, 51.404985614735608 ], [ -126.591626663101465, 51.405424047293614 ], [ -126.598267532402545, 51.420283461099288 ], [ -126.611244338358446, 51.420467909936292 ], [ -126.620545236428896, 51.438869204776125 ], [ -126.633483431393103, 51.444500648492642 ], [ -126.647982733406209, 51.444927118505184 ], [ -126.662606044549477, 51.4493928231458 ], [ -126.681358363979655, 51.467725983947275 ], [ -126.691824761901302, 51.471988345820513 ], [ -126.699281982473565, 51.479473603842933 ], [ -126.712072762576895, 51.46998465620041 ], [ -126.709415901359989, 51.457818185657935 ], [ -126.720939185582878, 51.45238613233564 ], [ -126.7314174916269, 51.433990947307393 ], [ -126.739620937222071, 51.431622365886462 ], [ -126.754191504406649, 51.436282437282742 ], [ -126.756095755101242, 51.445195457535213 ], [ -126.763174300533748, 51.451284471714146 ], [ -126.771362176269648, 51.448895376145089 ], [ -126.784560447997862, 51.449649332076554 ], [ -126.787240788694007, 51.440949414265127 ], [ -126.801904566086776, 51.439480756119664 ], [ -126.809692756505825, 51.443179011175175 ], [ -126.823896252998168, 51.443956324752584 ], [ -126.830730039418711, 51.449775842242275 ], [ -126.826755742435424, 51.460629081486999 ], [ -126.834948503423107, 51.473236475990632 ], [ -126.843855736165921, 51.479282308099727 ], [ -126.852968365471185, 51.48146410672436 ], [ -126.864116143338151, 51.494384244587685 ], [ -126.881630344053278, 51.497489999558091 ], [ -126.884610171769779, 51.496050947796931 ], [ -126.893557719753019, 51.499836348892899 ], [ -126.904886183059645, 51.499832547876593 ], [ -126.900032396360871, 51.503235033702232 ], [ -126.899173310363466, 51.51257252098641 ], [ -126.908599343376835, 51.519557867113328 ], [ -126.909088091685874, 51.526590212803121 ], [ -126.915334091940153, 51.528473086430068 ], [ -126.919237069675532, 51.542895395692511 ], [ -126.940525562028881, 51.547111271983212 ], [ -126.949919845299505, 51.553472089925741 ], [ -126.955986265211408, 51.551473621481854 ], [ -126.975964878990169, 51.552557587760838 ], [ -126.988582134484901, 51.546848309181186 ], [ -127.002799455281888, 51.549708276223555 ], [ -127.015346244354518, 51.549435674779637 ], [ -127.027558333604233, 51.553895377304443 ], [ -127.046057394197689, 51.549798540043845 ], [ -127.052564722687208, 51.551696374247634 ], [ -127.056848243971032, 51.539950756236507 ], [ -127.071591723553922, 51.534996258863757 ], [ -127.079634922603688, 51.522628136012976 ], [ -127.085433475708427, 51.521967567043163 ], [ -127.092973739993312, 51.514743259846654 ], [ -127.099860790416699, 51.513353272906706 ], [ -127.102395558771875, 51.522890817007109 ], [ -127.11336190301121, 51.530792664912248 ], [ -127.114532002304671, 51.536234175022024 ], [ -127.120532993143357, 51.539154267499391 ], [ -127.128341476737418, 51.551662273071678 ], [ -127.147412688194152, 51.5554183254362 ], [ -127.159460044400291, 51.549951562545644 ], [ -127.163401062953625, 51.544545742204207 ], [ -127.15927260622972, 51.535344337130979 ], [ -127.172465397967386, 51.519386615135232 ], [ -127.170556301969739, 51.505643621453977 ], [ -127.198308322721985, 51.469299085201257 ], [ -127.19308981600426, 51.463522206743136 ], [ -127.176962987929983, 51.456597959458833 ], [ -127.176740128067522, 51.448247197568612 ], [ -127.166241348492491, 51.443469485237031 ], [ -127.140073839453578, 51.448265360923408 ], [ -127.129333801751486, 51.44431532822221 ], [ -127.12022790442191, 51.436286930874957 ], [ -127.142536738917315, 51.406178323940502 ], [ -127.190072100627845, 51.374418625201095 ], [ -127.199466825835074, 51.37235310316251 ], [ -127.208850651014458, 51.373830078219711 ], [ -127.212998425191756, 51.377726194682502 ], [ -127.202414975781835, 51.388955270810236 ], [ -127.209830373244472, 51.391157718454259 ], [ -127.225454906238227, 51.389729322373057 ], [ -127.310235861603005, 51.361457038772841 ], [ -127.316576948318172, 51.361596796722495 ], [ -127.323224804609723, 51.364356295270042 ], [ -127.327812658993111, 51.369844570489249 ], [ -127.341331636971304, 51.406216988044847 ], [ -127.351925743351501, 51.411148234456121 ], [ -127.366857962967458, 51.411757713328399 ], [ -127.408366891767599, 51.393227683254821 ], [ -127.501622625959129, 51.369890282992671 ], [ -127.561975712071458, 51.371289207701338 ], [ -127.619869048572454, 51.353869940473928 ], [ -127.658938135042987, 51.355519188312719 ], [ -127.693637149222397, 51.368560243508966 ], [ -127.737230126836309, 51.397768683107948 ], [ -127.775653864290902, 51.411150691646618 ], [ -127.833294785448217, 51.437877134826294 ], [ -127.869599439280321, 51.449581651398944 ], [ -127.904937038816044, 51.45537049871654 ], [ -127.975415678281522, 51.461909285078413 ], [ -128.111510284910537, 51.45219017402956 ], [ -128.19716267209273, 51.437697892239605 ], [ -128.27433569707469, 51.417132932833006 ], [ -128.337946801516182, 51.367946286409648 ], [ -128.37460977443061, 51.328095785564351 ], [ -128.396347027252688, 51.290199226857453 ], [ -128.394145374243067, 51.249502084786776 ], [ -128.369037013633459, 51.207634203249249 ], [ -128.337895276869347, 51.166986331038281 ], [ -128.289545773275364, 51.119957268243802 ], [ -128.187755826907903, 51.058786219774333 ], [ -127.997479584374688, 50.99982426220695 ], [ -127.920198808134572, 50.983407035310201 ], [ -127.852772264485978, 50.960431634986534 ], [ -127.791983152694741, 50.950633226262013 ], [ -127.715479040775151, 50.923914002424617 ], [ -127.667040255806725, 50.892606319446394 ], [ -127.651186803374301, 50.85794656402522 ], [ -127.640171340111408, 50.845102204741238 ], [ -127.633830391955257, 50.82267103297508 ], [ -127.618362688895402, 50.811158065649529 ], [ -127.510613087042174, 50.784113636637748 ], [ -127.480110676230339, 50.771197037606314 ], [ -127.491020590986551, 50.76056394576657 ], [ -127.510907177567958, 50.75914937427828 ], [ -127.52362066137151, 50.75178257465992 ], [ -127.533296578100078, 50.739247745382144 ], [ -127.528995809579584, 50.725491616116422 ], [ -127.515511531738127, 50.726293330831176 ], [ -127.502387361649681, 50.731573100441523 ], [ -127.493934577959266, 50.729736764392655 ], [ -127.467175412483371, 50.732572873228534 ], [ -127.456950890249431, 50.736428802491552 ], [ -127.452239979921089, 50.746183368544344 ], [ -127.427655313484095, 50.751647331762612 ], [ -127.409575629457279, 50.751171044748411 ], [ -127.346923129747836, 50.760566205609891 ], [ -127.292069288076021, 50.765963632105674 ], [ -127.253376001411667, 50.7594376129937 ], [ -127.213813421493938, 50.757340950186375 ], [ -127.187684805605187, 50.752555117973237 ], [ -127.139618547767313, 50.747827487152684 ], [ -127.087870577816716, 50.747172939381954 ], [ -127.032564674368118, 50.752378642560117 ], [ -127.005169252852539, 50.766671171552623 ], [ -126.994241051547348, 50.788806917615247 ], [ -127.005101865953037, 50.830680556621012 ], [ -127.140387712545831, 50.873804184358654 ], [ -127.16632169609629, 50.895500616648206 ], [ -127.168365385293114, 50.906554816508617 ], [ -127.178070781928554, 50.910789722014471 ], [ -127.200867021180073, 50.912755797311064 ], [ -127.209956517076549, 50.916127830593844 ], [ -127.209360385130054, 50.921811710429559 ], [ -127.198757686140468, 50.927276746450673 ], [ -127.20149077476357, 50.945234904555271 ], [ -127.199352537290579, 50.949420566571163 ], [ -127.189986375158909, 50.954661373177686 ], [ -127.179703248512737, 50.953666315788254 ], [ -127.162820276384693, 50.95857318312877 ], [ -127.127048511494266, 50.958780132576493 ], [ -127.106571727666747, 50.962555346968905 ], [ -127.1002675815717, 50.968507024676803 ], [ -127.074477753180673, 51.019845615172187 ], [ -127.069354675516863, 51.022715353583855 ], [ -127.057034561244279, 51.023794932211906 ], [ -127.029544167138667, 51.016008737581402 ], [ -127.023138274308209, 51.009759715996452 ], [ -127.018884615481255, 51.009956055923254 ], [ -127.01565441117306, 51.01108928573715 ], [ -127.015633884199488, 51.021180940584145 ], [ -127.010456466330183, 51.024853847475853 ], [ -126.988294326729516, 51.031042095067818 ], [ -126.965632570110117, 51.026975652852741 ], [ -126.955676076938175, 51.017448703825828 ], [ -126.953771422945678, 51.010369481332454 ], [ -126.949373141890831, 51.007181711821922 ], [ -126.940448379961992, 51.008116560053438 ], [ -126.919659070303865, 51.016287492793914 ], [ -126.877618154465821, 51.025482078122998 ], [ -126.862126581737201, 51.043318888475994 ], [ -126.846130776503031, 51.053170782462558 ], [ -126.818368340314734, 51.056933037460418 ], [ -126.80452252803876, 51.053633561188981 ], [ -126.7782647395467, 51.057444722960717 ], [ -126.768724057881229, 51.056721775896037 ], [ -126.765909677360938, 51.053429808266976 ], [ -126.77224665936194, 51.037327808252869 ], [ -126.747218241607442, 51.01424342314936 ], [ -126.742823405420438, 51.007073545633872 ], [ -126.74943557406489, 50.986351097480053 ], [ -126.735526313616987, 50.97464090509996 ], [ -126.729734292279915, 50.972470678720548 ], [ -126.710082686094239, 50.979849715329685 ], [ -126.699204575293408, 50.981332845972474 ], [ -126.649522357718894, 50.980531504002016 ], [ -126.640292202120435, 50.982634152080202 ], [ -126.639611276802725, 50.987525915533524 ], [ -126.652079429888843, 51.001984779135206 ], [ -126.651431988664655, 51.008428126468687 ], [ -126.590558159978499, 51.033511835578921 ], [ -126.584494670933225, 51.043157546959804 ], [ -126.566840112338781, 51.052118196825994 ], [ -126.574272513376144, 51.05592024137308 ], [ -126.57122752825309, 51.061622329081487 ], [ -126.558485122678803, 51.066923846361242 ], [ -126.550689042902093, 51.073371561629301 ], [ -126.552418187620034, 51.082347610875232 ], [ -126.567503426728109, 51.09036200163473 ], [ -126.565417500888699, 51.0950313565478 ], [ -126.554430037973972, 51.09990191765317 ], [ -126.55645131678493, 51.105376236947883 ], [ -126.545890419592666, 51.11180158448299 ], [ -126.544360630130171, 51.115448108433498 ], [ -126.551655840059112, 51.123344233089931 ], [ -126.562777181820664, 51.127022031992567 ], [ -126.567741742423564, 51.132340097129649 ], [ -126.564771720532065, 51.137185593121423 ], [ -126.567351274236259, 51.147419254412917 ], [ -126.562613837143871, 51.150956079407301 ], [ -126.560060269204456, 51.161215231344428 ], [ -126.569364983999336, 51.177123654260832 ], [ -126.583025842908427, 51.177493056467412 ], [ -126.593953912657241, 51.181249992498721 ], [ -126.586894767365806, 51.189303364724566 ], [ -126.606689952724565, 51.195367118751079 ], [ -126.61342721479248, 51.203761438088442 ], [ -126.601397743969002, 51.207553555846125 ], [ -126.586617632722323, 51.221019162487067 ], [ -126.587442128379294, 51.229094669353316 ], [ -126.582649856202551, 51.240139266497955 ], [ -126.597945877947268, 51.252542397870258 ], [ -126.597430216289709, 51.256381226426505 ], [ -126.569529545740622, 51.271949007012111 ], [ -126.563496689332865, 51.281167760994705 ], [ -126.540559076080712, 51.288269856832272 ], [ -126.534235783741977, 51.298938537225141 ], [ -126.522320202148379, 51.298407853962992 ], [ -126.517752652251346, 51.300155172224507 ], [ -126.512325484570155, 51.310310637848069 ], [ -126.501048137977534, 51.305357711497457 ], [ -126.492611858828354, 51.305258397476585 ], [ -126.485304473863337, 51.310875672552498 ], [ -126.4874540887199, 51.325699087752277 ], [ -126.485272609874087, 51.333422580182813 ], [ -126.488739648922333, 51.33925356752372 ], [ -126.486513160167164, 51.344233233125948 ], [ -126.491217862761133, 51.357869768838093 ], [ -126.481872273357681, 51.372203785029058 ], [ -126.474822147977648, 51.37656669978486 ], [ -126.478925498193561, 51.38642246452163 ], [ -126.468218499442045, 51.39697509884455 ], [ -126.472544012123279, 51.401412534665468 ], [ -126.501344648746539, 51.414864791601396 ], [ -126.504127024373275, 51.421058007448543 ], [ -126.512092240162048, 51.421877116296812 ] ] ] } },
{ "type": "Feature", "properties": { "NAME": "Allied Tribes of Lax Kw'alaams", "SCALE": "n/a" }, "geometry": { "type": "Polygon", "coordinates": [ [ [ -130.179021868850867, 55.048548100479607 ], [ -130.205205478461522, 55.048541196857435 ], [ -130.24289734313777, 55.009991585048297 ], [ -130.250874735681464, 54.994995349259462 ], [ -130.286344106203416, 54.957438813933948 ], [ -130.369451091016998, 54.897898008255957 ], [ -130.42368697738749, 54.870470169477123 ], [ -130.463942539806538, 54.843512320975343 ], [ -130.557507493527169, 54.792085944793335 ], [ -130.598557226035979, 54.784514257759987 ], [ -130.630014510718553, 54.781656231850356 ], [ -130.636673760261374, 54.77749052550552 ], [ -130.651372756070145, 54.764258673714409 ], [ -130.624838621775609, 54.736178686949948 ], [ -130.612109571629162, 54.704851739314542 ], [ -131.06852700092486, 54.696487001756125 ], [ -131.16010100068263, 54.604757004871146 ], [ -131.099724003166671, 54.242171004803623 ], [ -130.675782516603334, 53.968438418666537 ], [ -130.635439804108472, 53.965625041508041 ], [ -130.622763835971313, 53.96820249970196 ], [ -130.601178225663546, 53.975205145046729 ], [ -130.585559667879835, 53.984922699430065 ], [ -130.578700899449871, 53.99620625503286 ], [ -130.569591209428353, 54.000352653360835 ], [ -130.547700284563831, 54.001844953948378 ], [ -130.53097642546652, 53.988315989844651 ], [ -130.516830272289013, 53.989416694124223 ], [ -130.500010679364493, 54.001732652597184 ], [ -130.491260960780068, 54.00329389691457 ], [ -130.486351112364417, 54.007372256133912 ], [ -130.474593793602367, 54.011134353023522 ], [ -130.449746116833154, 54.000271313524472 ], [ -130.442840804747192, 53.999385619182391 ], [ -130.438088183848095, 54.00345607386344 ], [ -130.443782469999519, 54.019227489633302 ], [ -130.458161913481263, 54.027033606042835 ], [ -130.479311448370964, 54.033163950613726 ], [ -130.481803582203327, 54.044152887815898 ], [ -130.478109679779237, 54.046933158588033 ], [ -130.459341732803068, 54.05088066893903 ], [ -130.452321060556073, 54.061509061033405 ], [ -130.432217048333143, 54.076582047060057 ], [ -130.433530185438997, 54.087085447329095 ], [ -130.429316358750668, 54.094362816467857 ], [ -130.410683373802215, 54.106551901725155 ], [ -130.395224140713793, 54.106402014031836 ], [ -130.358093442424234, 54.089575867940205 ], [ -130.306722239942104, 54.081916312681749 ], [ -130.253012632953983, 54.047362736294254 ], [ -130.230977116372202, 54.020350385763102 ], [ -130.20125787065237, 53.977216104685901 ], [ -130.194202840738797, 53.959531513291779 ], [ -130.192557666768693, 53.93524635490332 ], [ -130.181970381251915, 53.920533943826058 ], [ -130.156397775083121, 53.909545069719776 ], [ -130.107507627073147, 53.897686768161357 ], [ -130.096025510373494, 53.88988523237515 ], [ -130.080891637535132, 53.873657698877857 ], [ -130.069490647631881, 53.866563619690254 ], [ -130.038466525108873, 53.854904892801876 ], [ -130.017906240860157, 53.840633570726276 ], [ -130.015147411540738, 53.830871109062159 ], [ -130.026471391467197, 53.822774680492834 ], [ -130.025330066421219, 53.817232505825515 ], [ -130.01671596915196, 53.811584218239325 ], [ -130.036166441956283, 53.80416445232936 ], [ -130.044161123520894, 53.807576298360786 ], [ -130.055782887854548, 53.798516722213762 ], [ -130.050424541933324, 53.79525423757481 ], [ -130.037947555451439, 53.793418493721994 ], [ -130.037925189572775, 53.784870342921558 ], [ -130.027122746189661, 53.781552445572864 ], [ -130.024674315365473, 53.77498545772589 ], [ -130.033714151669528, 53.770526254860421 ], [ -130.041512736232846, 53.769907667381773 ], [ -130.046731463813103, 53.762997058589413 ], [ -130.069675732464901, 53.752360909348347 ], [ -130.069760321695213, 53.747285483144005 ], [ -130.057263852940793, 53.745030120296306 ], [ -130.051811257330428, 53.747608212615845 ], [ -130.044080952345013, 53.747641131635902 ], [ -130.024159813950206, 53.742554862726571 ], [ -130.020077034420211, 53.738303336918563 ], [ -130.026514557370348, 53.730906187786388 ], [ -130.018214866288417, 53.725998266748704 ], [ -130.007882808737151, 53.726059174699799 ], [ -129.994794846487991, 53.7225635625365 ], [ -129.989410170663376, 53.731488441221011 ], [ -129.993251403596958, 53.733704252523395 ], [ -129.994492696672438, 53.743913514828982 ], [ -129.999151199194046, 53.75041833221588 ], [ -129.990840455930027, 53.754945900363822 ], [ -130.007271451886794, 53.762764633306027 ], [ -130.007872096322131, 53.786588448119701 ], [ -130.012459745535097, 53.791771984137064 ], [ -130.010140497569466, 53.805184597067559 ], [ -130.002062280189733, 53.811649175264201 ], [ -129.992680252663575, 53.812246312245179 ], [ -129.968707009047051, 53.805774559103163 ], [ -129.939967506278066, 53.787202262989666 ], [ -129.920559904665595, 53.768604245968 ], [ -129.89392876595798, 53.757860233623553 ], [ -129.88222513381433, 53.748979203712487 ], [ -129.846782433000129, 53.732811774906082 ], [ -129.804799121494312, 53.708152401069896 ], [ -129.77766823766305, 53.684436714329117 ], [ -129.763845926935488, 53.663574457480749 ], [ -129.731321038274984, 53.635531684658027 ], [ -129.701066577249321, 53.602709831075209 ], [ -129.624724734620344, 53.551060894179393 ], [ -129.595393223999508, 53.565124095183108 ], [ -129.589170370788253, 53.57250476187977 ], [ -129.572112376147459, 53.577004468974415 ], [ -129.595146404037791, 53.590273189917298 ], [ -129.595650763988658, 53.598947143684669 ], [ -129.631073865565696, 53.61461393426368 ], [ -129.643459758045054, 53.615804118231345 ], [ -129.635402887661627, 53.627017758580259 ], [ -129.638879387845975, 53.633749504436913 ], [ -129.649573384533113, 53.640332463103455 ], [ -129.652523389573986, 53.65754979956295 ], [ -129.638986919494386, 53.665440446442844 ], [ -129.623136173740676, 53.66755926237289 ], [ -129.600306697586149, 53.668461559334496 ], [ -129.589466116299405, 53.664371392167517 ], [ -129.573499096342573, 53.66655828390617 ], [ -129.567124704327767, 53.677093007001602 ], [ -129.567757926150563, 53.684035602414284 ], [ -129.548830915159243, 53.694069725845253 ], [ -129.53574438188781, 53.706207299666211 ], [ -129.524613511009107, 53.703398856037111 ], [ -129.507431904684779, 53.703843501361611 ], [ -129.506838213271664, 53.712359605694026 ], [ -129.495299515956106, 53.722502727524216 ], [ -129.485336166859042, 53.726239723188336 ], [ -129.45885998158289, 53.72040968396221 ], [ -129.431468998047876, 53.737658316963916 ], [ -129.424956789810494, 53.736893597887899 ], [ -129.410137796065158, 53.725727523087464 ], [ -129.396963676472467, 53.722298127116659 ], [ -129.390312604691474, 53.724744577980232 ], [ -129.385023797740217, 53.736541523391693 ], [ -129.388465465646078, 53.745417684856569 ], [ -129.382751078066093, 53.754492788893472 ], [ -129.370726640596757, 53.761617480704722 ], [ -129.365629480240273, 53.770758028287773 ], [ -129.366589860649981, 53.780968231113704 ], [ -129.361606236829488, 53.795681050240105 ], [ -129.343010285383968, 53.797375446398242 ], [ -129.327624676863906, 53.8046743075761 ], [ -129.310064670362721, 53.807871826559648 ], [ -129.299634496629949, 53.813854833543502 ], [ -129.299069935212856, 53.824177602069064 ], [ -129.294956294870104, 53.83043858779692 ], [ -129.303638310110699, 53.83915135880703 ], [ -129.306780299877659, 53.847744772517288 ], [ -129.303263064769993, 53.85959520948866 ], [ -129.305465654914968, 53.862156712150131 ], [ -129.298832479174479, 53.865774459384653 ], [ -129.293644037364203, 53.874053728025103 ], [ -129.275478005179963, 53.885579663073521 ], [ -129.267549823193946, 53.908036040631615 ], [ -129.253173214472923, 53.917104428467752 ], [ -129.237660709418861, 53.943288428392059 ], [ -129.250794166928443, 53.961468583948175 ], [ -129.260834832400406, 53.961739995967008 ], [ -129.280284774711362, 53.971588192635089 ], [ -129.28214800945014, 53.975898574867834 ], [ -129.27780467328023, 53.985328716839433 ], [ -129.28489036505303, 53.993001607419579 ], [ -129.307989750747964, 53.990562558851927 ], [ -129.31725884590216, 53.998445095886751 ], [ -129.331784531893447, 54.002565622129246 ], [ -129.328324797862138, 54.009441854834598 ], [ -129.331542835486999, 54.018755826203133 ], [ -129.310445986326982, 54.021324914425932 ], [ -129.285526446537432, 54.034119927432201 ], [ -129.239696175296075, 54.030565974946349 ], [ -129.223826596782942, 54.032979351735506 ], [ -129.215197674032765, 54.037187017629584 ], [ -129.195972212308618, 54.032182488267168 ], [ -129.187851544518196, 54.03700750281849 ], [ -129.174562826173513, 54.030848467297886 ], [ -129.157874847731506, 54.034720983561442 ], [ -129.150652104048135, 54.031112740028952 ], [ -129.120366655021655, 54.034881794937171 ], [ -129.111608029805893, 54.033390098891012 ], [ -129.115473221520944, 54.039618330887237 ], [ -129.115179633719492, 54.048032849541499 ], [ -129.103692470334551, 54.049322706815531 ], [ -129.093898602801318, 54.046409913301559 ], [ -129.078731490723897, 54.045983624785144 ], [ -129.066686351808954, 54.052255860325765 ], [ -129.050181701122341, 54.054662064496235 ], [ -129.039169428884804, 54.060362955750065 ], [ -129.022319491866511, 54.077146157283181 ], [ -129.007161536795138, 54.076981578081437 ], [ -128.982545419898599, 54.089251185853577 ], [ -128.981137121039239, 54.079699093136675 ], [ -128.92435528088842, 54.074156849909762 ], [ -128.901030974399333, 54.065850591195655 ], [ -128.883002821433791, 54.065450337042236 ], [ -128.862577674334318, 54.071477821284034 ], [ -128.809603040203456, 54.072719885153134 ], [ -128.764870054282795, 54.076798694377146 ], [ -128.747201345469563, 54.074707335367734 ], [ -128.721183636513302, 54.089704184112058 ], [ -128.720054806424628, 54.101367394530349 ], [ -128.71065836441187, 54.109890840058796 ], [ -128.710747196943174, 54.118478594126643 ], [ -128.700817058077376, 54.126181790059022 ], [ -128.692417627128464, 54.128308377564011 ], [ -128.637973268522302, 54.115098233486357 ], [ -128.621170178175475, 54.116009561696558 ], [ -128.606509099865093, 54.124128055797236 ], [ -128.611097049057008, 54.131518954856134 ], [ -128.607941447015719, 54.135143789365692 ], [ -128.608233803657242, 54.154809542429739 ], [ -128.615990995388557, 54.178542999564407 ], [ -128.62386699506385, 54.185610001454336 ], [ -128.640921992849513, 54.182926000438222 ], [ -128.652024997458994, 54.183477998018745 ], [ -128.655465997861398, 54.197357000044434 ], [ -128.641030996993351, 54.210147997538307 ], [ -128.629411994276012, 54.231308004582544 ], [ -128.645508000884263, 54.259002005005904 ], [ -128.676663004946079, 54.281855005702155 ], [ -128.69036600749763, 54.285064002424534 ], [ -128.707779059063455, 54.29621656164403 ], [ -128.706680735820669, 54.30095771082685 ], [ -128.697448986617275, 54.308032708521978 ], [ -128.698881366658014, 54.313742978287898 ], [ -128.69463684439387, 54.32162977509514 ], [ -128.682123501089762, 54.324469556977313 ], [ -128.663816524300103, 54.322308231208545 ], [ -128.610480392681268, 54.310032238862327 ], [ -128.579694450736099, 54.311459124927715 ], [ -128.569063199341628, 54.301247088969056 ], [ -128.545719807422358, 54.298001896876087 ], [ -128.534816397072149, 54.304693278722581 ], [ -128.514383632517877, 54.310691392622097 ], [ -128.503472496368175, 54.32242032622846 ], [ -128.473725356499358, 54.323028515512632 ], [ -128.466694606236359, 54.32655116061219 ], [ -128.456150955662821, 54.325934190048933 ], [ -128.438756730277163, 54.330197491762625 ], [ -128.422676133022435, 54.327375848395008 ], [ -128.410495543119794, 54.331886949781556 ], [ -128.394271044809017, 54.330072454676404 ], [ -128.389804022466421, 54.333955120854107 ], [ -128.379142352906342, 54.336595009639311 ], [ -128.371388816702279, 54.343683732426697 ], [ -128.349992762275264, 54.346055167702339 ], [ -128.330163338547379, 54.354500056105323 ], [ -128.302392243467466, 54.345244798299788 ], [ -128.290186919825771, 54.351463439623586 ], [ -128.28347431435455, 54.350047861546557 ], [ -128.274030401428945, 54.343524546793518 ], [ -128.272671039602471, 54.335545505294874 ], [ -128.250278132135179, 54.332759649921876 ], [ -128.241170352043071, 54.324745439819026 ], [ -128.22701387197219, 54.325123820674776 ], [ -128.221060214399273, 54.328197126477448 ], [ -128.207204689206577, 54.330405690622257 ], [ -128.20114053561386, 54.333361400118399 ], [ -128.20089720357322, 54.338346168167192 ], [ -128.169857125172399, 54.326274565590928 ], [ -128.160568847701711, 54.326143311821212 ], [ -128.145481571118182, 54.320421957499512 ], [ -128.132727550588442, 54.320290353944401 ], [ -128.121094048883293, 54.326066718503213 ], [ -128.127986327076655, 54.333120327966647 ], [ -128.123587692411746, 54.340786000102987 ], [ -128.114161007236874, 54.34397368491318 ], [ -128.114486730278145, 54.346339542668588 ], [ -128.106509759983453, 54.349975723989786 ], [ -128.105991426781088, 54.355794861360508 ], [ -128.097986276848729, 54.362928864432419 ], [ -128.100656946951602, 54.371242347125978 ], [ -128.12066992974232, 54.38115251821668 ], [ -128.124412518125411, 54.378478701385724 ], [ -128.135103974859362, 54.377876890706865 ], [ -128.152534967401436, 54.377273886599859 ], [ -128.161207839509871, 54.379076948816483 ], [ -128.172125187488604, 54.388546976771202 ], [ -128.177413472296536, 54.400387098662698 ], [ -128.154593087813282, 54.409320975020165 ], [ -128.147682235075678, 54.414755275823659 ], [ -128.137833457414729, 54.417204990651243 ], [ -128.134098929773899, 54.420875209442499 ], [ -128.118305591008124, 54.422288755751453 ], [ -128.111487804447563, 54.426486034532736 ], [ -128.106121268885062, 54.439859572095955 ], [ -128.067082454023648, 54.441285683798768 ], [ -128.034041256521391, 54.448196234290201 ], [ -128.00140897449586, 54.446933117818716 ], [ -127.984225496630174, 54.440194056561459 ], [ -127.97965410121094, 54.433628208075774 ], [ -127.950630960585499, 54.421953732652526 ], [ -127.947193053274489, 54.404649774456551 ], [ -127.942295877780879, 54.397898130246446 ], [ -127.922986683135974, 54.383501316148326 ], [ -127.910815197287874, 54.381795553417469 ], [ -127.900832049866054, 54.384987003416143 ], [ -127.888513309805759, 54.394284551823162 ], [ -127.872082290577609, 54.399565185446193 ], [ -127.87119362189253, 54.405175243399739 ], [ -127.880996711076534, 54.415743073029191 ], [ -127.880778907963588, 54.428836365565736 ], [ -127.872908183713065, 54.435597179488411 ], [ -127.867260333626518, 54.448109543411448 ], [ -127.849729553178591, 54.451316787744076 ], [ -127.81126689076315, 54.451324167916809 ], [ -127.801124651873593, 54.455173365688317 ], [ -127.790843907159115, 54.45589364246765 ], [ -127.798996574994149, 54.470096349484209 ], [ -127.786511561858831, 54.491715718801622 ], [ -127.793413251593378, 54.499676947723017 ], [ -127.822074840924145, 54.499348050284162 ], [ -127.850440587736273, 54.506984494061804 ], [ -127.88368831287589, 54.506476894943049 ], [ -127.900095887811716, 54.510396636775766 ], [ -127.94755054509352, 54.488023042237259 ], [ -127.954057934991283, 54.487065479939432 ], [ -127.971083259718412, 54.493621804410154 ], [ -127.985385433573271, 54.501358374486308 ], [ -127.994315852950251, 54.509750210955545 ], [ -128.004296037703853, 54.512717360624436 ], [ -128.010672030021908, 54.522383069672756 ], [ -128.043776346592608, 54.531889545643388 ], [ -128.058087326650366, 54.529467907752981 ], [ -128.068789904943316, 54.533556111095017 ], [ -128.079196273439237, 54.528541855707061 ], [ -128.090839634316012, 54.528533160426498 ], [ -128.120810458283501, 54.518246519245295 ], [ -128.121795065411561, 54.515098989244052 ], [ -128.139535864072514, 54.506347126342902 ], [ -128.161014818667184, 54.509574258341893 ], [ -128.170807055841522, 54.502570591228164 ], [ -128.183732751724165, 54.502150691710391 ], [ -128.193289330450853, 54.506153711789395 ], [ -128.207162705102263, 54.505050288318188 ], [ -128.232445401237811, 54.511801188476589 ], [ -128.234972739057213, 54.510047421012899 ], [ -128.256949106245997, 54.510213011962492 ], [ -128.270603196807514, 54.516980519615096 ], [ -128.284620913309197, 54.518427127699553 ], [ -128.288579427029646, 54.524709356949487 ], [ -128.297046147776143, 54.526542928268128 ], [ -128.293030706397332, 54.530982240836295 ], [ -128.293364473128406, 54.534011799244539 ], [ -128.297524855478628, 54.53507218426585 ], [ -128.292625498945938, 54.538389626230718 ], [ -128.293800001626124, 54.541782904663322 ], [ -128.313673754403254, 54.542167759255278 ], [ -128.318778262694281, 54.538602536358972 ], [ -128.332036893872953, 54.53906797051711 ], [ -128.33994510974631, 54.542522114290414 ], [ -128.348112515977306, 54.541891324929544 ], [ -128.35594058008715, 54.546769083175342 ], [ -128.365022950338414, 54.559117036787001 ], [ -128.372439055211856, 54.558949174934263 ], [ -128.372732951773031, 54.561146168855807 ], [ -128.383669034073449, 54.559034575936352 ], [ -128.385051333475815, 54.556356686918377 ], [ -128.41794352923884, 54.551916479275214 ], [ -128.431745169478347, 54.560466456741366 ], [ -128.441871123129118, 54.561847612367771 ], [ -128.471741876924938, 54.557090221463632 ], [ -128.47258581368672, 54.553894206290316 ], [ -128.478116980846181, 54.553092103879465 ], [ -128.480118637214559, 54.550027214778524 ], [ -128.472808902061701, 54.545078885219176 ], [ -128.480116918311154, 54.546593899559149 ], [ -128.479119547478859, 54.543551654894557 ], [ -128.438398678048827, 54.530409149895611 ], [ -128.419432953392743, 54.531821033062251 ], [ -128.41341829826942, 54.528843850933846 ], [ -128.410324801549478, 54.521576695022155 ], [ -128.420032855927104, 54.530925082112539 ], [ -128.435820093608328, 54.529040811756985 ], [ -128.444380196715912, 54.530346934426085 ], [ -128.487789701478789, 54.544918711165437 ], [ -128.500028239100459, 54.537654629509348 ], [ -128.52909897100551, 54.529745464060042 ], [ -128.537366071058273, 54.522956126313488 ], [ -128.542653719243873, 54.524009490961177 ], [ -128.555019304431966, 54.515059388652311 ], [ -128.561813293617377, 54.51530946511641 ], [ -128.571827658570896, 54.497037372458166 ], [ -128.583558380266822, 54.494436712943212 ], [ -128.605321341238806, 54.496666512216812 ], [ -128.631048151617932, 54.489270583490736 ], [ -128.64555897416588, 54.497977997909885 ], [ -128.636878985690458, 54.510704996529469 ], [ -128.638591538811397, 54.516282442258955 ], [ -128.658979586686172, 54.520295443145741 ], [ -128.65447861406912, 54.52823663970792 ], [ -128.656601588302465, 54.533140462866832 ], [ -128.648929993878539, 54.535616453900118 ], [ -128.652488127154953, 54.540750371038158 ], [ -128.650202807885563, 54.544049755065679 ], [ -128.661466228624732, 54.546536336733034 ], [ -128.666360390426803, 54.552975535491413 ], [ -128.66206061103631, 54.555075086330334 ], [ -128.66268550132034, 54.557943804449891 ], [ -128.672380063894565, 54.565933500400796 ], [ -128.667672005480085, 54.564778797132057 ], [ -128.662692294227725, 54.581589309025567 ], [ -128.652814818503629, 54.587815856251744 ], [ -128.65711074677327, 54.590371951325409 ], [ -128.66544204522171, 54.589694532012714 ], [ -128.676437867127845, 54.596509310379716 ], [ -128.677355784737301, 54.603646857200069 ], [ -128.670606269720196, 54.607421654572356 ], [ -128.672396660345584, 54.610131578711737 ], [ -128.667287041570916, 54.613919705157471 ], [ -128.681705504801783, 54.613670127200976 ], [ -128.679094075061016, 54.618714122861896 ], [ -128.692107160733116, 54.626324092007806 ], [ -128.70399207742409, 54.627971077209324 ], [ -128.713095274870454, 54.632972150476832 ], [ -128.715435372032545, 54.637417607629395 ], [ -128.70797909338296, 54.642037095310101 ], [ -128.707833556337619, 54.645290233121422 ], [ -128.719985370565524, 54.642451708681811 ], [ -128.727183584518855, 54.645865723127201 ], [ -128.726428096767165, 54.650015562393406 ], [ -128.734561402484132, 54.650564119108203 ], [ -128.740927503114307, 54.66182378015138 ], [ -128.750198919753871, 54.660193023312338 ], [ -128.749077182417409, 54.655758353786666 ], [ -128.756748645330418, 54.647520605131497 ], [ -128.767105505318227, 54.642542917717201 ], [ -128.779188506697494, 54.631547048195145 ], [ -128.791284136711965, 54.628046006780629 ], [ -128.799755640272366, 54.629276261506227 ], [ -128.808552301042596, 54.637615456492284 ], [ -128.812684269391184, 54.637900341049431 ], [ -128.827735006939577, 54.631955530584627 ], [ -128.850717506150374, 54.631328533650269 ], [ -128.889606307010894, 54.625388768002232 ], [ -128.907260924132743, 54.619277521331639 ], [ -128.925434057385985, 54.618180896762695 ], [ -128.932730424294817, 54.621328048205633 ], [ -128.938843617886931, 54.628583855709962 ], [ -128.944590111282736, 54.628445991150038 ], [ -128.954194003662451, 54.622520929979828 ], [ -128.962784460564933, 54.620795205085784 ], [ -128.975007579344606, 54.621543112550469 ], [ -128.98077553627877, 54.62396536972043 ], [ -128.992840207393584, 54.622532612008456 ], [ -129.001721538581222, 54.624782970655033 ], [ -129.003051862906432, 54.627217886297871 ], [ -129.009933185569167, 54.626859342567016 ], [ -129.020263007606076, 54.630876024146524 ], [ -129.020107904021415, 54.63989576956763 ], [ -129.030801059507667, 54.642099521473781 ], [ -129.04582858767472, 54.636222721590805 ], [ -129.063827728089308, 54.632737336955721 ], [ -129.067784276285778, 54.624096758873456 ], [ -129.072088151789046, 54.622280649138176 ], [ -129.087377052498312, 54.628729971584107 ], [ -129.099147006919338, 54.627768669426601 ], [ -129.105672861479633, 54.620580232743976 ], [ -129.104384015269943, 54.614443756862656 ], [ -129.11084561103138, 54.610768255666628 ], [ -129.102616261301449, 54.606326297168174 ], [ -129.105404963848969, 54.595435939279248 ], [ -129.101187647076074, 54.59184129137563 ], [ -129.111904834453441, 54.590145848494743 ], [ -129.113753471479413, 54.584214419376693 ], [ -129.125538277577505, 54.577175539880869 ], [ -129.108124582793607, 54.562053468809644 ], [ -129.118559145530952, 54.556757786078272 ], [ -129.12815833136068, 54.557746672585544 ], [ -129.156277957736222, 54.568305213729552 ], [ -129.175861076064734, 54.567180998395074 ], [ -129.177099785201193, 54.580369053600371 ], [ -129.183743202230801, 54.583285357762477 ], [ -129.184811911993705, 54.594253840344081 ], [ -129.191612269547619, 54.599142568515205 ], [ -129.211257071885427, 54.604065671851366 ], [ -129.213644795191556, 54.616184209935469 ], [ -129.233404844160447, 54.61620959776949 ], [ -129.230951751956951, 54.625788159100729 ], [ -129.235870270220886, 54.633813196603732 ], [ -129.240234287494815, 54.637528227360207 ], [ -129.263478099948429, 54.641607092207195 ], [ -129.267602580350797, 54.652988284794482 ], [ -129.315731843455865, 54.649349120035708 ], [ -129.332372066249434, 54.653717189795984 ], [ -129.348987960935773, 54.652523301392797 ], [ -129.378014510578794, 54.658894356714256 ], [ -129.409649593377679, 54.647639270561434 ], [ -129.41690715309096, 54.647313725688079 ], [ -129.425539773032028, 54.640400012445355 ], [ -129.436408371798734, 54.639725200672729 ], [ -129.471303578823921, 54.654560084830166 ], [ -129.480720775506342, 54.654416808133149 ], [ -129.488079730600816, 54.650253289649314 ], [ -129.498469532613825, 54.648968750428303 ], [ -129.524001143388801, 54.651821656839282 ], [ -129.533641601375365, 54.656734725241726 ], [ -129.534977571019368, 54.662257405718385 ], [ -129.550332850152188, 54.671206306690536 ], [ -129.564941901190224, 54.673995952094685 ], [ -129.631630253086428, 54.674017957430706 ], [ -129.641304589005813, 54.676697456730885 ], [ -129.648409221730532, 54.681800882039774 ], [ -129.674099604339062, 54.681281729846347 ], [ -129.687651146035819, 54.684088783564931 ], [ -129.683780686269955, 54.693474589510039 ], [ -129.686109860900245, 54.695505788077163 ], [ -129.681602956948637, 54.697865707910012 ], [ -129.680742215194812, 54.702588086983575 ], [ -129.682895479473359, 54.71216387421611 ], [ -129.692725820909203, 54.718790045875103 ], [ -129.685123544670518, 54.72729913738803 ], [ -129.694059741296542, 54.728761136809183 ], [ -129.695080981214119, 54.735280966771072 ], [ -129.703014523454812, 54.739862411809639 ], [ -129.689614575448388, 54.748422610519491 ], [ -129.678281579685802, 54.749009395679678 ], [ -129.659057674570164, 54.755021072088375 ], [ -129.648649273514195, 54.773127391072059 ], [ -129.652038094921892, 54.777352504887155 ], [ -129.662392698675092, 54.78013448726329 ], [ -129.653248292962758, 54.795607997514146 ], [ -129.659239754980376, 54.804822943668228 ], [ -129.667027075314536, 54.807681029482467 ], [ -129.667797978888103, 54.813837657042896 ], [ -129.672357317764209, 54.816667980709106 ], [ -129.669909538225426, 54.822920547357327 ], [ -129.681706064909065, 54.820096626164492 ], [ -129.698581502575763, 54.821074117633486 ], [ -129.705540571484988, 54.819505385485009 ], [ -129.716632759375216, 54.820777883022863 ], [ -129.723602376786204, 54.819331387696856 ], [ -129.736424203374014, 54.823021772333853 ], [ -129.751380143041871, 54.821825539887904 ], [ -129.76008193835699, 54.813526159997949 ], [ -129.766507894668393, 54.813206160831911 ], [ -129.797334389362334, 54.816091032045165 ], [ -129.799013829715619, 54.820241761662295 ], [ -129.807150735282647, 54.822091755773407 ], [ -129.816778496902941, 54.828344841189391 ], [ -129.831071272056761, 54.820113887402911 ], [ -129.834798294933137, 54.811716199885417 ], [ -129.843718730603001, 54.803650722731426 ], [ -129.864194622707743, 54.801773547947057 ], [ -129.887320028484851, 54.793875864092776 ], [ -129.900128131411492, 54.792852547743067 ], [ -129.915246203497134, 54.793485017614991 ], [ -129.925134197548061, 54.797867437858578 ], [ -129.930269477655941, 54.795354838609711 ], [ -129.951606935992459, 54.79355897418808 ], [ -129.960711329464488, 54.796480388675796 ], [ -129.959513670026951, 54.804059707301796 ], [ -129.965190775204633, 54.809316232172009 ], [ -129.961811862747481, 54.816594948838421 ], [ -129.967585211704801, 54.820612127925862 ], [ -129.964193756500123, 54.827767673422038 ], [ -129.982708167824001, 54.834340398127814 ], [ -129.995227072731069, 54.832451524803901 ], [ -130.011460636888074, 54.822404836167799 ], [ -130.022099284416697, 54.818967179625616 ], [ -130.031441240473129, 54.821999578642341 ], [ -130.041287314737787, 54.821429581841677 ], [ -130.031659490413261, 54.832871546232006 ], [ -130.035810010710264, 54.842131245597649 ], [ -130.027531931701276, 54.871577798233432 ], [ -130.014611251446837, 54.880405645710006 ], [ -129.987743561235646, 54.885604127587989 ], [ -129.958283059776846, 54.881979221402162 ], [ -129.945283150922222, 54.887958558222778 ], [ -129.933807622260105, 54.889684849467692 ], [ -129.894578153264177, 54.889817123762406 ], [ -129.874618639331089, 54.902065054697324 ], [ -129.84211541203959, 54.907284018268243 ], [ -129.840010479889173, 54.919215822979417 ], [ -129.824033142576468, 54.932813976206674 ], [ -129.815761745172836, 54.936654371132391 ], [ -129.794662163697581, 54.939529304363624 ], [ -129.787393765677137, 54.942595245199556 ], [ -129.75128266665709, 54.923303352649491 ], [ -129.749250295525968, 54.915331171758716 ], [ -129.739218178313905, 54.914152289704582 ], [ -129.712869068830457, 54.925576826554085 ], [ -129.705911756420619, 54.934437459754122 ], [ -129.689733789973474, 54.936899331503923 ], [ -129.672647880268556, 54.927950200714548 ], [ -129.663844187056384, 54.934451619947509 ], [ -129.657394201353753, 54.935144850836174 ], [ -129.652375467759754, 54.940600821215028 ], [ -129.619613727924616, 54.948235171793208 ], [ -129.606078022354097, 54.965054844323475 ], [ -129.607719852501532, 54.978859244544907 ], [ -129.615652002124847, 54.988876684195318 ], [ -129.621800507412274, 54.988252748093345 ], [ -129.627572488280322, 54.993641827647153 ], [ -129.63657459862327, 54.99548216329768 ], [ -129.623892389032335, 54.998363320376299 ], [ -129.630614378006413, 55.005178591734932 ], [ -129.640761515799113, 55.008911681826191 ], [ -129.669083416548688, 55.000012377174023 ], [ -129.68313136835198, 54.999419638145994 ], [ -129.706122261555237, 55.006094763321578 ], [ -129.726562038553567, 55.018276496740114 ], [ -129.796695659075397, 55.023682284942886 ], [ -129.846453907162186, 55.021094083833461 ], [ -129.876791570378259, 55.014362427513873 ], [ -129.992938245100873, 55.013298440593033 ], [ -130.015279864781348, 55.006614417660124 ], [ -130.04984677906279, 54.990409381967574 ], [ -130.08432097919416, 54.970514865778753 ], [ -130.104496003455409, 54.970021809206941 ], [ -130.121308309173827, 54.972618378122377 ], [ -130.133251626505398, 54.978531766031907 ], [ -130.163084838093198, 55.035891557109515 ], [ -130.170940015056686, 55.044862556328411 ], [ -130.179021868850867, 55.048548100479607 ] ] ] } },
{ "type": "Feature", "properties": { "NAME": "Carrier Sekani Tribal Council", "SCALE": "1:500000" }, "geometry": { "type": "Polygon", "coordinates": [ [ [ -123.411804026860111, 53.275376995535687 ], [ -123.344143914493216, 53.271189977410977 ], [ -123.285746934686031, 53.285400018748064 ], [ -123.243371066820472, 53.300251030445224 ], [ -123.203946082023933, 53.386336943311342 ], [ -123.156481081718937, 53.460810982364166 ], [ -123.141641988152102, 53.473857944775325 ], [ -123.125018071133411, 53.507690993349321 ], [ -123.125819103173896, 53.512254021446971 ], [ -123.1350430323685, 53.517030014933837 ], [ -123.130908984218962, 53.528230020904012 ], [ -123.133639926288723, 53.535985042986852 ], [ -123.155591096466239, 53.548721952794864 ], [ -123.162954933326219, 53.558980051221745 ], [ -123.162993054113045, 53.564461975558814 ], [ -123.152349960998919, 53.577729043312267 ], [ -123.150137073692875, 53.590749026775825 ], [ -123.14057810590478, 53.596021964854188 ], [ -123.144064916955372, 53.600122022112316 ], [ -123.139503074998359, 53.607439055647539 ], [ -123.138434893315946, 53.619543056813114 ], [ -123.130424046805317, 53.628008044931242 ], [ -123.13354402016931, 53.634851034899341 ], [ -123.124038989019013, 53.650396041563567 ], [ -123.134110045332946, 53.661563056384793 ], [ -123.135720918819857, 53.671835031365816 ], [ -123.153909968299246, 53.686637053765253 ], [ -123.147059028671151, 53.697607946675937 ], [ -123.138215957777845, 53.698770938550574 ], [ -123.125581979444704, 53.708842062181226 ], [ -123.111734035934816, 53.710467055707575 ], [ -123.09983998392579, 53.717113941154338 ], [ -123.092187076741439, 53.725346017758476 ], [ -123.097611974203105, 53.730587035012583 ], [ -123.094925983114138, 53.732875948865754 ], [ -123.072221026400754, 53.736336020596809 ], [ -123.064537901324499, 53.740001999700844 ], [ -123.056824050498221, 53.738644014016593 ], [ -123.049935079263037, 53.747787959240299 ], [ -123.042991944397087, 53.746655961776469 ], [ -123.009925899910073, 53.764275997180732 ], [ -123.00221907068206, 53.763825058206052 ], [ -122.991842898762457, 53.773653035558908 ], [ -122.989555899457429, 53.779135050372055 ], [ -122.995034046740372, 53.802186944676656 ], [ -122.968102097968981, 53.826409973630781 ], [ -122.96965808847149, 53.830748970440901 ], [ -122.961967947396204, 53.842624018529861 ], [ -122.963533089975428, 53.848560017316892 ], [ -122.973985044010362, 53.856311027415586 ], [ -122.970513892482117, 53.85882503983045 ], [ -122.969767057761658, 53.866587968405582 ], [ -122.962823037239261, 53.872072967295523 ], [ -122.9636100507756, 53.876177993431362 ], [ -122.976389049187645, 53.883018064494834 ], [ -123.001087003768788, 53.872267978743281 ], [ -123.03852502682291, 53.864233061153833 ], [ -123.06046694191545, 53.848218945464481 ], [ -123.073986898544646, 53.848199043341445 ], [ -123.083265051320708, 53.850236002437462 ], [ -123.087537059128664, 53.854341013730625 ], [ -123.089949069295542, 53.869859964051038 ], [ -123.100067048853077, 53.881939964019011 ], [ -123.114776002303714, 53.886250955055665 ], [ -123.114449031719531, 53.894697057870289 ], [ -123.118714019168451, 53.897200048114399 ], [ -123.152338099479564, 53.894844991642898 ], [ -123.170581019808239, 53.904617940277618 ], [ -123.184153981692376, 53.908920962857927 ], [ -123.198863955113453, 53.910938978526595 ], [ -123.218975941062325, 53.910197988649621 ], [ -123.230931025526431, 53.907195940743961 ], [ -123.254971912680602, 53.913058958605703 ], [ -123.261596031974051, 53.918518048436447 ], [ -123.258284946507047, 53.935420953447426 ], [ -123.255240027123648, 53.941134991252447 ], [ -123.244085973794924, 53.948247040862483 ], [ -123.240316964261709, 53.956388022254018 ], [ -123.241584966595752, 53.970853036833873 ], [ -123.247063018955274, 53.976315944922717 ], [ -123.259506993195671, 53.981526055127631 ], [ -123.267446894309685, 53.981325972839301 ], [ -123.299390929801362, 53.997680020310675 ], [ -123.300981028908552, 54.004962944950996 ], [ -123.295185906900983, 54.012940054566805 ], [ -123.304980967134966, 54.030454023052684 ], [ -123.32321593254693, 54.031529979216437 ], [ -123.330548952766165, 54.028306056254458 ], [ -123.344549053204815, 54.030994953043582 ], [ -123.358404058475273, 54.02249494893811 ], [ -123.371558048149566, 54.019703061355806 ], [ -123.406058952267941, 54.019328949947102 ], [ -123.423653108026471, 54.029983961092107 ], [ -123.45284399965378, 54.036925056783957 ], [ -123.457545101684389, 54.03987003898304 ], [ -123.455270934835383, 54.043760990161772 ], [ -123.463884896742087, 54.048967967284206 ], [ -123.465150894233602, 54.056494947256567 ], [ -123.486231914556114, 54.064382993829973 ], [ -123.481319032673611, 54.073535056779562 ], [ -123.499021086941738, 54.088058065009179 ], [ -123.536452083278945, 54.097219977915934 ], [ -123.558624066700787, 54.099154055867679 ], [ -123.564933915854397, 54.104593992927008 ], [ -123.651859106018136, 54.119370992331774 ], [ -123.684711092003994, 54.140847029313868 ], [ -123.667255955123963, 54.146431010922456 ], [ -123.512361975484879, 54.225790975602209 ], [ -123.42260305852831, 54.245618054855882 ], [ -123.409028039367001, 54.260902990120293 ], [ -123.308595991679169, 54.285223015092015 ], [ -123.287560003595743, 54.308472962625245 ], [ -123.272315951770821, 54.316233018252213 ], [ -123.178321967253439, 54.334516989704802 ], [ -123.157559094087205, 54.342492033136303 ], [ -123.095221054371137, 54.377320983695171 ], [ -123.096370040161659, 54.564457947864049 ], [ -123.10070604894112, 54.576069976563424 ], [ -123.112929930124977, 54.583585034996347 ], [ -123.121603969695968, 54.580398983036226 ], [ -123.124753100009045, 54.569927008651526 ], [ -123.15865898707969, 54.573339027349896 ], [ -123.168936064417949, 54.589499991484644 ], [ -123.15317099504621, 54.598154999595245 ], [ -123.155150950409535, 54.604072999903416 ], [ -123.170540018104376, 54.605663057924346 ], [ -123.213582036132991, 54.618619061563585 ], [ -123.238066907710007, 54.623154032575393 ], [ -123.256225079353953, 54.623136990649286 ], [ -123.277106951783608, 54.614235053518506 ], [ -123.280679005120092, 54.619011977319531 ], [ -123.276778974035409, 54.629944011465767 ], [ -123.28681890694051, 54.667494960738011 ], [ -123.273793052973105, 54.670924941589831 ], [ -123.265083014306839, 54.666837045057449 ], [ -123.256438929487842, 54.680050056224665 ], [ -123.252165955179095, 54.700315017428743 ], [ -123.237555045713364, 54.706930972412465 ], [ -123.218623969104755, 54.726067959832001 ], [ -123.195307038113853, 54.739513946761591 ], [ -123.182252015987757, 54.743616984257663 ], [ -123.176331003471503, 54.752952937236508 ], [ -123.180320899674427, 54.768659969810528 ], [ -123.189844962741859, 54.776851004900017 ], [ -123.227896894521606, 54.781836031064344 ], [ -123.26167999484953, 54.807530053027904 ], [ -123.250240041670892, 54.823705000480388 ], [ -123.253062004969237, 54.835767043510955 ], [ -123.239271994597047, 54.864918982815482 ], [ -123.211487074063456, 54.868583008812408 ], [ -123.210715036441414, 54.876778958702232 ], [ -123.437971990733317, 55.076759937401363 ], [ -123.442546991875801, 55.098603000115332 ], [ -123.392331905591917, 55.169062985312834 ], [ -123.404673914220155, 55.214339028772059 ], [ -123.435778083668495, 55.246139022522492 ], [ -123.433471902097693, 55.258210021264709 ], [ -123.440049961260101, 55.277545004959187 ], [ -123.447353993793499, 55.287315999119244 ], [ -123.506497082194656, 55.303089028950438 ], [ -123.518145037346528, 55.303735986185011 ], [ -123.549271091984934, 55.323215044770102 ], [ -123.628749042035565, 55.350699045130824 ], [ -123.660908981186807, 55.380162990351728 ], [ -123.6844290857576, 55.393493036429412 ], [ -123.76422999612852, 55.401994962720806 ], [ -123.774848905024996, 55.411274936058902 ], [ -123.781108899815834, 55.424446962788572 ], [ -123.818795072024756, 55.437905948789833 ], [ -123.855894080260285, 55.483003998309016 ], [ -123.907808964391563, 55.517982956281308 ], [ -123.917317951713684, 55.529078993257421 ], [ -123.937896931760491, 55.567198016219884 ], [ -123.959735997487996, 55.586865042983291 ], [ -123.963319095814555, 55.603005969058799 ], [ -123.954475036979147, 55.624466062246512 ], [ -123.894970060169001, 55.664228998508008 ], [ -123.873042053588577, 55.682346016575544 ], [ -123.802807003521977, 55.721216944965768 ], [ -123.804443087056484, 55.76788297328843 ], [ -123.976093061171596, 56.001378026917941 ], [ -124.022807921841277, 56.042501995296291 ], [ -124.116088105317246, 56.05980397173888 ], [ -124.140477069839861, 56.053692057088583 ], [ -124.160700959835836, 56.045104965751882 ], [ -124.186842055633903, 56.028950997858274 ], [ -124.210753093188686, 56.021462995676742 ], [ -124.231132055834763, 56.0051210527877 ], [ -124.319960921791889, 56.036884940218265 ], [ -124.408112978441935, 56.08089295562845 ], [ -124.454107071360681, 56.10889100062429 ], [ -124.478068070313839, 56.114560951333061 ], [ -124.558550943749552, 56.119149961307826 ], [ -124.673362917107383, 56.151520018469618 ], [ -124.681719887227771, 56.157476054095248 ], [ -124.679432049216587, 56.159550957170261 ], [ -124.689157061740346, 56.178580985199773 ], [ -124.716373897146113, 56.214720021611221 ], [ -124.779132011124005, 56.264081946016233 ], [ -124.815400972338168, 56.306698061342217 ], [ -124.855783927581655, 56.336939970125734 ], [ -124.89982802821541, 56.364384995756382 ], [ -124.915526099034622, 56.384231018460078 ], [ -124.951177936967269, 56.406531966806298 ], [ -125.065330037322582, 56.453664986956284 ], [ -125.093257042976632, 56.466924937018561 ], [ -125.123521005275578, 56.485387028602943 ], [ -125.149735958171362, 56.496608970472749 ], [ -125.190431942232649, 56.507140977275341 ], [ -125.216231904600392, 56.517672947964783 ], [ -125.260234066927907, 56.527217997144255 ], [ -125.3091859171208, 56.543734023822033 ], [ -125.325342036240201, 56.551213991584788 ], [ -125.334103098235587, 56.55995904946851 ], [ -125.340819895996603, 56.561440954514218 ], [ -125.374643084673878, 56.580698941164215 ], [ -125.411654068634505, 56.596928995796041 ], [ -125.450488997060233, 56.608098960119534 ], [ -125.478138885594277, 56.619459988871959 ], [ -125.512924061788397, 56.638895966520082 ], [ -125.527307018045391, 56.650261954998271 ], [ -125.581385008355809, 56.671376027773398 ], [ -125.592173018674529, 56.677786024634585 ], [ -125.6559890452546, 56.700282012416523 ], [ -125.69327489285601, 56.717115056682694 ], [ -125.751378049759978, 56.733064051226911 ], [ -125.781242064393268, 56.743635032994369 ], [ -125.809036958599904, 56.747856063540688 ], [ -125.837572069415145, 56.756845990117512 ], [ -125.970657071420476, 56.781154973516792 ], [ -126.029110947617042, 56.781461975572782 ], [ -126.149074069473414, 56.772572943570275 ], [ -126.30337303019256, 56.797649050333575 ], [ -126.444327001914019, 56.855977961783637 ], [ -126.458495928675475, 56.865429961810612 ], [ -126.568390962491023, 56.976012010336149 ], [ -126.562650090102963, 57.02158601530067 ], [ -126.579771917449193, 57.132302963210243 ], [ -126.577249097742111, 57.146979024304734 ], [ -126.640214963476851, 57.172703983248162 ], [ -126.75773907698148, 57.26791399169506 ], [ -126.799943956617085, 57.321774064383398 ], [ -126.893464006948292, 57.338773955193091 ], [ -126.979307080199916, 57.315281999712333 ], [ -127.057574989668097, 57.242170003592243 ], [ -127.055300077408972, 57.22351099233753 ], [ -127.045712109049319, 57.20347204858016 ], [ -127.045107938223538, 57.158959014492638 ], [ -127.033597113985365, 57.123450041343041 ], [ -127.035131059046506, 57.11335699873451 ], [ -127.023553003262094, 57.09840202004829 ], [ -127.009253917348829, 57.064119039956502 ], [ -126.999979058365753, 57.05959797098194 ], [ -126.998718887484486, 57.055296992076073 ], [ -127.006331997143548, 57.051418037154562 ], [ -127.021827008798397, 57.050728971408027 ], [ -127.033188013383921, 57.046509018853925 ], [ -127.034892058208825, 57.016774045542164 ], [ -127.04592108036681, 57.005026972590016 ], [ -127.065813960721016, 56.998035021924544 ], [ -127.085269040980407, 56.995163963576765 ], [ -127.089137960328245, 56.983401013035959 ], [ -127.099476098666727, 56.977606936020813 ], [ -127.130878020356121, 56.968427045301596 ], [ -127.153494904953916, 56.967960060526018 ], [ -127.164798010338501, 56.959389947189784 ], [ -127.176755080091553, 56.924310014292537 ], [ -127.173423959682935, 56.895642010913505 ], [ -127.189270950457583, 56.878480036193672 ], [ -127.213220054117357, 56.866998032775669 ], [ -127.233198062054171, 56.861801950784368 ], [ -127.242283038320409, 56.860601962017299 ], [ -127.260813066421946, 56.865723964867549 ], [ -127.27175699212205, 56.866288984940532 ], [ -127.278248039866924, 56.856262943875329 ], [ -127.308793976631918, 56.848205997822454 ], [ -127.317960011169802, 56.82393297212343 ], [ -127.360713038189445, 56.793316937142528 ], [ -127.368999117360758, 56.733672031834423 ], [ -127.366537940421097, 56.675066037008023 ], [ -127.355711935770387, 56.635688019480938 ], [ -127.321496086798263, 56.583143958697143 ], [ -127.310720113439487, 56.551526994646466 ], [ -127.313489922320599, 56.438648948864802 ], [ -127.293296916910322, 56.415559996802671 ], [ -127.249981043200577, 56.35212003242863 ], [ -127.223324919087375, 56.321470020612566 ], [ -127.168209108376558, 56.2780190470137 ], [ -127.130968962080502, 56.260013005023097 ], [ -127.07725992227212, 56.22903897413574 ], [ -127.053798011668803, 56.220630959049508 ], [ -126.989408988740905, 56.184245958896085 ], [ -126.949447934351369, 56.117893008947995 ], [ -126.91269294905085, 56.018350055251894 ], [ -126.907622930619411, 55.994539034273437 ], [ -126.850599984998524, 55.92114601727031 ], [ -126.824006953863062, 55.879937044103698 ], [ -126.801760978530453, 55.859362951256777 ], [ -126.789094052930565, 55.836227027180925 ], [ -126.734158984384194, 55.776882970277541 ], [ -126.608448026582678, 55.705113977943768 ], [ -126.606921958582205, 55.70629594522218 ], [ -126.523611975823457, 55.60202996069048 ], [ -126.502631089242769, 55.523440033182354 ], [ -126.475139001178263, 55.503415972163204 ], [ -126.430570931863684, 55.476537984367539 ], [ -126.374574947219429, 55.431694054528798 ], [ -126.270513899129355, 55.37823306082992 ], [ -126.259276010051309, 55.368021968462166 ], [ -126.224327979463609, 55.347450951726799 ], [ -126.085173035900183, 55.234734967052702 ], [ -125.954458926328428, 55.152703052594021 ], [ -125.912703917076669, 55.132890953478217 ], [ -125.892745955294785, 55.127634005235329 ], [ -125.846554951312783, 55.100147038387846 ], [ -125.843048098455498, 55.101591007322284 ], [ -125.825745108470201, 55.087373948747356 ], [ -125.80500505096812, 55.075508012520132 ], [ -125.777228067434592, 55.046690058876486 ], [ -125.75958692598239, 55.032698968070989 ], [ -125.753447901605867, 55.017325061497637 ], [ -125.732403108351278, 54.999527962464782 ], [ -125.706514042732408, 54.967235945310911 ], [ -125.710134036463543, 54.948010011089309 ], [ -125.703175957693361, 54.938350943391214 ], [ -125.690488993190044, 54.92607303829849 ], [ -125.668391936189551, 54.895976993457566 ], [ -125.64889407122952, 54.882466945275389 ], [ -125.630347918628615, 54.864603985542701 ], [ -125.622707027116078, 54.822125016385975 ], [ -125.640697978740448, 54.783461946242554 ], [ -125.640680932833703, 54.776395025609503 ], [ -125.622279062914942, 54.753283970564382 ], [ -125.613171110019834, 54.74662798734591 ], [ -125.567555068384905, 54.725193033596895 ], [ -125.561627072462571, 54.718470959783794 ], [ -125.568097050935961, 54.713783960603614 ], [ -125.584837929058821, 54.708664974616049 ], [ -125.600035062879854, 54.697419970540039 ], [ -125.603228105155793, 54.690973020494248 ], [ -125.600021969107161, 54.669607027127256 ], [ -125.591727086464758, 54.662932969563307 ], [ -125.621653918055117, 54.64682997888454 ], [ -125.62987400523123, 54.611327019866145 ], [ -125.618114080614873, 54.599253023503614 ], [ -125.609658068473777, 54.596459950616776 ], [ -125.560938985440615, 54.601077942161638 ], [ -125.55825199830187, 54.595431033694624 ], [ -125.574137956696191, 54.58303400846583 ], [ -125.572020060113147, 54.573500942650703 ], [ -125.57937696392672, 54.564007998392626 ], [ -125.53944701428108, 54.534475006732677 ], [ -125.507411932824397, 54.518454999847201 ], [ -125.482522073595092, 54.444842017650224 ], [ -125.535971055758409, 54.436512019962208 ], [ -125.564942102383839, 54.440957003940696 ], [ -125.631291962515149, 54.458776019087075 ], [ -125.684497019501109, 54.486407980949302 ], [ -125.811128925060501, 54.438566059154198 ], [ -125.858227960842029, 54.436616010289512 ], [ -125.947213060123445, 54.449427994624038 ], [ -125.983842076959604, 54.467507936416062 ], [ -126.010577904436914, 54.48444299492477 ], [ -126.067678916952488, 54.535768058960088 ], [ -126.117174057467068, 54.555327940101137 ], [ -126.119131891999729, 54.560754026181236 ], [ -126.113889105380409, 54.570458938778032 ], [ -126.131594899197196, 54.586448008126524 ], [ -126.219220944084356, 54.618260950161748 ], [ -126.257605046733801, 54.624134005420785 ], [ -126.350086933584848, 54.623575944628861 ], [ -126.39373307045804, 54.620374978951141 ], [ -126.464705093451713, 54.607752987400723 ], [ -126.480894907744599, 54.60754194687496 ], [ -126.494898976673682, 54.609669060582995 ], [ -126.531025997666958, 54.621450017526882 ], [ -126.546411070465624, 54.640640962223628 ], [ -126.552306039770826, 54.684274052280799 ], [ -126.578831948153876, 54.718207988635321 ], [ -126.628623011371687, 54.745093037886477 ], [ -126.646056105735056, 54.749616026532976 ], [ -126.664451929162738, 54.751372037888387 ], [ -126.767188050862444, 54.751127018256589 ], [ -126.831018062332788, 54.746035939772895 ], [ -126.84610890951457, 54.741704033236388 ], [ -126.872373982974409, 54.738173049977206 ], [ -126.979990931856591, 54.704742959679663 ], [ -127.068832970389593, 54.692580953449209 ], [ -127.080920941672375, 54.686261058248661 ], [ -127.094380930398344, 54.673505971916441 ], [ -127.135463926831164, 54.656118994291489 ], [ -127.152469953223374, 54.652796992950037 ], [ -127.16074205378942, 54.648854959952509 ], [ -127.171072081212941, 54.649644936949386 ], [ -127.17945595775187, 54.646844971366448 ], [ -127.192213968391599, 54.648233950066732 ], [ -127.199621913465435, 54.643633057164308 ], [ -127.207388917352432, 54.642449969446446 ], [ -127.212873906392701, 54.645917968329805 ], [ -127.222669910747456, 54.645349980966643 ], [ -127.242850937483226, 54.634820015952677 ], [ -127.288911089370629, 54.626804032391988 ], [ -127.330812024995211, 54.605887990741522 ], [ -127.347756936747444, 54.605970956370427 ], [ -127.353327002900585, 54.602801013567493 ], [ -127.362207944790953, 54.604766034487241 ], [ -127.381404007534499, 54.603846053678339 ], [ -127.397951900675636, 54.596620944714267 ], [ -127.425884019884563, 54.599951009417182 ], [ -127.440572075961725, 54.59735693623179 ], [ -127.449353064703118, 54.602064056075932 ], [ -127.46009589148585, 54.603043956625527 ], [ -127.475904898420865, 54.599947043526896 ], [ -127.495314930918767, 54.604488948045187 ], [ -127.504133994130953, 54.602334060582486 ], [ -127.519141912504082, 54.602692046145528 ], [ -127.523056053929025, 54.598888979884109 ], [ -127.536492020706888, 54.599305052693929 ], [ -127.584238067959461, 54.581878043815863 ], [ -127.673294910200653, 54.560808001996129 ], [ -127.766690014825357, 54.529687013808491 ], [ -127.870619961981987, 54.502191986495298 ], [ -127.890584981890257, 54.500732964361006 ], [ -127.920648944996401, 54.487458000042487 ], [ -128.020278013910655, 54.454985970864108 ], [ -128.079718979469646, 54.430668996969096 ], [ -128.134696068148372, 54.419064995554663 ], [ -128.168431924648104, 54.404658941470935 ], [ -128.174615919733753, 54.397093964514134 ], [ -128.174283105651369, 54.38774203278318 ], [ -128.167791934203308, 54.379557943058387 ], [ -128.153890027092132, 54.371908043398719 ], [ -128.110501083732885, 54.367747050928003 ], [ -128.10821894511966, 54.348425042712698 ], [ -128.116873097746293, 54.315180020935649 ], [ -128.107442102450221, 54.301860957620669 ], [ -128.117455990653696, 54.280207985111488 ], [ -128.065912978179341, 54.218810046945705 ], [ -128.003781067027148, 54.213779024803884 ], [ -127.996466967687553, 54.208345994801483 ], [ -127.991910008261726, 54.195966968061484 ], [ -128.002925075185033, 54.179097022693142 ], [ -128.005777052794912, 54.135815058469269 ], [ -128.017592990675467, 54.112727061382337 ], [ -128.010693998653721, 54.086739057756454 ], [ -128.04682903228391, 54.01743800055268 ], [ -128.047024060649363, 53.995502005056487 ], [ -128.039004093159292, 53.946260977682286 ], [ -128.041925922141047, 53.931065987106457 ], [ -128.049170925990467, 53.923004939309443 ], [ -128.045771012269284, 53.913777939407062 ], [ -128.054634921101609, 53.902908949815689 ], [ -128.054057002593822, 53.897906995497323 ], [ -128.013170994469192, 53.877182998504288 ], [ -127.996378098685568, 53.849521962237162 ], [ -127.973712911474763, 53.831248016753378 ], [ -127.943750032446133, 53.81349001705334 ], [ -127.911723106700379, 53.815222058157289 ], [ -127.876082908803241, 53.828255036760638 ], [ -127.74390407889949, 53.817654056422342 ], [ -127.479883991956711, 53.751668039391625 ], [ -127.415027089108619, 53.72682501211353 ], [ -127.357153910323149, 53.709239052046186 ], [ -127.222589042194159, 53.681933961082557 ], [ -127.176567909399253, 53.669567029188158 ], [ -127.123400979483378, 53.659019992644701 ], [ -126.980433894223296, 53.642003036803288 ], [ -126.932641960851271, 53.647632989164556 ], [ -126.906388026779467, 53.65667696461405 ], [ -126.875719014286361, 53.681827980900863 ], [ -126.871840100361226, 53.690620021859942 ], [ -126.806489003908766, 53.722530046851212 ], [ -126.706958990987189, 53.740358968934991 ], [ -126.660641040114712, 53.751537024831833 ], [ -126.614756026395966, 53.768386953861111 ], [ -126.486377993205679, 53.826325982122441 ], [ -126.457117001576819, 53.834208055546483 ], [ -126.375527065536318, 53.83254905129467 ], [ -126.336442980933455, 53.823328052212567 ], [ -126.297684915382959, 53.807698016637474 ], [ -126.267942918742264, 53.787716058549663 ], [ -126.221864954182337, 53.766323020806674 ], [ -126.165624059199573, 53.748362020788704 ], [ -126.115021969897427, 53.727270962004937 ], [ -126.071943924794127, 53.708029954962988 ], [ -126.030307909290826, 53.669124033971677 ], [ -126.009012104035264, 53.633139959787435 ], [ -126.003748070723489, 53.629389061535079 ], [ -125.979428068944628, 53.623353019172754 ], [ -125.884842091907814, 53.622589938734187 ], [ -125.831864897341958, 53.626983953599385 ], [ -125.821884055752179, 53.640436048569214 ], [ -125.780704051375778, 53.648875049125643 ], [ -125.699638992392124, 53.675488937509229 ], [ -125.685707093361557, 53.681714988665561 ], [ -125.632553896905492, 53.759450037172975 ], [ -125.520430034548639, 53.783153023367881 ], [ -125.369903979712859, 53.777826005474409 ], [ -125.272312037161342, 53.761354001287799 ], [ -125.216747951441462, 53.748418035292303 ], [ -125.181189072405175, 53.732382945713439 ], [ -125.131312992254138, 53.715436054507876 ], [ -125.125539022404382, 53.707323959053909 ], [ -125.086791918892516, 53.687438996397155 ], [ -125.100256020890441, 53.624751019088123 ], [ -125.08052695429312, 53.614584009261712 ], [ -125.0085699034844, 53.609115044724319 ], [ -124.968137964929269, 53.610420974580414 ], [ -124.956217102122238, 53.601710974851557 ], [ -124.961347960360868, 53.585675049899308 ], [ -124.952578983986527, 53.568936042714462 ], [ -124.920226048553403, 53.549586954042056 ], [ -124.873226993064492, 53.548907951039375 ], [ -124.861555057422819, 53.535625019270611 ], [ -124.906311078650546, 53.50898296290385 ], [ -124.918203906190769, 53.488744045529778 ], [ -124.885665918305733, 53.422878009614102 ], [ -124.871130048948089, 53.404165970780383 ], [ -124.838182930306445, 53.385031947549017 ], [ -124.784159924098645, 53.365269029136563 ], [ -124.777001030081635, 53.358070955919004 ], [ -124.735501917316626, 53.354985956887745 ], [ -124.717494911632812, 53.34405398715213 ], [ -124.668656085817943, 53.337143045780373 ], [ -124.652052007934287, 53.321110990369917 ], [ -124.626403912283877, 53.320753053379505 ], [ -124.618169914256413, 53.325867039260089 ], [ -124.602285929161383, 53.323406936421605 ], [ -124.558223975379804, 53.327320959072111 ], [ -124.525870998611168, 53.323567976439158 ], [ -124.469553045399067, 53.331587026836964 ], [ -124.381963088502772, 53.322206948473884 ], [ -124.281941082743884, 53.316383022831857 ], [ -124.259311081817756, 53.312347960280633 ], [ -124.151092999808256, 53.287234025062169 ], [ -124.039188058963077, 53.254479016685387 ], [ -123.984485048964814, 53.250555987494927 ], [ -123.931456077703828, 53.234069950260263 ], [ -123.889271900980759, 53.223869058793532 ], [ -123.856609915978922, 53.21154596145297 ], [ -123.774964986829985, 53.16418299436716 ], [ -123.73239501153688, 53.146411996255004 ], [ -123.719413007883588, 53.144428056859681 ], [ -123.686278894912093, 53.145043041482488 ], [ -123.680811897491253, 53.135273015942246 ], [ -123.669727943305503, 53.132362958872008 ], [ -123.668432005387018, 53.134352008111684 ], [ -123.641121013202309, 53.132820946607104 ], [ -123.63461189570863, 53.130123982387147 ], [ -123.628539110168475, 53.13039094142119 ], [ -123.622145996255583, 53.134084949914993 ], [ -123.593648998068758, 53.133574001882579 ], [ -123.593558052676642, 53.128550039435524 ], [ -123.601484977196435, 53.125761007889423 ], [ -123.603696945106122, 53.121637967734195 ], [ -123.597227087152234, 53.120759953004324 ], [ -123.594847055991224, 53.115294030751144 ], [ -123.59105396786336, 53.115546013074066 ], [ -123.581707901342924, 53.124276975303843 ], [ -123.566540941542911, 53.125738965286246 ], [ -123.568982983283135, 53.135316980163275 ], [ -123.566038065664188, 53.141043010222852 ], [ -123.529301913465162, 53.172766963709364 ], [ -123.527852969872598, 53.177341007349398 ], [ -123.539045961901152, 53.18755701580168 ], [ -123.525091007574133, 53.195400038868549 ], [ -123.51768296474485, 53.208001002190109 ], [ -123.510450983575083, 53.207810031975455 ], [ -123.509245101025527, 53.203934003773576 ], [ -123.495984058436974, 53.2076569530089 ], [ -123.493008991779433, 53.212239057263581 ], [ -123.497739941766099, 53.222950049677742 ], [ -123.493238900201149, 53.227767964412244 ], [ -123.495199044331798, 53.231182963400087 ], [ -123.503585080629151, 53.232055996828855 ], [ -123.507490973163627, 53.2382020358829 ], [ -123.502272893448875, 53.245762031735133 ], [ -123.492635912310249, 53.238278009680009 ], [ -123.476278980929692, 53.239275006773198 ], [ -123.459623980534843, 53.246663966839385 ], [ -123.448208952145038, 53.247632946197527 ], [ -123.44067905494822, 53.253606038575441 ], [ -123.431569026997394, 53.255930003539184 ], [ -123.426381046941017, 53.266915975180247 ], [ -123.411804026860111, 53.275376995535687 ] ], [ [ -127.874408908792745, 53.828802012839972 ], [ -127.875855914148005, 53.828348942196833 ], [ -127.874796074599701, 53.828787044737169 ], [ -127.874408908792745, 53.828802012839972 ] ] ] } },
{ "type": "Feature", "properties": { "NAME": "Stó:lo Xwexwilmexw Treaty Association", "SCALE": "1:250000" }, "geometry": { "type": "Polygon", "coordinates": [ [ [ -122.426814769190216, 49.755614373413302 ], [ -122.439443947891021, 49.757443584912217 ], [ -122.470946030422382, 49.769028204121803 ], [ -122.488184966049374, 49.772091798292756 ], [ -122.49882584160774, 49.768378623422898 ], [ -122.517911110091077, 49.780332286372321 ], [ -122.54312217174386, 49.782530135198904 ], [ -122.606430808912748, 49.78275345402561 ], [ -122.635889413755436, 49.808321909123002 ], [ -122.658572386743927, 49.823492493664311 ], [ -122.644072481643832, 49.837394609548845 ], [ -122.630117380779865, 49.857421751648936 ], [ -122.63112728345321, 49.872674797506619 ], [ -122.698335755586044, 49.878989739844251 ], [ -122.705324817942824, 49.88881594796635 ], [ -122.71223675506748, 49.891306723688281 ], [ -122.738933668390999, 49.888397306424714 ], [ -122.741353241128238, 49.905024065363591 ], [ -122.7498477257475, 49.9255449795819 ], [ -122.7592110028408, 49.930583548248393 ], [ -122.77598468680398, 49.932164156192279 ], [ -122.785177982124836, 49.936372828903615 ], [ -122.79129956582986, 49.933406936681564 ], [ -122.798208607836273, 49.919986358274215 ], [ -122.804014576399823, 49.917068706304946 ], [ -122.824814141732404, 49.920124036754572 ], [ -122.850368449605796, 49.929423822664113 ], [ -122.86110768254575, 49.90626815664811 ], [ -122.881359054107079, 49.892493519399672 ], [ -122.896669058242296, 49.896901849874233 ], [ -122.909455064140687, 49.910295916255365 ], [ -122.925068189626302, 49.915105455879598 ], [ -122.927821334414787, 49.922387992307286 ], [ -122.934684557679262, 49.913020121834002 ], [ -122.955992487945721, 49.899354483088878 ], [ -122.964957256745052, 49.885411998011854 ], [ -122.982274386111698, 49.875324400903736 ], [ -122.994324912046579, 49.862585250726148 ], [ -123.006788011655317, 49.845797365991118 ], [ -123.005468810667949, 49.841745504562638 ], [ -122.994431775231064, 49.836960530204884 ], [ -122.962244387107532, 49.829795040981558 ], [ -122.886862664820356, 49.828851041329933 ], [ -122.858993008843314, 49.816498251113089 ], [ -122.853724098071723, 49.801417179567089 ], [ -122.852124890938214, 49.781969293511374 ], [ -122.855468542047589, 49.76726315518949 ], [ -122.850250499095353, 49.754223596687901 ], [ -122.850672365546828, 49.742720239213341 ], [ -122.833937531485788, 49.733972826284841 ], [ -122.818747736325733, 49.714207148372203 ], [ -122.821467664220393, 49.701596563428055 ], [ -122.818982645035888, 49.688087409044002 ], [ -122.841347270843372, 49.677322242588311 ], [ -122.849756956605304, 49.668874066681688 ], [ -122.842432519164021, 49.660634289672757 ], [ -122.827153659285173, 49.656322071036072 ], [ -122.819306094662636, 49.646865756183118 ], [ -122.82446191505953, 49.636336490618312 ], [ -122.817325992439265, 49.628958846849613 ], [ -122.803922328272236, 49.626063133974917 ], [ -122.801167337313331, 49.622024334656736 ], [ -122.819286121972254, 49.612843506045209 ], [ -122.836150937258466, 49.614451664235141 ], [ -122.84666043241451, 49.613197815083645 ], [ -122.861324439647802, 49.617974483733036 ], [ -122.885175712452025, 49.617528378155228 ], [ -122.895823747012997, 49.621424137648418 ], [ -122.905002270504539, 49.629801545436557 ], [ -122.913587201143159, 49.633230727679646 ], [ -122.9465725710253, 49.627377154206414 ], [ -122.957981790172767, 49.627899048700435 ], [ -122.971760416401011, 49.631357168212261 ], [ -122.986385244531363, 49.638258687922637 ], [ -122.993833300023809, 49.638978893204822 ], [ -122.998270331525561, 49.643291961820189 ], [ -123.020521788819124, 49.653454056119728 ], [ -123.02498539437201, 49.65175320070805 ], [ -123.037957051898275, 49.63718290612205 ], [ -123.021997805033777, 49.607603658340707 ], [ -123.023207560833526, 49.597493409184978 ], [ -123.027041494608241, 49.595716126245883 ], [ -123.042823501047735, 49.603226417891605 ], [ -123.054934232565031, 49.602843528197688 ], [ -123.074257179356991, 49.598339904360522 ], [ -123.094750835689041, 49.580803275714338 ], [ -123.07982365310572, 49.564655515126645 ], [ -123.079893319728228, 49.557823962042157 ], [ -123.095774507920524, 49.552963739412327 ], [ -123.119764406026135, 49.55854512775413 ], [ -123.130756493171702, 49.556558883825126 ], [ -123.146899379166314, 49.557223119211869 ], [ -123.164016513403453, 49.544040791271904 ], [ -123.189665580345633, 49.537633291447058 ], [ -123.195591403917916, 49.533611752171069 ], [ -123.197242351872305, 49.513613497483114 ], [ -123.18467038796652, 49.499890145986754 ], [ -123.185700027859568, 49.495638433788173 ], [ -123.198478713307566, 49.488313393528323 ], [ -123.188339211298313, 49.483000888427192 ], [ -123.188412988917804, 49.477603844983669 ], [ -123.179572492682709, 49.467912427788249 ], [ -123.180968294281158, 49.45915821661562 ], [ -123.193332505401116, 49.452823783241755 ], [ -123.208971928445123, 49.434159085520079 ], [ -123.206403153149253, 49.41762646681493 ], [ -123.196766286603449, 49.408738238802641 ], [ -123.216096973568355, 49.401201904625935 ], [ -123.216519760825236, 49.385779169244344 ], [ -123.220731484948089, 49.373227632005296 ], [ -123.247355497445099, 49.357706732291561 ], [ -123.265743365522582, 49.331728578623412 ], [ -123.2566654374303, 49.334793937784973 ], [ -123.255549452827807, 49.339905628454005 ], [ -123.251246534671992, 49.338340919363795 ], [ -123.250394699857779, 49.341374115372147 ], [ -123.240417804583814, 49.339299440560779 ], [ -123.230092104341935, 49.34194702343153 ], [ -123.218308371103859, 49.338911547638574 ], [ -123.212550783688499, 49.34127899324654 ], [ -123.175652334043406, 49.332165956835503 ], [ -123.169540741255148, 49.328010349898726 ], [ -123.154316368261306, 49.327051212276217 ], [ -123.140651989880837, 49.322768984800177 ], [ -123.13567296262822, 49.318664167557735 ], [ -123.139129231573733, 49.31467521840019 ], [ -123.143231955807394, 49.315569719545387 ], [ -123.151837556138261, 49.313103064182904 ], [ -123.158981457728572, 49.301300828004294 ], [ -123.143771930002231, 49.288358726509777 ], [ -123.143527102641698, 49.27981361401212 ], [ -123.150647259932825, 49.279192877935628 ], [ -123.154951057468509, 49.274923468164509 ], [ -123.170066852769594, 49.27295924692779 ], [ -123.192575232410562, 49.274030334906335 ], [ -123.20047883410011, 49.277120233936209 ], [ -123.245239165967774, 49.28177437028328 ], [ -123.259235992562921, 49.273837039579277 ], [ -123.264288909375466, 49.267537943469655 ], [ -123.249243836292635, 49.249724853479378 ], [ -123.221407982272567, 49.238096729261848 ], [ -123.19951830770276, 49.223024565875335 ], [ -123.203038582493093, 49.220778607459948 ], [ -123.20723083931297, 49.221679686222956 ], [ -123.235222287287954, 49.231116091953787 ], [ -123.215648162352593, 49.221448391970675 ], [ -123.214449118984476, 49.217285808896939 ], [ -123.202429011986197, 49.216111126000087 ], [ -123.203796106078087, 49.207958986910349 ], [ -123.20936745968848, 49.200815745886999 ], [ -123.210398483303848, 49.188220423210964 ], [ -123.198654197450452, 49.175314917742682 ], [ -123.195721670264945, 49.165784846438839 ], [ -123.193917925189581, 49.132432982371938 ], [ -123.194678618967487, 49.127151390253417 ], [ -123.200255502712679, 49.126701076432553 ], [ -123.198949119752371, 49.122214615479102 ], [ -123.183123762982021, 49.104825619071605 ], [ -123.18748155947975, 49.101445326150611 ], [ -123.183981883085977, 49.096053675741629 ], [ -123.180377781825896, 49.095654567163869 ], [ -123.17798330800035, 49.084917678858844 ], [ -123.162410769281735, 49.076197018713117 ], [ -123.146751059646974, 49.073213491455746 ], [ -123.15602117158862, 49.069036412143788 ], [ -123.155579231039439, 49.063423806124163 ], [ -123.116927946092318, 49.049067589083606 ], [ -123.111029915951477, 49.049235333369943 ], [ -123.098642237420165, 49.041123606304119 ], [ -123.097533071988764, 49.033703212651666 ], [ -123.099262524180631, 49.029653731598607 ], [ -123.100447156460433, 49.033700712814195 ], [ -123.102425916643114, 49.024595453619348 ], [ -123.095257249092413, 49.016883381495205 ], [ -123.088553260027808, 49.000066940070468 ], [ -123.034138849583925, 49.000032901793894 ], [ -123.04012933258845, 49.019749331782947 ], [ -123.055663245459925, 49.028828418738925 ], [ -123.0453517773702, 49.04731880180686 ], [ -123.039193961193931, 49.047815812750748 ], [ -123.03524180069013, 49.051802110475187 ], [ -123.035595951288784, 49.049436175687283 ], [ -123.021887605063768, 49.059712486130621 ], [ -123.019669144581059, 49.057293089372848 ], [ -123.016919319446558, 49.061395483430729 ], [ -123.002108240201693, 49.065417701304852 ], [ -122.94825712813477, 49.073924867800976 ], [ -122.919462465965609, 49.082355138635464 ], [ -122.917307482956701, 49.085331120919257 ], [ -122.911064242725914, 49.084300994581241 ], [ -122.902405043416252, 49.086299990939985 ], [ -122.899055113159648, 49.090345076148971 ], [ -122.892711387694476, 49.091337852886419 ], [ -122.867129605966383, 49.089755024080354 ], [ -122.851686917841278, 49.082791701205039 ], [ -122.861886583061292, 49.078882320104761 ], [ -122.859718112787064, 49.070891698920832 ], [ -122.862764486625935, 49.063420087944593 ], [ -122.877002179469031, 49.057553065441233 ], [ -122.879301014283087, 49.057843349596233 ], [ -122.87638204097054, 49.059243562448607 ], [ -122.877643290117078, 49.064030524382382 ], [ -122.887691332087158, 49.057977756030432 ], [ -122.884343979934513, 49.043518618783061 ], [ -122.874692459911742, 49.028926735404234 ], [ -122.867534570349335, 49.025023655447633 ], [ -122.830680818934212, 49.025928998158989 ], [ -122.811131706854368, 49.022777190140367 ], [ -122.778725704814221, 49.014056840872364 ], [ -122.763063257334707, 49.006181570878681 ], [ -122.757337076576619, 49.00000766868866 ], [ -122.000000082483382, 49.000004288591363 ], [ -120.999999257728106, 49.000000131238195 ], [ -120.849075381184718, 49.000064078470118 ], [ -120.846256685450925, 49.007420084008579 ], [ -120.832714172698715, 49.013711341408175 ], [ -120.826793076309883, 49.025934106278498 ], [ -120.825156891387692, 49.041044322397475 ], [ -120.811141483365688, 49.05058536752162 ], [ -120.807103345028523, 49.059770523306078 ], [ -120.8195093337754, 49.072992024998257 ], [ -120.830538333922249, 49.077572198816419 ], [ -120.861683726794581, 49.081626245568664 ], [ -120.876333730308062, 49.086624412788609 ], [ -120.881697257657933, 49.084887752158323 ], [ -120.886847429666517, 49.07838786478235 ], [ -120.895030286943637, 49.079414590641591 ], [ -120.90774392235403, 49.077185340015326 ], [ -120.93671223674383, 49.088286675883822 ], [ -120.9485153415811, 49.088011332331632 ], [ -120.952747176860314, 49.093313337443675 ], [ -120.965210462180465, 49.095994270027028 ], [ -120.966504069071391, 49.101549777109916 ], [ -120.965230300091463, 49.103277095883783 ], [ -120.954378625619526, 49.102549958441813 ], [ -120.934031285409404, 49.107436790361582 ], [ -120.913345020832438, 49.116875035209418 ], [ -120.899199731608618, 49.114535751925025 ], [ -120.889813439022333, 49.11621773328504 ], [ -120.882118742244785, 49.115073682166674 ], [ -120.863134637400805, 49.122793407424275 ], [ -120.858201951957554, 49.131419392984114 ], [ -120.866034742182649, 49.146732241028118 ], [ -120.894439386830996, 49.168597509862892 ], [ -120.883066021932038, 49.184110395078051 ], [ -120.890693578212549, 49.203924698870502 ], [ -120.87477186812751, 49.204982139759331 ], [ -120.86238228214458, 49.208608280373937 ], [ -120.856398887863079, 49.2198820317791 ], [ -120.846988875123756, 49.224753809934462 ], [ -120.846717186527528, 49.245691847212299 ], [ -120.839710955985623, 49.25383746007153 ], [ -120.823644421774404, 49.25574434408648 ], [ -120.818625409030659, 49.258528421200566 ], [ -120.81912400178237, 49.265730273341831 ], [ -120.827969779468617, 49.279917471252617 ], [ -120.822867871467452, 49.284512896044063 ], [ -120.809754934748952, 49.28927582392047 ], [ -120.825479118052527, 49.295703787769732 ], [ -120.850267704525734, 49.300377969741881 ], [ -120.867289684716866, 49.299195662367531 ], [ -120.879208381823418, 49.296010096905682 ], [ -120.894212874066596, 49.300035965507902 ], [ -120.914936489738139, 49.300911179300897 ], [ -120.921937399171682, 49.296255948099535 ], [ -120.935727320101819, 49.276878362180604 ], [ -120.944360544041842, 49.271499772486358 ], [ -120.96003780016089, 49.278578733991942 ], [ -120.977616317199661, 49.272046395448605 ], [ -120.991098126309922, 49.274670115839228 ], [ -120.997965276006809, 49.277991926463635 ], [ -120.999344177510864, 49.282099998156653 ], [ -120.99753242959612, 49.300366417016349 ], [ -121.025675798388619, 49.304062397917576 ], [ -121.042452401168092, 49.320661985536802 ], [ -121.041329432066107, 49.323103330946374 ], [ -121.053443114112298, 49.330513763282063 ], [ -121.06797227585821, 49.330514745196652 ], [ -121.078155744540155, 49.328008315630427 ], [ -121.081529944696257, 49.329215861899741 ], [ -121.097224568223609, 49.346077204574613 ], [ -121.090700627553588, 49.346770217803034 ], [ -121.081765604515056, 49.343203816580015 ], [ -121.06479169478834, 49.354448951078943 ], [ -121.061352661525589, 49.364970400798136 ], [ -121.103473238346893, 49.375920028318973 ], [ -121.115910943394567, 49.383203128129246 ], [ -121.112542860809313, 49.390011930427555 ], [ -121.099229195795616, 49.393837334375583 ], [ -121.09611636251978, 49.403389061185983 ], [ -121.098192094742359, 49.410138549015699 ], [ -121.08963305794795, 49.416622766363233 ], [ -121.088823386493786, 49.424687542242268 ], [ -121.09477875032907, 49.431865468703414 ], [ -121.08009734339376, 49.454291737953604 ], [ -121.079678311853314, 49.459430308197895 ], [ -121.082451329850841, 49.465728320997421 ], [ -121.087063592797577, 49.467086601635671 ], [ -121.091071693950624, 49.472275866615391 ], [ -121.068636322610374, 49.473027762194292 ], [ -121.056785475409498, 49.476031669781463 ], [ -121.061054657461312, 49.487874157132488 ], [ -121.069687524929719, 49.492943697356111 ], [ -121.073933900389051, 49.506579901951895 ], [ -121.081832158522886, 49.512666260106435 ], [ -121.073214537583596, 49.523196294166468 ], [ -121.043347601121255, 49.529859897135388 ], [ -121.051489408720315, 49.541331789144017 ], [ -121.036840416628593, 49.550025717986507 ], [ -121.035051568557378, 49.555433176361802 ], [ -121.034357856075715, 49.564574388527973 ], [ -121.040395095154366, 49.579222618243563 ], [ -121.038584678552695, 49.585817155676416 ], [ -121.012876874075161, 49.593757848003172 ], [ -120.997562924021494, 49.595023079458215 ], [ -120.987025207004336, 49.606498476942626 ], [ -120.971859350308335, 49.610960822502548 ], [ -120.96522073322771, 49.620388564639988 ], [ -120.969474970200082, 49.625383853160756 ], [ -120.966764097328721, 49.636904515533665 ], [ -121.00631302346477, 49.64479344671502 ], [ -121.070594207444131, 49.626259306130322 ], [ -121.092068038862138, 49.627996111633067 ], [ -121.105778764925503, 49.62189754550495 ], [ -121.120452319898519, 49.610249333330607 ], [ -121.127887420623964, 49.62111937970149 ], [ -121.138527665808255, 49.623652305179498 ], [ -121.175257859624054, 49.603035133121729 ], [ -121.188973386643568, 49.586618101118141 ], [ -121.197734724097259, 49.586161200718756 ], [ -121.210176541797651, 49.594108347154119 ], [ -121.222348525206172, 49.580847878333145 ], [ -121.223417877847695, 49.573497071286411 ], [ -121.234690177022657, 49.57719579841806 ], [ -121.250780791211042, 49.594324471429374 ], [ -121.275180698275804, 49.607014327975875 ], [ -121.286407530304473, 49.60925452799696 ], [ -121.298151710341543, 49.614928448792213 ], [ -121.330108094583181, 49.636271920912613 ], [ -121.340450622931712, 49.632300854837929 ], [ -121.354743939502754, 49.634321940729251 ], [ -121.358612894532058, 49.639531125540216 ], [ -121.35771589796262, 49.645608155314278 ], [ -121.366088942559941, 49.652877819718981 ], [ -121.396872356388357, 49.666009369997113 ], [ -121.405317537395277, 49.662878760623549 ], [ -121.415405245609506, 49.667164030516496 ], [ -121.424255868030841, 49.660889296813501 ], [ -121.437834636060643, 49.659193342518385 ], [ -121.444900412651819, 49.664442671807059 ], [ -121.45601240188256, 49.667137013469727 ], [ -121.464389557840903, 49.672213718938337 ], [ -121.476067030016466, 49.671540465663519 ], [ -121.541918416422874, 49.681185637518823 ], [ -121.552988733426886, 49.686523630894527 ], [ -121.575599004266721, 49.711738045555748 ], [ -121.598981753586457, 49.716709643538017 ], [ -121.613353116263511, 49.726965907347925 ], [ -121.653234314126848, 49.738904977943903 ], [ -121.689311216515406, 49.737160062922385 ], [ -121.693099558472682, 49.747510953958404 ], [ -121.711221776686116, 49.757136060942756 ], [ -121.714679395340156, 49.764536719095211 ], [ -121.707102797941175, 49.774549062343645 ], [ -121.709574769863295, 49.792633618474525 ], [ -121.719627345980442, 49.793356780214602 ], [ -121.727293605640497, 49.797731730242049 ], [ -121.737574824009442, 49.815127549193946 ], [ -121.725657820927736, 49.816175422853711 ], [ -121.714507101480805, 49.82202475595836 ], [ -121.714180055799602, 49.824921920260223 ], [ -121.724770847526472, 49.834879132109101 ], [ -121.726943230385629, 49.84750904752336 ], [ -121.748844378819754, 49.854655412488576 ], [ -121.749022920801281, 49.865756715152848 ], [ -121.755131661949164, 49.872424523715438 ], [ -121.770538891226323, 49.870263844907477 ], [ -121.787785051710458, 49.844194688288631 ], [ -121.791376495803519, 49.841358408252695 ], [ -121.79815333932163, 49.840794755581015 ], [ -121.82474196675993, 49.858364032112476 ], [ -121.834907609352541, 49.85708148623258 ], [ -121.84490831861369, 49.859119904214396 ], [ -121.853194492191719, 49.864778810905271 ], [ -121.850623701558504, 49.870240034348214 ], [ -121.859216747206858, 49.871030984941029 ], [ -121.875936978211442, 49.868473462184348 ], [ -121.881981185029701, 49.871585558996735 ], [ -121.903780719415735, 49.872481824259616 ], [ -121.931558280260049, 49.865464588790559 ], [ -121.936984183508997, 49.858255885296614 ], [ -121.94308038083085, 49.855199519077878 ], [ -121.963488921820471, 49.858756747598129 ], [ -121.9734443818719, 49.848506131480349 ], [ -121.966399298193011, 49.842331735537634 ], [ -121.966486435692985, 49.838244491543001 ], [ -121.978754577876913, 49.834723933366234 ], [ -121.992351831181793, 49.820226790623956 ], [ -122.014161491307547, 49.815863113684713 ], [ -122.034098530193063, 49.815648722470634 ], [ -122.058254787015414, 49.831785840558538 ], [ -122.063697548155091, 49.829729716038166 ], [ -122.075607932312423, 49.837061400643272 ], [ -122.10365320920755, 49.848502288751995 ], [ -122.110117873957009, 49.858351565102353 ], [ -122.146129164032956, 49.890584066736203 ], [ -122.151293565635072, 49.902431606319546 ], [ -122.16149654306416, 49.909966658348168 ], [ -122.16713154445263, 49.910803266969154 ], [ -122.180930752965736, 49.906683203216566 ], [ -122.234287729396215, 49.917548678498328 ], [ -122.242662766613165, 49.916564830314762 ], [ -122.245030789351816, 49.913274858849853 ], [ -122.243418883084701, 49.90941478281529 ], [ -122.232915719165732, 49.902451622139019 ], [ -122.234645640040597, 49.894934784754014 ], [ -122.227653260246882, 49.888736278458566 ], [ -122.202562391203656, 49.885193539243161 ], [ -122.206981979766837, 49.877025470665593 ], [ -122.186996349604243, 49.869669039968734 ], [ -122.186236007465922, 49.862328759957258 ], [ -122.253092197832174, 49.827705022850473 ], [ -122.279282524717615, 49.823755876899035 ], [ -122.298646780924912, 49.826685432345201 ], [ -122.346321475303341, 49.846805765570487 ], [ -122.36043881404251, 49.859903872316046 ], [ -122.376463193510801, 49.861533700426719 ], [ -122.391793628021119, 49.8684418514014 ], [ -122.402937494100627, 49.867236071563831 ], [ -122.426330818036277, 49.85415947882484 ], [ -122.431464068340986, 49.848905077606418 ], [ -122.429195387206548, 49.833072822023354 ], [ -122.443981920411971, 49.823610638195568 ], [ -122.447690062579213, 49.815555889766046 ], [ -122.433570511021642, 49.792124706452547 ], [ -122.436030839267843, 49.771683291438343 ], [ -122.425258134799691, 49.757153716700465 ], [ -122.426814769190216, 49.755614373413302 ] ] ] } },
{ "type": "Feature", "properties": { "NAME": "Yekooche First Nation", "SCALE": "1:2000000" }, "geometry": { "type": "Polygon", "coordinates": [ [ [ -125.425354048742491, 54.252554972871032 ], [ -125.404218601314909, 54.245900421730724 ], [ -125.343336566117458, 54.218766228007752 ], [ -125.302623096546768, 54.2047030754727 ], [ -125.277797149913596, 54.199552027133024 ], [ -125.252611343938838, 54.198431996050076 ], [ -125.206147643780142, 54.191240851140442 ], [ -125.193228421194078, 54.180182977948654 ], [ -125.090250906483121, 54.180748938426852 ], [ -125.00211808284871, 54.190783946185682 ], [ -124.972298930631212, 54.18986195049267 ], [ -124.920615938504156, 54.180783048120063 ], [ -124.838238910331285, 54.152816953545958 ], [ -124.823711025341169, 54.150207025371849 ], [ -124.78971403126036, 54.14724804004792 ], [ -124.713758040247626, 54.147828980471985 ], [ -124.694318988842852, 54.153286963562302 ], [ -124.679493090599152, 54.166783982635202 ], [ -124.680427445702435, 54.171110908569176 ], [ -124.698559874626312, 54.17905554942832 ], [ -124.702060118697005, 54.18323096636253 ], [ -124.69140119969876, 54.196130367105027 ], [ -124.690790048762835, 54.211967993691246 ], [ -124.684690043498307, 54.215574955962552 ], [ -124.672465975942274, 54.217864001612419 ], [ -124.621998110584471, 54.218055935630645 ], [ -124.571549052835607, 54.226958992094374 ], [ -124.492010072108798, 54.244646942158681 ], [ -124.474794919045053, 54.245136980433728 ], [ -124.415128933912627, 54.23809802337987 ], [ -124.378505709890305, 54.237538818419054 ], [ -124.371790132112892, 54.245768387689743 ], [ -124.353969468713473, 54.247587841472779 ], [ -124.347972623778773, 54.250989804526817 ], [ -124.339703921839316, 54.249733936747582 ], [ -124.326049561981392, 54.255691107139874 ], [ -124.323741194535003, 54.262214893936751 ], [ -124.313249220174967, 54.259112346631198 ], [ -124.311411563182148, 54.266538642680061 ], [ -124.28570904796652, 54.267597176726156 ], [ -124.278413436070622, 54.275988917655191 ], [ -124.271093757905703, 54.277695882164132 ], [ -124.276037967142742, 54.286855057935341 ], [ -124.283457072804026, 54.333637010364811 ], [ -124.277145058311532, 54.366996005553823 ], [ -124.26665392742548, 54.390507984538239 ], [ -124.238759974996938, 54.430589947258518 ], [ -124.245993042256458, 54.441557018415914 ], [ -124.35381000017135, 54.493408055627711 ], [ -124.454575899038787, 54.547645014707577 ], [ -124.463819109243147, 54.553895058223375 ], [ -124.471515990996465, 54.56663899812655 ], [ -124.466490920672854, 54.579187060488721 ], [ -124.45993004520173, 54.582782990886628 ], [ -124.444110964092829, 54.585501033962402 ], [ -124.417114935515926, 54.582862983395039 ], [ -124.359695996829572, 54.568843017419127 ], [ -124.341584023024524, 54.566626027306611 ], [ -124.310365939225377, 54.564193035007406 ], [ -124.270652057207812, 54.56533799676761 ], [ -124.246305018482843, 54.574525982433379 ], [ -124.24473006299911, 54.579450953028335 ], [ -124.249689058953763, 54.587955971450512 ], [ -124.269650975145055, 54.604290047376594 ], [ -124.333948948870187, 54.638046041832929 ], [ -124.38757901168087, 54.656114018729347 ], [ -124.570788068070769, 54.690195032390349 ], [ -124.602510933583616, 54.694128021397702 ], [ -124.616838046606048, 54.700126950930432 ], [ -124.636329102097307, 54.750436993126854 ], [ -124.658848006971141, 54.765807004356233 ], [ -124.688029982315172, 54.794581031938264 ], [ -124.720753905315576, 54.819188976227942 ], [ -124.783819884141408, 54.852241057587193 ], [ -124.858600915224102, 54.880707971608757 ], [ -124.914571906877796, 54.89707995023074 ], [ -124.929901017389469, 54.904648952735215 ], [ -124.936650100432914, 54.911589013842594 ], [ -124.938700083510255, 54.917202952814733 ], [ -124.931902051043551, 54.929388998550223 ], [ -124.880100070871848, 54.955978058272223 ], [ -124.864021917404273, 54.974954015826349 ], [ -124.860686087491345, 54.985994040739108 ], [ -124.866129910003465, 55.008693038722427 ], [ -124.888324011983926, 55.02771005979303 ], [ -124.923741978215133, 55.041480962301563 ], [ -124.963718083237623, 55.046667020489053 ], [ -125.004777065303244, 55.046659033754644 ], [ -125.042493078780424, 55.055208025939429 ], [ -125.062688981204246, 55.067007956655033 ], [ -125.115222919198288, 55.106717967714673 ], [ -125.151254968195403, 55.123572055590451 ], [ -125.187183067032663, 55.13479095503908 ], [ -125.246170934278368, 55.173051981680025 ], [ -125.272027088216902, 55.186576041295048 ], [ -125.31760103432012, 55.20263197699925 ], [ -125.3760359226292, 55.213833964573169 ], [ -125.384641995739628, 55.212631995840624 ], [ -125.390806101947945, 55.208527058459786 ], [ -125.42453703240129, 55.180988935866885 ], [ -125.426356945464207, 55.176245960104538 ], [ -125.416847041654137, 55.173182967490192 ], [ -125.416306945412103, 55.168237057129659 ], [ -125.429999015952603, 55.153932029720337 ], [ -125.452029006551754, 55.143371993605541 ], [ -125.467190052532175, 55.139176939859233 ], [ -125.489365047267285, 55.121407056928689 ], [ -125.509012096467558, 55.110859015780136 ], [ -125.572753060614758, 55.084098972044679 ], [ -125.590317957851752, 55.071083050086912 ], [ -125.596682971104244, 55.062687049351119 ], [ -125.583505045884053, 55.054950038087121 ], [ -125.533913915280792, 55.046012966341678 ], [ -125.500737066701575, 55.035992946521432 ], [ -125.423630035793167, 54.994648954768294 ], [ -125.419152025703653, 54.988613997821808 ], [ -125.418874914209539, 54.979388965312566 ], [ -125.40960002990434, 54.982624945872274 ], [ -125.402546117315097, 54.981789963381154 ], [ -125.401605951036686, 54.976396980055569 ], [ -125.394163008235253, 54.975564998083989 ], [ -125.385007986726549, 54.969570976737046 ], [ -125.367400023904679, 54.968153955722705 ], [ -125.366835915878752, 54.962082022155748 ], [ -125.355078983237178, 54.96038496843105 ], [ -125.353377895519941, 54.955449025411838 ], [ -125.328871093602586, 54.944184028232783 ], [ -125.313987912268047, 54.942059964429447 ], [ -125.291036081523359, 54.929875056196671 ], [ -125.246200915587323, 54.915158981546341 ], [ -125.226175055462519, 54.893937933666216 ], [ -125.2131009974172, 54.885262010207462 ], [ -125.212132018510346, 54.877618024539615 ], [ -125.304991006440602, 54.840864043710923 ], [ -125.42631396939575, 54.812321014271994 ], [ -125.459743954002036, 54.799396063856626 ], [ -125.47381292505284, 54.789355029766973 ], [ -125.480904012512013, 54.780057026830875 ], [ -125.485196992739603, 54.75615605254216 ], [ -125.483908092268976, 54.739962978878395 ], [ -125.501081029122616, 54.740611957433515 ], [ -125.511833945133532, 54.736001950337631 ], [ -125.530053017265871, 54.733116028176077 ], [ -125.551836033164335, 54.721184983718317 ], [ -125.553112906512325, 54.713518012108089 ], [ -125.565824003506222, 54.709557954340397 ], [ -125.571862899655699, 54.704315975690527 ], [ -125.583097891223616, 54.702620968235621 ], [ -125.594742943876852, 54.691240007498237 ], [ -125.588198027324268, 54.672625990049276 ], [ -125.610060904108138, 54.653929045461759 ], [ -125.613700001191688, 54.64735999403927 ], [ -125.647933087578622, 54.627393979284399 ], [ -125.671554063352559, 54.624873961725896 ], [ -125.682527060044578, 54.626999025913818 ], [ -125.753043975620358, 54.648677971217609 ], [ -125.797936046856762, 54.670189968213315 ], [ -125.840147042958279, 54.700501057476465 ], [ -125.854133928349597, 54.717206992090787 ], [ -125.850596045348397, 54.725358979692928 ], [ -125.827894908574805, 54.741184053955301 ], [ -125.781010889772418, 54.766761009067054 ], [ -125.775835926475438, 54.773578056532862 ], [ -125.776502992577278, 54.780098962683446 ], [ -125.821150051276192, 54.801384022506355 ], [ -125.901253094752178, 54.827818066376707 ], [ -125.92048907950965, 54.838143949062349 ], [ -125.922034013069663, 54.84623002896496 ], [ -125.91507294548768, 54.865011049249262 ], [ -125.915096040537648, 54.882572948891443 ], [ -125.919182992216022, 54.886345943673412 ], [ -125.973230107091865, 54.920062969271008 ], [ -126.098973958493318, 55.005185987575871 ], [ -126.122407001242095, 55.018124043499341 ], [ -126.179215043079452, 55.030323009889443 ], [ -126.209290989920731, 55.034360062847611 ], [ -126.232848898958792, 55.033989936132933 ], [ -126.277236940103947, 55.02652297721491 ], [ -126.3162459906967, 55.007417015923991 ], [ -126.348051901076673, 54.972653974061714 ], [ -126.353341003031005, 54.955222998256531 ], [ -126.353588048198702, 54.945759940845896 ], [ -126.347136053622521, 54.928751949190321 ], [ -126.325397963780759, 54.904566981707902 ], [ -126.243573042134912, 54.847351051331955 ], [ -126.208051980727944, 54.811884024652421 ], [ -126.201430042904605, 54.790143048800196 ], [ -126.202620035065095, 54.716708022177791 ], [ -126.186918946132948, 54.692408031768764 ], [ -126.159394940429195, 54.67256795038336 ], [ -126.141302968813775, 54.65392995906879 ], [ -126.13026999850149, 54.636082977603166 ], [ -126.116687946666602, 54.598457029273128 ], [ -126.115524355815779, 54.583010103463437 ], [ -126.109399869834235, 54.583253875462184 ], [ -126.107853067768687, 54.580517965265379 ], [ -126.107487921668522, 54.577475776332413 ], [ -126.117045968919129, 54.572722511883264 ], [ -126.118843609381756, 54.56016533021927 ], [ -126.105210790828338, 54.560558613527519 ], [ -126.079701895782776, 54.568713666852879 ], [ -126.073337717953819, 54.568558712158129 ], [ -126.068370606009822, 54.565065754841562 ], [ -126.051704959295208, 54.530936347358008 ], [ -126.045636551865229, 54.526740266634455 ], [ -126.035084308489402, 54.528505333254977 ], [ -126.013509402744759, 54.538429427502209 ], [ -126.006422221545535, 54.540278399265453 ], [ -126.002447172964111, 54.539168449295865 ], [ -126.004394028914191, 54.528424367418033 ], [ -126.015623557255822, 54.50947815077663 ], [ -126.003589160437826, 54.491979984097547 ], [ -125.992481630063082, 54.485633917568592 ], [ -125.97816914618474, 54.483588842458651 ], [ -125.952357377946541, 54.465065744186909 ], [ -125.932354550275292, 54.461861623910139 ], [ -125.914972925079923, 54.454673534871766 ], [ -125.909169059558053, 54.447711778761196 ], [ -125.872089275776247, 54.442031517637339 ], [ -125.854108751311998, 54.441636447897665 ], [ -125.837245251155949, 54.435460365844747 ], [ -125.828986759744211, 54.430185365915293 ], [ -125.823922532553681, 54.420945311063115 ], [ -125.811552307887965, 54.409152089351736 ], [ -125.790856391521842, 54.407928156355048 ], [ -125.793662684254912, 54.40159507909037 ], [ -125.785676237286523, 54.39295089390496 ], [ -125.78507720323357, 54.385851870863291 ], [ -125.788652710678051, 54.381279787906486 ], [ -125.784828795374636, 54.376967276863098 ], [ -125.749826642199352, 54.359117838970498 ], [ -125.718575333578187, 54.359371149210922 ], [ -125.695146237748233, 54.348853045729129 ], [ -125.682665605110174, 54.345975554589224 ], [ -125.668196031022219, 54.332421385785068 ], [ -125.66955844738942, 54.315491638007842 ], [ -125.6561407044031, 54.309663353659083 ], [ -125.628328190945439, 54.308759061606473 ], [ -125.425354048742491, 54.252554972871032 ] ] ] } },
{ "type": "Feature", "properties": { "NAME": "Wuikinuxv Nation", "SCALE": "1:20000" }, "geometry": { "type": "Polygon", "coordinates": [ [ [ -126.955991798390713, 52.016016659452248 ], [ -126.957726035574538, 52.027215195229566 ], [ -126.964271006875776, 52.03267892201675 ], [ -126.971822909839616, 52.029140349600681 ], [ -126.975029581166979, 52.01334212946891 ], [ -126.977541368171558, 52.014842043806318 ], [ -126.994640264936862, 52.011816308079602 ], [ -126.998998950247682, 52.017987196176769 ], [ -127.012373053029492, 52.022380079875944 ], [ -127.028698366302166, 52.017732723815492 ], [ -127.036362685254986, 52.018328355187464 ], [ -127.05576193251521, 52.028172921918681 ], [ -127.070869356493859, 52.026703828425042 ], [ -127.072846893166059, 52.015630892768776 ], [ -127.087106123675269, 52.009335059208034 ], [ -127.096839799757802, 52.011740792916477 ], [ -127.108718340044192, 52.011613436459989 ], [ -127.116850347291887, 52.008897243086537 ], [ -127.127476008489083, 52.011962132640399 ], [ -127.148974377618273, 52.006915738144791 ], [ -127.160744911837313, 52.01159619644222 ], [ -127.156474133265831, 52.026510181555317 ], [ -127.168713912027258, 52.02555912993121 ], [ -127.181943023556542, 52.013139265108549 ], [ -127.191076986759541, 52.011769249550461 ], [ -127.208598582422738, 52.0189159468597 ], [ -127.210338579835309, 52.024859124536391 ], [ -127.222148446285885, 52.028212139816951 ], [ -127.230630221575836, 52.021622865082698 ], [ -127.237577789517474, 52.021745007459081 ], [ -127.243953384509041, 52.018527197103715 ], [ -127.261754476973877, 52.017620310250138 ], [ -127.274076228738764, 52.011258389980767 ], [ -127.274518611973932, 52.000348662619849 ], [ -127.279403112222468, 51.996062036305268 ], [ -127.283044503276898, 51.996070229342713 ], [ -127.288165635515526, 52.001456012740434 ], [ -127.311753439118249, 52.007356513416553 ], [ -127.317210259478074, 52.012982594447081 ], [ -127.340086245229728, 52.013442099108211 ], [ -127.348097642682262, 52.00905082211461 ], [ -127.37700080019701, 52.006384453780292 ], [ -127.383513280969098, 51.992375841875791 ], [ -127.37909217929996, 51.988961117528291 ], [ -127.366464693949396, 51.989766731224201 ], [ -127.354537158215919, 51.981795716290442 ], [ -127.369781710137119, 51.961794026285276 ], [ -127.376314467719794, 51.962270964102835 ], [ -127.37442521357832, 51.969429405633029 ], [ -127.388538885905248, 51.972887469430319 ], [ -127.405337404905808, 51.963258124842262 ], [ -127.420589317186739, 51.971892066868861 ], [ -127.431328833389998, 51.970363163792193 ], [ -127.442222636859782, 51.971919509033178 ], [ -127.449329429593021, 51.966375471397889 ], [ -127.456588388715161, 51.965247967643492 ], [ -127.450189518465976, 51.959166376093954 ], [ -127.458333916958779, 51.952133816251518 ], [ -127.45206380515755, 51.948697584940128 ], [ -127.450953909021479, 51.944169089215826 ], [ -127.441782002254385, 51.943490538249797 ], [ -127.436905226400242, 51.940638403073159 ], [ -127.45423902082554, 51.927895084444359 ], [ -127.463202418464363, 51.925932347767592 ], [ -127.455405967255061, 51.917300008947052 ], [ -127.462702765811187, 51.910333949735673 ], [ -127.466519847041823, 51.910527615842057 ], [ -127.463833065137152, 51.897661173448228 ], [ -127.476874821335713, 51.896248145973274 ], [ -127.482261446922777, 51.891237340953445 ], [ -127.479975212774619, 51.885345122875798 ], [ -127.485672011001782, 51.88402484555489 ], [ -127.493233576055715, 51.885587598846762 ], [ -127.498986157868728, 51.880400886442409 ], [ -127.497461740017897, 51.87339474392666 ], [ -127.504500902716288, 51.865265855648673 ], [ -127.503459263769628, 51.862371202971943 ], [ -127.515271229003915, 51.856644183698556 ], [ -127.510785483038021, 51.845167759024797 ], [ -127.513704948085135, 51.841598933167333 ], [ -127.507463897397628, 51.837617398974132 ], [ -127.506436668610334, 51.831813554534044 ], [ -127.513545351068743, 51.82886435207898 ], [ -127.524928521206505, 51.828648011411296 ], [ -127.534503827109575, 51.834099928058144 ], [ -127.542023755842962, 51.832700746090524 ], [ -127.554838879694003, 51.836338780273763 ], [ -127.564024068972458, 51.842808541394419 ], [ -127.573278800475961, 51.842570494619757 ], [ -127.580203041633865, 51.846269008731433 ], [ -127.590891784664478, 51.846154766630455 ], [ -127.596527358947284, 51.842958114962052 ], [ -127.601141255769505, 51.835388000129718 ], [ -127.613240225591994, 51.832276249945082 ], [ -127.617637193993502, 51.836086601163927 ], [ -127.622544428867045, 51.835083341020905 ], [ -127.626809472646514, 51.821816123849096 ], [ -127.641132995548247, 51.818473080446772 ], [ -127.655068584179816, 51.818599724132234 ], [ -127.674060659632659, 51.810371125851347 ], [ -127.682615730759395, 51.802781582443764 ], [ -127.681991587671448, 51.798129340446188 ], [ -127.695642642894256, 51.775131965979021 ], [ -127.702145540171642, 51.771456952542458 ], [ -127.716255514109491, 51.773764506678681 ], [ -127.725065642394952, 51.782989266674981 ], [ -127.731039002323385, 51.785470348271161 ], [ -127.743742583213077, 51.782467800247296 ], [ -127.752818555963898, 51.783150963271801 ], [ -127.761314653020818, 51.780203953225836 ], [ -127.765727743497678, 51.782714861449229 ], [ -127.780131573419283, 51.781267228156771 ], [ -127.787592298720782, 51.782750193389454 ], [ -127.787306592783636, 51.776898095772452 ], [ -127.791909520963515, 51.773771782906188 ], [ -127.807166926490041, 51.774461228896591 ], [ -127.812410674348996, 51.776719545777951 ], [ -127.829838665624123, 51.775498624235276 ], [ -127.84501357772632, 51.779217322043394 ], [ -127.853790874192285, 51.777882646942302 ], [ -127.865910369972681, 51.781407061721289 ], [ -127.873550326479133, 51.778196854644499 ], [ -127.919113449194839, 51.779710365104926 ], [ -127.945210012184418, 51.772465311632125 ], [ -128.009233537150578, 51.744593360258548 ], [ -128.070632258095344, 51.724897433657077 ], [ -128.108938114263566, 51.715399524668385 ], [ -128.692473349848569, 51.707734716827702 ], [ -128.673024306779382, 51.33158679130004 ], [ -127.801369698600723, 51.353322274060488 ], [ -127.78587077297631, 51.354036301682221 ], [ -127.781728679001304, 51.356625518415626 ], [ -127.77528524006938, 51.353119116782963 ], [ -127.768904764690134, 51.354003866640731 ], [ -127.769769540843924, 51.346917937351193 ], [ -127.76392705633441, 51.345786326767083 ], [ -127.754890432427288, 51.349851118874234 ], [ -127.749301677888624, 51.348014077279167 ], [ -127.75022926912888, 51.352097545031569 ], [ -127.738053532603217, 51.355671889850093 ], [ -127.732805895072786, 51.344419655524732 ], [ -127.726513175327284, 51.347660630653188 ], [ -127.722288186312909, 51.355465030012212 ], [ -127.725133625402961, 51.357528324788198 ], [ -127.722613790177888, 51.360855049917781 ], [ -127.728433562462143, 51.36076548953482 ], [ -127.729824827686116, 51.367587852183057 ], [ -127.714452927138595, 51.371196996065109 ], [ -127.711751637285786, 51.374791277322423 ], [ -127.716382996199201, 51.378726831153394 ], [ -127.713234063794474, 51.38033789862498 ], [ -127.703545430445274, 51.379440762694578 ], [ -127.700608014400217, 51.375594435581192 ], [ -127.686687972287046, 51.375996756869824 ], [ -127.688441067796674, 51.371969791894351 ], [ -127.685222434303782, 51.366466311690104 ], [ -127.679477404313886, 51.363928764024578 ], [ -127.673583131708341, 51.364590562552728 ], [ -127.668724437327327, 51.359146964732496 ], [ -127.655604888345565, 51.362892882436761 ], [ -127.651963024730676, 51.356304495865714 ], [ -127.645865711277764, 51.358730090634225 ], [ -127.639717922566348, 51.35804237115974 ], [ -127.635323992027963, 51.360904838254825 ], [ -127.630968859073832, 51.358111311940604 ], [ -127.624742471020966, 51.358193252151295 ], [ -127.6131145543808, 51.363539593505962 ], [ -127.602469732693109, 51.360571451822125 ], [ -127.585650432981993, 51.367492682989578 ], [ -127.558906802550666, 51.372139628945334 ], [ -127.534239913474053, 51.371877575656157 ], [ -127.516241118406327, 51.382433097925343 ], [ -127.503868371803136, 51.381685238755907 ], [ -127.493922346112612, 51.385529534578836 ], [ -127.485980471226313, 51.384776717995862 ], [ -127.483201460026621, 51.378997491902076 ], [ -127.474663376168579, 51.381233716069175 ], [ -127.472786729440813, 51.376739938207294 ], [ -127.46677727245762, 51.375546361903538 ], [ -127.460451677111422, 51.379644974331164 ], [ -127.436843126411674, 51.384107455355903 ], [ -127.436717158831698, 51.390474555930616 ], [ -127.425866545658735, 51.394904540867458 ], [ -127.41612579418296, 51.403073480071129 ], [ -127.398488648740809, 51.405432624118951 ], [ -127.380875599999314, 51.412348735855204 ], [ -127.379729872862157, 51.419671905938181 ], [ -127.384295430719703, 51.422620578078423 ], [ -127.366082162687349, 51.423666005340081 ], [ -127.360080238399576, 51.420827419172824 ], [ -127.34701351672588, 51.426468095739018 ], [ -127.337076610304919, 51.427310723915255 ], [ -127.33072399883406, 51.427157467680004 ], [ -127.323373211025597, 51.421656912198507 ], [ -127.326233151578222, 51.417390294951097 ], [ -127.336235510619503, 51.417199995315407 ], [ -127.33883451044322, 51.411760320273096 ], [ -127.336983152035117, 51.408092010829058 ], [ -127.332489408114853, 51.408297933151424 ], [ -127.324063640468523, 51.40278209437912 ], [ -127.329839174444302, 51.391934393195669 ], [ -127.336710631157985, 51.387863517632177 ], [ -127.329577979441964, 51.369812500195287 ], [ -127.333573522536938, 51.367396390702858 ], [ -127.334130517405825, 51.36313274853606 ], [ -127.311641594230665, 51.35943846194391 ], [ -127.305095606630232, 51.361667066835551 ], [ -127.288875222876072, 51.374716614768793 ], [ -127.285591384806906, 51.383898211107066 ], [ -127.269981221914122, 51.389684925448073 ], [ -127.254142480078329, 51.391931986355814 ], [ -127.242649211406601, 51.388774535473132 ], [ -127.220919086125221, 51.393167819767598 ], [ -127.210716508908533, 51.390503435880809 ], [ -127.203384581075284, 51.379937509552406 ], [ -127.203438898094788, 51.374105953527582 ], [ -127.196221221948164, 51.377878972660618 ], [ -127.190258519336538, 51.377859947377786 ], [ -127.19009897353861, 51.381904283467868 ], [ -127.184005183247336, 51.388087029745598 ], [ -127.171545372883983, 51.387686389688149 ], [ -127.165991849771387, 51.389982705775743 ], [ -127.163410906413503, 51.396643988432579 ], [ -127.151873200251799, 51.402557755292989 ], [ -127.150613712112317, 51.408473200905846 ], [ -127.136850804138362, 51.412760614199691 ], [ -127.136420262770912, 51.422403158736586 ], [ -127.120199760016874, 51.430237702799495 ], [ -127.122757543961555, 51.438030581763208 ], [ -127.133178483921085, 51.439357126595162 ], [ -127.130896075623582, 51.443765223886658 ], [ -127.136688908386219, 51.451742206738487 ], [ -127.149844528095272, 51.45244520695173 ], [ -127.15881091304604, 51.442802188728557 ], [ -127.166635490992434, 51.440020155728817 ], [ -127.17019647488344, 51.441569612743926 ], [ -127.179657927375601, 51.450510926078124 ], [ -127.176058322475001, 51.455161211651308 ], [ -127.178234863199222, 51.456972637271456 ], [ -127.173647561135596, 51.460102687411322 ], [ -127.178911669667997, 51.467091054588657 ], [ -127.186820015226814, 51.464812567297045 ], [ -127.197207470596098, 51.469379234123778 ], [ -127.187437314216709, 51.478660997787721 ], [ -127.189016310891304, 51.491150359062232 ], [ -127.186526519980745, 51.494760928663723 ], [ -127.169073385839937, 51.499923331113528 ], [ -127.168040293063697, 51.508717089414134 ], [ -127.172045077697007, 51.512433639707574 ], [ -127.17177409501484, 51.519200936720239 ], [ -127.168120756634082, 51.527624075134121 ], [ -127.15891093000505, 51.535420442534424 ], [ -127.163188053429792, 51.538778830663851 ], [ -127.16397002781072, 51.544469468193611 ], [ -127.159316567064266, 51.550381684103122 ], [ -127.148033430595873, 51.555437844329198 ], [ -127.129264903645904, 51.551935648092602 ], [ -127.121391248723768, 51.539627637721672 ], [ -127.11458772944917, 51.535714533434486 ], [ -127.113748909163789, 51.531240629696718 ], [ -127.102902124060336, 51.523367850773397 ], [ -127.103649735433692, 51.516824193423695 ], [ -127.100624818079609, 51.513313007565181 ], [ -127.093149852920789, 51.515260048621705 ], [ -127.08670959971839, 51.522079628356344 ], [ -127.079416392967957, 51.523236400700753 ], [ -127.072742595349297, 51.534332980647079 ], [ -127.053932689125247, 51.540322370025059 ], [ -127.045078845680621, 51.550323062317545 ], [ -127.028258992559643, 51.554349116913009 ], [ -127.017251012808615, 51.5499539055726 ], [ -126.999077942466855, 51.549589360798905 ], [ -126.991570592506392, 51.546577335242432 ], [ -126.984939654784426, 51.547470815328715 ], [ -126.974990347426257, 51.55422401606252 ], [ -126.970399923830499, 51.553320332168596 ], [ -126.964585971861766, 51.556023389380535 ], [ -126.956148827576357, 51.551361228118537 ], [ -126.949905615434659, 51.553545482608996 ], [ -126.940239561467109, 51.547179993546266 ], [ -126.918521666980993, 51.542983566073119 ], [ -126.915545640578969, 51.528577865143482 ], [ -126.909197843791418, 51.526987008695379 ], [ -126.909728396595995, 51.520440542999339 ], [ -126.899333408973249, 51.513063338925008 ], [ -126.902000264254951, 51.501761831271125 ], [ -126.884538342016498, 51.496115162887442 ], [ -126.880022775837872, 51.497175729123072 ], [ -126.865121984561256, 51.494773966441777 ], [ -126.854693430768862, 51.481840303801377 ], [ -126.836770473462607, 51.475260667145427 ], [ -126.827317720779547, 51.461137355118744 ], [ -126.831517376450591, 51.449685805945094 ], [ -126.823643762511836, 51.444251816175125 ], [ -126.816072259061428, 51.443985060222538 ], [ -126.801593230059893, 51.438920902964 ], [ -126.791410120485651, 51.440312241897452 ], [ -126.786623850729839, 51.44346852579995 ], [ -126.784253712896529, 51.450213682025556 ], [ -126.771621969528155, 51.44842432883074 ], [ -126.763362229447978, 51.45094099169831 ], [ -126.756596418285383, 51.446261037630372 ], [ -126.754354001120205, 51.436820032329656 ], [ -126.749477046830535, 51.433093149560698 ], [ -126.739149705544548, 51.431473387170463 ], [ -126.731525972009351, 51.43376324604435 ], [ -126.720574831186937, 51.45344411773052 ], [ -126.707298258001416, 51.456125980923588 ], [ -126.707310253665597, 51.461311403437271 ], [ -126.711982990085076, 51.463866907734435 ], [ -126.712837022521185, 51.467709765632435 ], [ -126.707124528954111, 51.475735157999239 ], [ -126.699649677503174, 51.478828315535608 ], [ -126.692092555252444, 51.47167790620292 ], [ -126.68268734755992, 51.46824171687534 ], [ -126.674842166688975, 51.459983256974304 ], [ -126.67564824949136, 51.457436118779782 ], [ -126.660813433919429, 51.447347059748147 ], [ -126.648560341914475, 51.447629442402565 ], [ -126.642068636865616, 51.444506165061846 ], [ -126.622606557851213, 51.442342192182267 ], [ -126.610914334045276, 51.419584490186793 ], [ -126.60474816104707, 51.420321960849911 ], [ -126.600673417623071, 51.418475836056302 ], [ -126.594337936253538, 51.406582266693697 ], [ -126.589816073433312, 51.404762535173845 ], [ -126.567997049254558, 51.404050751919634 ], [ -126.568048128598306, 51.4076942451279 ], [ -126.559501949471553, 51.415062198355763 ], [ -126.550293347782898, 51.417072449977091 ], [ -126.540965977954627, 51.409907917186445 ], [ -126.537693556498425, 51.409906123437075 ], [ -126.522810482587147, 51.420398789148166 ], [ -126.509972283527176, 51.422470985036355 ], [ -126.505697434582373, 51.425332993403934 ], [ -126.495130660298017, 51.425467284462783 ], [ -126.493651206463781, 51.429600754056075 ], [ -126.48728992997232, 51.430452808723111 ], [ -126.487153411094354, 51.435036696082022 ], [ -126.479426356698738, 51.442440458504159 ], [ -126.478175545369837, 51.454603068517216 ], [ -126.467534611570841, 51.454652389960579 ], [ -126.463957194526458, 51.457381070621054 ], [ -126.454652343216878, 51.470400156369003 ], [ -126.452987671567996, 51.482442600936821 ], [ -126.44046045775832, 51.487676882163818 ], [ -126.426203845372328, 51.481077028972457 ], [ -126.427071066028915, 51.475594870853193 ], [ -126.423124282274387, 51.477904498588451 ], [ -126.417876948155438, 51.47399362226183 ], [ -126.391754208708321, 51.477156589788237 ], [ -126.371252844894016, 51.472591328584919 ], [ -126.366807735407448, 51.467173135729716 ], [ -126.368047915846944, 51.454384685969373 ], [ -126.365483733551628, 51.450666530256157 ], [ -126.354030750798998, 51.459676208927704 ], [ -126.34540368110838, 51.462732892337534 ], [ -126.336271605410943, 51.462381750440336 ], [ -126.334467781969281, 51.458005644104006 ], [ -126.324993558073658, 51.457286074304868 ], [ -126.304948885683601, 51.462004295783821 ], [ -126.299212560050947, 51.456496794300541 ], [ -126.288779982420735, 51.457548001283683 ], [ -126.282216190863267, 51.447919199694134 ], [ -126.278103074684395, 51.451085567601083 ], [ -126.27247639711355, 51.449957373167734 ], [ -126.266797487976902, 51.452063561047247 ], [ -126.250244951186517, 51.450196216312193 ], [ -126.239203962107723, 51.453937954822344 ], [ -126.215559961254542, 51.452749843180058 ], [ -126.210165816745601, 51.445470142000886 ], [ -126.194824620945496, 51.436700220776196 ], [ -126.185639344100139, 51.439133204414262 ], [ -126.177368404995107, 51.432794131990271 ], [ -126.170989954367215, 51.436660694111225 ], [ -126.165414729942611, 51.447831717368544 ], [ -126.142582504428816, 51.451492382771022 ], [ -126.117440297594015, 51.448750796010351 ], [ -126.105294092263023, 51.46108937212621 ], [ -126.105348133011375, 51.466881071558305 ], [ -126.097401202909566, 51.477506672538134 ], [ -126.104871717876861, 51.482712319326374 ], [ -126.107120032122438, 51.488761059495218 ], [ -126.103329295245828, 51.498327325580789 ], [ -126.113383945246326, 51.503171484805321 ], [ -126.114700933389955, 51.515927814484897 ], [ -126.112378522762569, 51.519393385858997 ], [ -126.099272345984247, 51.521353341186277 ], [ -126.093392623584208, 51.524857378268045 ], [ -126.083802336947642, 51.524511256808765 ], [ -126.081460861270045, 51.527304180865727 ], [ -126.087029676893849, 51.534407283210768 ], [ -126.077067689989562, 51.546377594469497 ], [ -126.078630311412454, 51.550780770410029 ], [ -126.055252180787718, 51.560134676829328 ], [ -126.051005817586926, 51.572875850228037 ], [ -126.062677956334753, 51.580782969583083 ], [ -126.04970461876411, 51.586620417499425 ], [ -126.05103252001075, 51.591553711693507 ], [ -126.056519885260315, 51.594253924677183 ], [ -126.045551633943106, 51.597091174706378 ], [ -126.030635866913656, 51.604944318502483 ], [ -126.021375993588379, 51.599447845875062 ], [ -126.015220578189712, 51.591225415224947 ], [ -126.003329324250657, 51.590555412691465 ], [ -125.987380124729825, 51.583379066307252 ], [ -125.980131939200604, 51.589371838749429 ], [ -125.980299815433625, 51.596099350643463 ], [ -125.962384396186522, 51.603564788937121 ], [ -125.959967353639087, 51.623017505086558 ], [ -125.942024044906475, 51.628924373898457 ], [ -125.939464343225453, 51.632869052848697 ], [ -125.942999046744873, 51.644052211808933 ], [ -125.947783061016111, 51.648539170309427 ], [ -125.954996190571194, 51.650566327323567 ], [ -125.949407397504075, 51.653192345511094 ], [ -125.948354918838916, 51.657173253602991 ], [ -125.951953341648661, 51.664476045876718 ], [ -125.958836763696112, 51.66929149505907 ], [ -125.938859592862997, 51.67557072322672 ], [ -125.94236455782243, 51.68522360892819 ], [ -125.952188869590401, 51.686202135819094 ], [ -125.95742334576839, 51.694477939322852 ], [ -125.989177122451792, 51.686145422352233 ], [ -125.995587230823745, 51.687457059781948 ], [ -125.994709125670383, 51.693442669240603 ], [ -126.000175243690904, 51.706011957970617 ], [ -125.998910686828324, 51.709623162876667 ], [ -125.993896537412709, 51.711634995213544 ], [ -126.001598055349575, 51.726978198895004 ], [ -125.999552024924412, 51.729927762913235 ], [ -125.984042180570341, 51.733657700278805 ], [ -125.982472171094301, 51.742025210075873 ], [ -125.976325380667888, 51.744511661684626 ], [ -125.96531895980246, 51.744367375061721 ], [ -125.956953075893878, 51.757309018623268 ], [ -125.947324681358708, 51.750828443959882 ], [ -125.937740869435657, 51.748289384511779 ], [ -125.928997811718432, 51.755140405601658 ], [ -125.935931878665102, 51.76308593612449 ], [ -125.934119093188883, 51.770865135229307 ], [ -125.942091768504298, 51.770779640488726 ], [ -125.949983455614316, 51.778043809478874 ], [ -125.956606424251277, 51.780308701108623 ], [ -125.973872790573239, 51.781260941612473 ], [ -125.973250216279908, 51.788328102820657 ], [ -125.976687236403762, 51.791847707464463 ], [ -125.953331738731379, 51.805365636043945 ], [ -125.95862299334155, 51.810786859437158 ], [ -125.958945853049727, 51.830247871908092 ], [ -125.954930772321688, 51.836395885050372 ], [ -125.946152264770163, 51.839065644721252 ], [ -125.936564460394834, 51.839059755173857 ], [ -125.938851248773943, 51.848752084490933 ], [ -125.936261038191546, 51.858035646378781 ], [ -125.933004339980485, 51.858881434801141 ], [ -125.935457451162122, 51.869707899563551 ], [ -125.932288045864681, 51.886043048852599 ], [ -125.941143743506373, 51.888112322447455 ], [ -125.946284118873507, 51.894920965979132 ], [ -125.969309242052219, 51.901725847030001 ], [ -125.976449958602061, 51.907493353614505 ], [ -125.99966377963392, 51.907007514183803 ], [ -126.00558017997237, 51.914193390156839 ], [ -126.002713689336204, 51.91792484481401 ], [ -126.005330962705898, 51.920338962497979 ], [ -126.002559323956604, 51.921986209560764 ], [ -126.003509916142121, 51.92768165767896 ], [ -126.01231547426886, 51.929492606156288 ], [ -126.01555532356241, 51.917408984710605 ], [ -126.02009618109966, 51.918339580234274 ], [ -126.019846268007257, 51.924305254593477 ], [ -126.029533020430065, 51.924766156249909 ], [ -126.036433096917847, 51.934401852947282 ], [ -126.038463330259589, 51.944661095942301 ], [ -126.03518038136113, 51.950964087190108 ], [ -126.037416531930603, 51.958548329271778 ], [ -126.032637649719533, 51.959048475760895 ], [ -126.041029644621233, 51.962482650836648 ], [ -126.046067518815988, 51.96778672805285 ], [ -126.064235793900409, 51.974519148260534 ], [ -126.067785956355053, 51.996408691532949 ], [ -126.081270420441086, 51.98443137486634 ], [ -126.092026130274462, 51.980543520944934 ], [ -126.125938558909496, 51.98618728891919 ], [ -126.127765695948071, 51.979616522802253 ], [ -126.133775286018917, 51.97813119024579 ], [ -126.13573442387208, 51.958842411642237 ], [ -126.144480941717092, 51.955448540167303 ], [ -126.149207042509474, 51.956338601436208 ], [ -126.156381221189037, 51.9629137127177 ], [ -126.174693982543914, 51.958552256057089 ], [ -126.183213858895968, 51.96622722961289 ], [ -126.188782496611708, 51.967901307989798 ], [ -126.192535679203118, 51.951758446354951 ], [ -126.19904611480861, 51.949718171642601 ], [ -126.196229553501695, 51.942842913517126 ], [ -126.203285866474843, 51.940060967188856 ], [ -126.223941040378691, 51.946072236167851 ], [ -126.235023582746322, 51.955407699898785 ], [ -126.300438835938095, 51.953221421618586 ], [ -126.306458636158709, 51.950895177661764 ], [ -126.317233140329463, 51.953749430117199 ], [ -126.322477163009438, 51.96002934363662 ], [ -126.327533153099296, 51.958865220495248 ], [ -126.368767322431751, 51.970003851615054 ], [ -126.379064503453861, 51.967958329338039 ], [ -126.381143516596069, 51.962518720826473 ], [ -126.371888859969374, 51.953489978260443 ], [ -126.37695236218741, 51.948477783997731 ], [ -126.388857248269431, 51.944523730294947 ], [ -126.407087805616285, 51.932586142083871 ], [ -126.426242166823371, 51.936129382346643 ], [ -126.439527803634292, 51.934389796304167 ], [ -126.440615340020472, 51.939734444148577 ], [ -126.446709862880709, 51.944524322284472 ], [ -126.456207315226919, 51.948925848262334 ], [ -126.46625882319502, 51.948410271985736 ], [ -126.476952563122651, 51.944314353556052 ], [ -126.479771035458583, 51.93790869416619 ], [ -126.476651434484182, 51.926321608150957 ], [ -126.468999207739614, 51.919906978531081 ], [ -126.482232713115536, 51.916036114588223 ], [ -126.479107916389538, 51.911850314665152 ], [ -126.486074877704766, 51.907916519152906 ], [ -126.498167182852271, 51.910098865087818 ], [ -126.498291737273647, 51.913466949507665 ], [ -126.507686534516338, 51.91963580149153 ], [ -126.523016968705335, 51.919348057416634 ], [ -126.531950594275131, 51.916480167409354 ], [ -126.540455312471394, 51.910028395146831 ], [ -126.554414080691885, 51.914312342324443 ], [ -126.564202491709949, 51.912132265778091 ], [ -126.570292674431144, 51.913526226526187 ], [ -126.574213133871382, 51.912285161117303 ], [ -126.575014416480244, 51.907400491720061 ], [ -126.587752054551501, 51.904128135064624 ], [ -126.584264981664901, 51.90083707453956 ], [ -126.589971428822352, 51.896619500535785 ], [ -126.590007902405659, 51.892951102292621 ], [ -126.602222477426622, 51.887939839136486 ], [ -126.60651789069712, 51.882865350870361 ], [ -126.622758550431115, 51.877466213058256 ], [ -126.63416525622911, 51.885475137656094 ], [ -126.634382813151916, 51.891846525974778 ], [ -126.642516738960566, 51.894632778128141 ], [ -126.644927107780532, 51.900052834220084 ], [ -126.671471184194374, 51.922263074335618 ], [ -126.677267858143821, 51.919571886413337 ], [ -126.708186756251791, 51.918083913654456 ], [ -126.713217676830823, 51.926652017043573 ], [ -126.708193634808367, 51.931428351523572 ], [ -126.722120518432547, 51.940511689661392 ], [ -126.723425330246371, 51.953531446623856 ], [ -126.727825032287271, 51.953157844998735 ], [ -126.733373010987961, 51.957428456189213 ], [ -126.746890845656822, 51.959252746675432 ], [ -126.753204859046861, 51.956990386565472 ], [ -126.78326147473804, 51.956071551341573 ], [ -126.791918435744435, 51.952911999395916 ], [ -126.803759820914934, 51.956430858624955 ], [ -126.808180024073948, 51.961462186650195 ], [ -126.813261692748512, 51.961134058002855 ], [ -126.813492005493245, 51.965373844680407 ], [ -126.819302678391736, 51.970627390554846 ], [ -126.817716337017657, 51.972511407286667 ], [ -126.825458586287397, 51.975595258828449 ], [ -126.834669247665275, 51.973013320727084 ], [ -126.842608476978171, 51.966669481632628 ], [ -126.866277537619041, 51.961274763624751 ], [ -126.869313784347284, 51.95754891062132 ], [ -126.885262081568797, 51.958564924805081 ], [ -126.889276452486399, 51.961415658604949 ], [ -126.887371283867537, 51.96973549629633 ], [ -126.883226063895648, 51.972736454425615 ], [ -126.89795138619715, 51.979780635466149 ], [ -126.898270421263163, 51.992975238467935 ], [ -126.905247295078382, 51.998949635430243 ], [ -126.91477358468407, 51.997902759770476 ], [ -126.92208027593027, 52.013453858251161 ], [ -126.931867425762576, 52.01737595554458 ], [ -126.94066002593712, 52.013159764126698 ], [ -126.955991798390713, 52.016016659452248 ] ] ] } },
{ "type": "Feature", "properties": { "NAME": "Skatin Nations", "SCALE": "1:250000" }, "geometry": { "type": "Polygon", "coordinates": [ [ [ -122.804889485533337, 50.067613001157703 ], [ -122.792054101026224, 50.040910078901561 ], [ -122.764479736926276, 50.033756630356031 ], [ -122.76268786523562, 50.023971981321083 ], [ -122.756461986185073, 50.021036023069513 ], [ -122.750358432519803, 50.021661630527014 ], [ -122.74510531237506, 50.017027275360945 ], [ -122.720608424693197, 50.024390966030055 ], [ -122.704460295305068, 50.020937729518486 ], [ -122.680517498504585, 50.023972733063829 ], [ -122.68103035273792, 50.00963762535617 ], [ -122.686604499539072, 50.002336140264894 ], [ -122.684796560626481, 49.993400120750508 ], [ -122.675608581645832, 49.981736434710498 ], [ -122.688949877881399, 49.977563726938172 ], [ -122.691042778942091, 49.969942307789559 ], [ -122.707625425919346, 49.960635888869845 ], [ -122.714456779423173, 49.949333776352113 ], [ -122.723975786680953, 49.952666663905617 ], [ -122.737445073280938, 49.953147639573388 ], [ -122.756397647206825, 49.944945852269676 ], [ -122.765085062266721, 49.945665315198568 ], [ -122.770449947003783, 49.942055908987435 ], [ -122.768135648934958, 49.931878906536191 ], [ -122.775815266043992, 49.929168769383239 ], [ -122.784793322887381, 49.931515266552921 ], [ -122.791375016303533, 49.936707931606001 ], [ -122.794672884122846, 49.928502141075263 ], [ -122.806480656682837, 49.917036872028909 ], [ -122.814445328612152, 49.916339347107424 ], [ -122.820082986478184, 49.918736186997741 ], [ -122.839979086187782, 49.917357755712437 ], [ -122.854299174830984, 49.923834452910214 ], [ -122.865165801406832, 49.904433632089571 ], [ -122.884065095514501, 49.893089875894745 ], [ -122.890637767964307, 49.892934365346477 ], [ -122.900306181447391, 49.897323265259217 ], [ -122.904503544147033, 49.905151760463127 ], [ -122.911746055094355, 49.91034265449241 ], [ -122.929538807730836, 49.916385433408422 ], [ -122.932668559355051, 49.915433908831808 ], [ -122.940536972385246, 49.909547015195919 ], [ -122.948833373576448, 49.908233322978987 ], [ -122.952140330570515, 49.901448608731627 ], [ -122.963865935425943, 49.898651158968612 ], [ -122.966826216665169, 49.885187692513199 ], [ -122.978188555591856, 49.878642581634885 ], [ -122.992959423234026, 49.860961711196445 ], [ -123.004756574360982, 49.85165724701973 ], [ -122.993222300520074, 49.852857883901216 ], [ -122.984244141601621, 49.851256028426505 ], [ -122.958409176637147, 49.833584834129702 ], [ -122.936391106565495, 49.830318899900909 ], [ -122.916490601855045, 49.831372098128703 ], [ -122.901895940552635, 49.822892507578828 ], [ -122.878826941106894, 49.826769729191469 ], [ -122.868831425083272, 49.819608354209784 ], [ -122.880486418993854, 49.803943805132072 ], [ -122.887561999835398, 49.800447580326171 ], [ -122.885754235994554, 49.796749125897179 ], [ -122.879314079243215, 49.787258022973354 ], [ -122.874725321056275, 49.786074888280886 ], [ -122.874398326188583, 49.779229799260762 ], [ -122.866351947425855, 49.775519600621614 ], [ -122.858784802664999, 49.778618192604924 ], [ -122.851370344416537, 49.775334956143119 ], [ -122.859794535503397, 49.766539923079904 ], [ -122.85964393532376, 49.759182298338757 ], [ -122.845145044682297, 49.746886411325143 ], [ -122.854221817664722, 49.741348607642543 ], [ -122.848579161380243, 49.740909636316132 ], [ -122.835761715979672, 49.733134444441831 ], [ -122.829570937938556, 49.727935686654426 ], [ -122.826510323389243, 49.717906781320991 ], [ -122.8183712829169, 49.713212665986852 ], [ -122.809645620141282, 49.71174154469977 ], [ -122.806372010204413, 49.708394656796195 ], [ -122.809729132587805, 49.700237690741929 ], [ -122.815605394215197, 49.697157573380906 ], [ -122.811921776373637, 49.690729549466809 ], [ -122.820533402282777, 49.688984781053804 ], [ -122.825185360685339, 49.683401783216667 ], [ -122.840692491473433, 49.679133748398755 ], [ -122.853846332055213, 49.667341228687143 ], [ -122.844932922197003, 49.660286876734496 ], [ -122.827809529135962, 49.656588389006217 ], [ -122.821336761090606, 49.646387696634918 ], [ -122.823492018812971, 49.639334724564833 ], [ -122.818759002891042, 49.635185387189971 ], [ -122.813782579403593, 49.634592838969482 ], [ -122.819202652631418, 49.628624494612936 ], [ -122.803840000796114, 49.624367504291882 ], [ -122.807531500473232, 49.618693577135197 ], [ -122.820766483289702, 49.612234171153574 ], [ -122.847509586049881, 49.614309778064332 ], [ -122.849240652000347, 49.606090919689414 ], [ -122.841674509741594, 49.605307277404066 ], [ -122.825562639084865, 49.596419859757759 ], [ -122.831441019626155, 49.59194471409289 ], [ -122.814938880895355, 49.579650726279418 ], [ -122.811847528057342, 49.572247583069526 ], [ -122.801991201253031, 49.568493828194832 ], [ -122.79632605958497, 49.572859934957464 ], [ -122.784001815784961, 49.574461139675563 ], [ -122.779011286372082, 49.570507528892108 ], [ -122.779341903582065, 49.56456713395302 ], [ -122.764593418752284, 49.559698900031393 ], [ -122.754005250329044, 49.559384548644665 ], [ -122.743113055732948, 49.56334555939182 ], [ -122.727990300668566, 49.565037995105207 ], [ -122.714504987818216, 49.559149929891127 ], [ -122.694372075410172, 49.559251423031377 ], [ -122.680110175208412, 49.554054380965404 ], [ -122.652841221057244, 49.526528167640883 ], [ -122.629648921022209, 49.518657742670335 ], [ -122.600732775652688, 49.50488040477844 ], [ -122.597772678789937, 49.496558893992272 ], [ -122.588532395956904, 49.491799588822623 ], [ -122.5842965054606, 49.484071327097588 ], [ -122.575081441086596, 49.479212080415444 ], [ -122.568115348820939, 49.478795004009584 ], [ -122.563484217793572, 49.474869331707346 ], [ -122.552214592584065, 49.475316476826869 ], [ -122.539872913239876, 49.470271363284006 ], [ -122.537855786405686, 49.465437542164281 ], [ -122.541672244471741, 49.461503951503083 ], [ -122.512527958889507, 49.459815173747337 ], [ -122.5052718339698, 49.46548715880725 ], [ -122.463989030869911, 49.470178475736041 ], [ -122.43500807890743, 49.460667802520391 ], [ -122.430097967096501, 49.476951559644199 ], [ -122.415658963066392, 49.484102453954755 ], [ -122.395812116413637, 49.485592598492232 ], [ -122.385148792949195, 49.477130637678165 ], [ -122.364865834507043, 49.47025683517402 ], [ -122.364054551054934, 49.457358078955039 ], [ -122.358965964882884, 49.452418722993201 ], [ -122.358158665801525, 49.435917401582351 ], [ -122.352864157180804, 49.426465601361102 ], [ -122.347490516631211, 49.423134225070292 ], [ -122.333072058151842, 49.421167503205474 ], [ -122.328786646810102, 49.417607651572311 ], [ -122.311891918493089, 49.412093317883752 ], [ -122.29531141910239, 49.410108989483192 ], [ -122.269801712251891, 49.401702206983131 ], [ -122.260767362771091, 49.402350913852842 ], [ -122.241074126588927, 49.409734236359135 ], [ -122.224188796497074, 49.41135822777877 ], [ -122.203367194552641, 49.418250815584273 ], [ -122.179659812183758, 49.4203608145625 ], [ -122.170731573778141, 49.418016870354151 ], [ -122.151353053893402, 49.431535331024818 ], [ -122.149276706939361, 49.4356623133243 ], [ -122.139159974828701, 49.439977048586691 ], [ -122.136688034749099, 49.446471058887255 ], [ -122.145744616502967, 49.453194660366819 ], [ -122.142516809170047, 49.463820916748837 ], [ -122.146521364794864, 49.46914861558686 ], [ -122.135864399489066, 49.476301494562364 ], [ -122.135581511387286, 49.482667857252288 ], [ -122.121949362530017, 49.48862332586215 ], [ -122.127464674120759, 49.496441243026119 ], [ -122.133592429205748, 49.499837936535833 ], [ -122.132308691768714, 49.513613127808874 ], [ -122.119406538671015, 49.51856631919447 ], [ -122.110244593068117, 49.53146696007822 ], [ -122.088325658595295, 49.538514779798177 ], [ -122.073921262346317, 49.54045123812179 ], [ -122.07292917512774, 49.547180511148888 ], [ -122.083702923069794, 49.555154884540585 ], [ -122.07575860153392, 49.567752058839375 ], [ -122.073372007602018, 49.579534288749507 ], [ -122.040568305536496, 49.579284982995141 ], [ -122.027223496683916, 49.576888875321757 ], [ -122.019563570565396, 49.572317778050511 ], [ -122.013830176650501, 49.566624741420796 ], [ -122.010942860941825, 49.557699598641811 ], [ -121.995388255744302, 49.547113450712011 ], [ -121.993366087684535, 49.532497008730751 ], [ -121.983365955496552, 49.517104551293535 ], [ -121.98519911760205, 49.500245951118686 ], [ -121.982635947072069, 49.496099203839712 ], [ -121.970795256672801, 49.485168888145189 ], [ -121.961571849204233, 49.481965156140454 ], [ -121.949935781151908, 49.481288916469339 ], [ -121.942261280567521, 49.489588924307178 ], [ -121.924435931618973, 49.492734743818353 ], [ -121.905230584924382, 49.49081851646968 ], [ -121.895626598093742, 49.49366412261022 ], [ -121.841022378926453, 49.489329457453316 ], [ -121.76866785359519, 49.532788457457045 ], [ -121.766837477004415, 49.536771785109728 ], [ -121.777548762069756, 49.563654804408756 ], [ -121.772940971280775, 49.573968334675747 ], [ -121.776143868819759, 49.586968591411242 ], [ -121.751996286284992, 49.590556086886394 ], [ -121.730972094550879, 49.607854276930652 ], [ -121.718654212134453, 49.602362027201146 ], [ -121.705461368873785, 49.602318659808049 ], [ -121.691639955465291, 49.605109119093399 ], [ -121.681430165439366, 49.612337707041924 ], [ -121.679202739376336, 49.621572697033294 ], [ -121.681319603682269, 49.630124109177615 ], [ -121.685322117965868, 49.632841153136155 ], [ -121.676502677158794, 49.647447478492907 ], [ -121.689257005968557, 49.656052360622532 ], [ -121.698463571856266, 49.657136677363169 ], [ -121.70270164292377, 49.668504389637853 ], [ -121.685038537245973, 49.688930526910369 ], [ -121.689712816463498, 49.69372833013054 ], [ -121.69565738225414, 49.695463996766883 ], [ -121.70156215959787, 49.702838709186601 ], [ -121.68252713792883, 49.714928736829279 ], [ -121.681322561355358, 49.719133627852841 ], [ -121.687690420286756, 49.722511572252053 ], [ -121.709631051753121, 49.722996458025101 ], [ -121.72971406042123, 49.730747143901731 ], [ -121.732441692290337, 49.735508306198575 ], [ -121.723381429578637, 49.740553844515958 ], [ -121.714193813141733, 49.742206212359065 ], [ -121.709562408758615, 49.748086796877246 ], [ -121.715302648726706, 49.763054994111002 ], [ -121.712911410313225, 49.770341217364631 ], [ -121.705055414333231, 49.773491797275511 ], [ -121.707705999138966, 49.778306616422782 ], [ -121.705655199432158, 49.787863154684381 ], [ -121.709112356718322, 49.790330307798662 ], [ -121.722290506967909, 49.792045961527307 ], [ -121.730542810450942, 49.79855441230572 ], [ -121.730871634687034, 49.813516237835543 ], [ -121.713170333854279, 49.821416269828511 ], [ -121.726580384346619, 49.834615696529376 ], [ -121.724110213550134, 49.841289565773693 ], [ -121.727285554459471, 49.84798053034703 ], [ -121.758293263732313, 49.851568419624044 ], [ -121.756260624169201, 49.864197575645484 ], [ -121.760394324393801, 49.871531987515993 ], [ -121.77190489993869, 49.870966412381605 ], [ -121.77976610329759, 49.862198734696619 ], [ -121.778630320485476, 49.854473888785336 ], [ -121.78441465600028, 49.851822814808301 ], [ -121.787053910051611, 49.844717723203708 ], [ -121.793681721642727, 49.840941687489376 ], [ -121.804447420796123, 49.84429129969017 ], [ -121.812304482204596, 49.853258754087953 ], [ -121.820201335272913, 49.854783031587452 ], [ -121.83053170986318, 49.849999151385269 ], [ -121.83855092015105, 49.852913078394678 ], [ -121.847926074975746, 49.862361000294882 ], [ -121.866740879869496, 49.863504382362265 ], [ -121.875607716718108, 49.870143256219542 ], [ -121.904929025088421, 49.872744524310946 ], [ -121.927903010581446, 49.867427627492496 ], [ -121.932214162550139, 49.860132379612864 ], [ -121.94334524577819, 49.855174951332749 ], [ -121.962183703014588, 49.859406168043357 ], [ -121.966196445135566, 49.857548676817096 ], [ -121.973211348268947, 49.848877341198062 ], [ -121.966133195881866, 49.838709058532281 ], [ -121.970420765203443, 49.835527174028535 ], [ -121.986699023120366, 49.83191090725014 ], [ -121.992936543427035, 49.824958515220828 ], [ -121.993289009882545, 49.818651891885615 ], [ -122.006364165086609, 49.820014974444113 ], [ -122.018408139959419, 49.816079052030673 ], [ -122.030959858198912, 49.816940224148098 ], [ -122.040183987566763, 49.818393149472527 ], [ -122.050462154496543, 49.830256156217636 ], [ -122.064370445961544, 49.833004657312479 ], [ -122.06934453077973, 49.83136272898998 ], [ -122.085901392473005, 49.840803795597417 ], [ -122.092397998240273, 49.841133675530571 ], [ -122.098573071911801, 49.844829125684399 ], [ -122.098527026625177, 49.84735171936844 ], [ -122.106053386138171, 49.848417387627677 ], [ -122.108211048791929, 49.853763229676133 ], [ -122.132614877216838, 49.87647046842217 ], [ -122.135502332234907, 49.884928793451671 ], [ -122.144890690840839, 49.889122345840576 ], [ -122.153438623683911, 49.901754720535571 ], [ -122.164227284504079, 49.910467570597611 ], [ -122.170348187880563, 49.913178348536626 ], [ -122.184885804666223, 49.908653852278647 ], [ -122.228145122159987, 49.916266742778753 ], [ -122.228568746582198, 49.92190899902527 ], [ -122.235799013152089, 49.926863262892553 ], [ -122.239069016148605, 49.940011933539218 ], [ -122.243597205054868, 49.945033375757667 ], [ -122.25739099322908, 49.952412358384827 ], [ -122.271554329084864, 49.967108815655571 ], [ -122.269913831732367, 49.971105430177964 ], [ -122.251925828773395, 49.977313771387152 ], [ -122.243652170609806, 49.986793995741714 ], [ -122.253075785498567, 49.990362785069038 ], [ -122.259615020195127, 50.004970784383467 ], [ -122.254898806853888, 50.009671530286241 ], [ -122.258293759732879, 50.016411921445851 ], [ -122.253502797350848, 50.025573223826314 ], [ -122.257659384939998, 50.043763534687699 ], [ -122.273841962820384, 50.050242732244548 ], [ -122.289214227686315, 50.053000140723512 ], [ -122.291366084604206, 50.059655431073381 ], [ -122.27955532778104, 50.072313838713406 ], [ -122.280112786689699, 50.082507563989729 ], [ -122.271027869849434, 50.087141268260936 ], [ -122.244011376198799, 50.094339107569681 ], [ -122.237816686794545, 50.106746351961498 ], [ -122.230247721015658, 50.109677940009846 ], [ -122.221876860663414, 50.119259237375374 ], [ -122.228858664886573, 50.126829300264625 ], [ -122.258760933327679, 50.123188085130579 ], [ -122.276602905871357, 50.138194631817136 ], [ -122.276497421756986, 50.141535232113021 ], [ -122.271922509257465, 50.14340436655344 ], [ -122.27284399660202, 50.146261224081229 ], [ -122.291709252769152, 50.155187374878665 ], [ -122.290121556255144, 50.160722439441685 ], [ -122.297800305308314, 50.172398247950738 ], [ -122.305322887062786, 50.174152321012748 ], [ -122.314377158179624, 50.172708632053109 ], [ -122.317565293654269, 50.186681422503376 ], [ -122.301719166596726, 50.192963913387807 ], [ -122.299542002422072, 50.200172882737085 ], [ -122.279431590381904, 50.202550188667416 ], [ -122.277924686283001, 50.21344138942856 ], [ -122.269570147978143, 50.218106441585029 ], [ -122.268657306000748, 50.222975361944385 ], [ -122.289373219817591, 50.223800924318816 ], [ -122.302665504229552, 50.229219288072294 ], [ -122.349283155861798, 50.229543655854705 ], [ -122.361953078937233, 50.233890463727654 ], [ -122.397919527463458, 50.233479793455011 ], [ -122.450371006518282, 50.228190559092319 ], [ -122.476529365598424, 50.219974115153221 ], [ -122.508083023773011, 50.218430145747099 ], [ -122.524316772213012, 50.212332505358553 ], [ -122.537478830891828, 50.198746568091615 ], [ -122.562122677476367, 50.201463751831099 ], [ -122.579932718102299, 50.214462555804602 ], [ -122.589006500805255, 50.214742333872088 ], [ -122.597795810080115, 50.210734890496312 ], [ -122.599558222999946, 50.203402061846603 ], [ -122.595826109289249, 50.188508915716469 ], [ -122.598360854429416, 50.187033729055031 ], [ -122.664000794963968, 50.192539458240539 ], [ -122.676376988472981, 50.189022048153063 ], [ -122.686957742493675, 50.176900426714639 ], [ -122.695159937744251, 50.155759789045788 ], [ -122.706850508237537, 50.144830887716189 ], [ -122.735294290858249, 50.144899199153571 ], [ -122.748771285677591, 50.151130384379904 ], [ -122.761894731870171, 50.153851680910648 ], [ -122.7723874049111, 50.151048654700254 ], [ -122.779473626833209, 50.136478811548265 ], [ -122.781450098400953, 50.117096266619924 ], [ -122.808467820259779, 50.094160066756942 ], [ -122.803963246617116, 50.080810058684563 ], [ -122.804889485533337, 50.067613001157703 ] ] ] } }
]
}
